RNA,protein,label
0,0,1
1,0,1
2,0,1
2,72,1
2,73,1
2,108,1
2,113,1
2,114,1
3,0,1
3,74,1
4,0,1
5,0,1
5,74,1
6,0,1
6,72,1
6,78,1
6,108,1
7,0,1
8,0,1
9,0,1
10,0,1
10,74,1
11,0,1
12,0,1
13,0,1
14,0,1
14,1,1
14,2,1
14,72,1
14,108,1
15,3,1
15,4,1
15,26,1
15,72,1
15,73,1
15,108,1
15,113,1
15,114,1
15,115,1
15,116,1
16,0,1
16,6,1
16,49,1
16,72,1
16,76,1
16,77,1
16,78,1
16,79,1
16,82,1
16,87,1
16,88,1
16,89,1
16,90,1
16,91,1
16,92,1
16,93,1
16,96,1
16,97,1
16,98,1
16,99,1
16,100,1
16,101,1
16,103,1
16,104,1
16,105,1
16,106,1
16,107,1
16,108,1
16,109,1
16,111,1
16,115,1
16,116,1
17,5,1
17,6,1
17,23,1
17,51,1
17,52,1
17,53,1
17,61,1
17,72,1
17,78,1
17,88,1
17,105,1
17,108,1
17,113,1
18,7,1
19,4,1
19,7,1
19,8,1
19,9,1
19,59,1
19,60,1
19,72,1
19,74,1
19,77,1
19,90,1
19,99,1
19,115,1
19,116,1
20,10,1
20,11,1
20,12,1
20,72,1
21,0,1
21,6,1
21,7,1
21,13,1
21,14,1
21,15,1
21,20,1
21,21,1
21,27,1
21,28,1
21,29,1
21,30,1
21,31,1
21,32,1
21,33,1
21,34,1
21,35,1
21,36,1
21,37,1
21,38,1
21,57,1
21,72,1
21,74,1
21,76,1
21,77,1
21,78,1
21,79,1
21,82,1
21,85,1
21,86,1
21,87,1
21,88,1
21,89,1
21,90,1
21,91,1
21,92,1
21,93,1
21,94,1
21,95,1
21,96,1
21,97,1
21,98,1
21,99,1
21,100,1
21,101,1
21,105,1
21,106,1
21,107,1
21,108,1
21,109,1
21,110,1
21,111,1
21,115,1
21,116,1
22,16,1
22,54,1
22,55,1
22,56,1
22,72,1
22,73,1
22,108,1
22,113,1
22,114,1
22,116,1
23,0,1
23,6,1
23,13,1
23,15,1
23,17,1
23,18,1
23,19,1
23,72,1
23,74,1
23,76,1
23,77,1
23,78,1
23,79,1
23,82,1
23,86,1
23,87,1
23,88,1
23,89,1
23,90,1
23,91,1
23,93,1
23,96,1
23,97,1
23,99,1
23,100,1
23,101,1
23,105,1
23,106,1
23,108,1
23,109,1
23,110,1
23,111,1
23,114,1
23,115,1
23,116,1
24,0,1
24,72,1
24,73,1
24,74,1
24,76,1
24,78,1
24,82,1
24,86,1
24,87,1
24,89,1
24,90,1
24,95,1
24,96,1
24,101,1
24,105,1
24,108,1
24,109,1
24,110,1
24,111,1
24,113,1
24,114,1
24,115,1
24,116,1
25,0,1
25,72,1
25,74,1
25,77,1
25,78,1
25,79,1
25,82,1
25,108,1
25,111,1
25,115,1
25,116,1
26,0,1
26,72,1
26,76,1
26,108,1
26,113,1
26,116,1
27,0,1
27,72,1
27,73,1
27,74,1
27,83,1
27,108,1
27,114,1
27,116,1
28,0,1
28,72,1
28,83,1
28,108,1
28,111,1
28,115,1
28,116,1
29,0,1
29,72,1
29,76,1
29,77,1
29,79,1
29,80,1
29,82,1
29,108,1
29,111,1
29,113,1
29,114,1
29,115,1
29,116,1
30,22,1
30,72,1
30,73,1
30,78,1
30,86,1
30,87,1
30,88,1
30,89,1
30,108,1
30,113,1
30,114,1
30,116,1
31,6,1
31,24,1
31,48,1
31,72,1
31,74,1
31,77,1
31,79,1
31,82,1
31,108,1
31,114,1
31,115,1
31,116,1
32,25,1
32,37,1
32,38,1
32,53,1
32,58,1
32,61,1
32,63,1
32,64,1
32,65,1
32,66,1
32,67,1
32,68,1
32,69,1
32,70,1
32,71,1
32,72,1
32,73,1
32,108,1
32,111,1
33,39,1
33,72,1
33,87,1
33,90,1
33,91,1
33,96,1
33,97,1
33,100,1
33,103,1
33,104,1
33,105,1
33,108,1
33,109,1
33,110,1
33,111,1
33,113,1
33,115,1
33,116,1
34,40,1
34,72,1
34,108,1
34,113,1
35,41,1
35,72,1
35,73,1
35,77,1
35,99,1
35,100,1
35,103,1
35,108,1
35,111,1
35,113,1
35,114,1
35,115,1
35,116,1
36,42,1
36,43,1
37,44,1
37,45,1
37,46,1
37,47,1
37,72,1
37,108,1
37,114,1
38,50,1
39,6,1
39,53,1
39,72,1
39,80,1
39,82,1
39,87,1
39,90,1
39,91,1
39,92,1
39,93,1
39,96,1
39,97,1
39,98,1
39,99,1
39,100,1
39,101,1
39,104,1
39,108,1
39,110,1
39,113,1
39,115,1
39,116,1
40,62,1
40,72,1
40,73,1
40,82,1
40,90,1
40,108,1
40,111,1
40,113,1
40,114,1
40,115,1
40,116,1
41,72,1
41,108,1
41,115,1
42,72,1
42,108,1
42,113,1
43,72,1
43,87,1
43,90,1
43,91,1
43,96,1
43,97,1
43,100,1
43,108,1
43,109,1
43,114,1
43,115,1
43,116,1
44,72,1
44,108,1
45,72,1
45,73,1
45,108,1
45,114,1
46,72,1
46,108,1
47,72,1
47,108,1
47,114,1
48,72,1
48,86,1
48,90,1
48,91,1
48,106,1
48,108,1
48,109,1
48,115,1
48,116,1
49,72,1
49,108,1
49,113,1
49,114,1
50,72,1
50,108,1
50,115,1
51,72,1
51,108,1
51,113,1
51,114,1
51,116,1
52,72,1
52,108,1
53,72,1
54,72,1
54,113,1
54,114,1
54,115,1
55,72,1
55,113,1
55,114,1
56,74,1
56,75,1
57,72,1
57,113,1
57,114,1
58,72,1
58,108,1
58,114,1
59,72,1
59,108,1
59,114,1
59,116,1
60,72,1
60,116,1
61,72,1
61,76,1
61,108,1
61,111,1
61,112,1
61,113,1
61,114,1
61,116,1
62,72,1
62,108,1
62,115,1
63,72,1
63,108,1
64,75,1
65,72,1
65,108,1
66,72,1
67,72,1
68,72,1
68,108,1
68,113,1
68,114,1
69,72,1
69,113,1
70,72,1
70,108,1
71,72,1
71,108,1
71,113,1
72,72,1
72,108,1
73,72,1
73,108,1
74,72,1
74,87,1
74,108,1
75,72,1
75,108,1
75,113,1
76,72,1
76,77,1
76,108,1
76,115,1
77,72,1
77,113,1
78,72,1
78,108,1
79,72,1
79,115,1
79,116,1
80,72,1
80,96,1
80,108,1
80,111,1
80,113,1
80,114,1
81,74,1
82,72,1
82,108,1
83,72,1
83,108,1
83,114,1
83,116,1
84,72,1
84,90,1
84,91,1
84,97,1
84,99,1
84,101,1
84,108,1
84,115,1
84,116,1
85,72,1
85,90,1
85,91,1
85,101,1
85,108,1
85,115,1
86,72,1
87,72,1
88,72,1
88,114,1
89,72,1
89,114,1
90,72,1
91,72,1
91,73,1
92,72,1
93,72,1
93,111,1
93,114,1
93,115,1
94,72,1
94,108,1
94,111,1
94,113,1
94,114,1
94,116,1
95,72,1
95,108,1
96,72,1
96,108,1
96,114,1
96,115,1
96,116,1
97,72,1
97,108,1
97,113,1
97,114,1
97,116,1
98,72,1
98,87,1
98,90,1
98,91,1
98,96,1
98,97,1
98,100,1
98,108,1
98,113,1
98,114,1
98,115,1
98,116,1
99,72,1
99,87,1
99,90,1
99,96,1
99,100,1
99,103,1
99,108,1
99,113,1
99,114,1
99,115,1
99,116,1
100,74,1
101,74,1
102,72,1
102,115,1
102,116,1
103,72,1
103,108,1
104,72,1
104,108,1
104,111,1
104,113,1
104,114,1
105,72,1
106,72,1
106,108,1
106,113,1
106,114,1
107,7,1
107,72,1
107,103,1
107,108,1
107,113,1
107,114,1
107,116,1
108,6,1
108,72,1
108,88,1
108,90,1
108,91,1
108,96,1
108,97,1
108,100,1
108,101,1
108,105,1
108,108,1
108,114,1
108,116,1
109,72,1
110,72,1
110,108,1
110,114,1
111,78,1
112,72,1
112,87,1
112,89,1
112,108,1
112,113,1
112,114,1
113,72,1
114,72,1
114,108,1
115,72,1
115,108,1
116,6,1
116,72,1
116,79,1
116,90,1
116,96,1
116,100,1
116,108,1
116,109,1
116,111,1
116,113,1
116,114,1
116,115,1
116,116,1
117,72,1
117,108,1
117,114,1
117,115,1
117,116,1
118,72,1
118,73,1
118,90,1
118,108,1
118,115,1
119,72,1
119,89,1
119,108,1
119,113,1
119,114,1
119,115,1
119,116,1
120,72,1
121,72,1
121,90,1
121,108,1
122,72,1
122,108,1
123,72,1
123,108,1
123,111,1
123,113,1
123,114,1
124,72,1
125,72,1
126,72,1
126,113,1
127,72,1
127,90,1
127,100,1
127,103,1
127,108,1
127,111,1
127,115,1
127,116,1
128,72,1
129,72,1
129,108,1
130,72,1
131,72,1
131,108,1
131,113,1
131,114,1
132,72,1
132,87,1
132,108,1
132,111,1
132,113,1
132,114,1
132,116,1
133,72,1
134,72,1
135,72,1
135,108,1
135,112,1
135,114,1
136,72,1
136,114,1
137,72,1
137,108,1
138,72,1
138,105,1
138,108,1
139,72,1
139,108,1
139,111,1
140,72,1
140,108,1
140,114,1
141,72,1
141,108,1
141,113,1
142,72,1
142,108,1
143,72,1
143,108,1
143,113,1
144,72,1
144,108,1
145,72,1
145,108,1
145,113,1
145,115,1
145,116,1
146,72,1
146,108,1
147,72,1
147,91,1
147,111,1
148,72,1
148,108,1
149,72,1
150,75,1
151,72,1
151,87,1
151,96,1
151,108,1
151,109,1
151,111,1
151,115,1
152,72,1
152,80,1
152,108,1
152,111,1
152,112,1
152,113,1
152,114,1
152,115,1
153,72,1
153,87,1
153,88,1
153,90,1
153,91,1
153,96,1
153,100,1
153,101,1
153,108,1
153,109,1
153,111,1
153,113,1
153,115,1
153,116,1
154,72,1
154,108,1
154,113,1
154,114,1
155,72,1
156,72,1
156,108,1
157,6,1
157,81,1
157,108,1
158,72,1
158,73,1
158,108,1
158,113,1
158,114,1
159,72,1
159,79,1
159,114,1
160,72,1
160,81,1
160,108,1
161,72,1
161,108,1
161,113,1
162,72,1
162,108,1
162,113,1
162,114,1
163,72,1
163,108,1
163,115,1
163,116,1
164,72,1
165,72,1
165,108,1
165,113,1
165,114,1
166,72,1
166,108,1
167,72,1
167,108,1
167,113,1
168,72,1
169,72,1
169,108,1
169,116,1
170,74,1
171,72,1
171,74,1
171,87,1
171,88,1
171,90,1
171,91,1
171,96,1
171,108,1
171,114,1
171,115,1
171,116,1
172,72,1
173,72,1
173,108,1
173,113,1
174,72,1
175,72,1
175,113,1
176,72,1
176,108,1
176,114,1
177,72,1
177,96,1
177,115,1
178,76,1
179,72,1
179,108,1
180,72,1
180,81,1
180,108,1
180,114,1
181,72,1
182,72,1
183,72,1
183,91,1
183,116,1
184,72,1
184,114,1
185,72,1
185,108,1
185,113,1
185,114,1
185,115,1
186,72,1
186,108,1
187,72,1
187,108,1
188,72,1
188,108,1
189,72,1
189,108,1
189,113,1
189,114,1
189,115,1
190,72,1
190,108,1
190,113,1
191,72,1
191,87,1
191,90,1
191,91,1
191,96,1
191,97,1
191,99,1
191,101,1
191,108,1
191,109,1
191,113,1
191,114,1
191,115,1
191,116,1
192,72,1
192,108,1
192,113,1
192,114,1
193,6,1
193,72,1
193,108,1
193,111,1
193,113,1
193,114,1
194,72,1
194,108,1
195,72,1
195,108,1
196,72,1
197,75,1
198,75,1
199,72,1
199,108,1
200,72,1
201,72,1
201,108,1
202,72,1
203,72,1
203,108,1
203,113,1
203,114,1
203,116,1
204,72,1
204,111,1
205,72,1
205,108,1
206,72,1
206,108,1
207,72,1
207,108,1
207,113,1
207,114,1
208,72,1
208,114,1
209,72,1
209,73,1
209,81,1
209,108,1
209,111,1
210,72,1
210,108,1
211,72,1
212,72,1
212,108,1
213,72,1
214,72,1
214,114,1
215,72,1
216,72,1
216,108,1
216,113,1
216,114,1
217,72,1
217,76,1
217,108,1
217,113,1
217,114,1
217,116,1
218,72,1
218,108,1
218,113,1
219,72,1
220,72,1
220,108,1
220,113,1
220,114,1
221,79,1
221,108,1
222,72,1
223,72,1
223,108,1
223,113,1
223,114,1
223,115,1
223,116,1
224,72,1
225,72,1
225,90,1
225,96,1
225,97,1
225,108,1
225,113,1
225,114,1
225,116,1
226,72,1
226,80,1
226,87,1
226,88,1
226,90,1
226,91,1
226,96,1
226,97,1
226,99,1
226,100,1
226,107,1
226,108,1
226,111,1
226,115,1
226,116,1
227,72,1
227,88,1
227,90,1
227,108,1
228,72,1
228,91,1
228,115,1
228,116,1
229,72,1
229,108,1
230,72,1
230,73,1
230,108,1
230,113,1
230,114,1
230,116,1
231,72,1
231,89,1
231,108,1
232,72,1
232,108,1
232,113,1
232,114,1
233,72,1
233,79,1
233,108,1
233,115,1
233,116,1
234,74,1
235,72,1
235,81,1
235,90,1
235,91,1
235,108,1
235,115,1
235,116,1
236,7,1
236,72,1
236,113,1
237,72,1
237,108,1
237,116,1
238,72,1
238,108,1
238,111,1
239,72,1
239,111,1
240,72,1
240,108,1
240,113,1
241,72,1
241,73,1
241,108,1
242,72,1
243,72,1
243,108,1
243,111,1
243,113,1
243,114,1
243,115,1
244,7,1
244,72,1
244,108,1
244,112,1
244,113,1
244,114,1
244,116,1
245,72,1
245,108,1
245,113,1
245,114,1
245,115,1
245,116,1
246,72,1
246,108,1
246,113,1
247,72,1
247,108,1
247,111,1
247,114,1
248,72,1
248,113,1
249,72,1
250,72,1
250,108,1
250,114,1
251,72,1
251,108,1
251,111,1
251,113,1
251,114,1
251,116,1
252,72,1
252,108,1
253,72,1
253,108,1
253,113,1
253,114,1
253,116,1
254,72,1
254,81,1
254,90,1
254,91,1
254,100,1
254,103,1
254,108,1
254,115,1
254,116,1
255,72,1
255,108,1
256,74,1
257,72,1
257,90,1
257,105,1
257,108,1
257,111,1
257,112,1
257,113,1
257,114,1
257,116,1
258,72,1
258,108,1
259,76,1
260,74,1
261,72,1
261,108,1
261,113,1
261,114,1
262,72,1
262,108,1
263,72,1
263,113,1
263,114,1
264,72,1
264,114,1
265,72,1
265,108,1
266,72,1
266,108,1
266,111,1
266,113,1
266,114,1
267,72,1
268,72,1
268,108,1
268,113,1
268,114,1
268,116,1
269,72,1
269,90,1
269,96,1
269,99,1
269,108,1
269,109,1
269,111,1
269,113,1
269,115,1
269,116,1
270,72,1
270,108,1
270,112,1
270,113,1
270,114,1
270,116,1
271,72,1
271,89,1
271,90,1
271,91,1
271,96,1
271,97,1
271,100,1
271,101,1
271,108,1
271,109,1
271,111,1
271,112,1
271,113,1
271,114,1
271,115,1
271,116,1
272,72,1
272,115,1
273,72,1
273,108,1
273,111,1
273,113,1
273,114,1
273,116,1
274,72,1
275,72,1
275,90,1
275,91,1
275,96,1
275,108,1
275,115,1
276,75,1
277,72,1
277,114,1
278,7,1
278,72,1
278,73,1
278,96,1
278,108,1
278,109,1
278,111,1
278,114,1
279,72,1
279,108,1
280,72,1
280,108,1
281,72,1
281,113,1
281,114,1
282,72,1
282,113,1
282,114,1
283,72,1
283,108,1
283,111,1
283,113,1
284,72,1
284,113,1
285,72,1
285,108,1
285,114,1
286,72,1
286,90,1
286,91,1
286,96,1
286,97,1
286,108,1
286,113,1
286,114,1
286,115,1
286,116,1
287,72,1
287,108,1
288,75,1
289,72,1
290,72,1
290,108,1
290,113,1
290,115,1
291,72,1
291,98,1
291,108,1
291,115,1
291,116,1
292,72,1
293,72,1
293,108,1
294,72,1
294,108,1
294,115,1
294,116,1
295,72,1
295,116,1
296,72,1
296,108,1
296,113,1
296,114,1
297,72,1
297,108,1
297,113,1
298,72,1
298,90,1
298,91,1
298,96,1
298,97,1
298,100,1
298,101,1
298,103,1
298,108,1
298,109,1
298,111,1
298,113,1
298,114,1
298,115,1
298,116,1
299,72,1
299,108,1
300,72,1
300,108,1
300,113,1
300,116,1
301,72,1
301,108,1
301,113,1
301,114,1
301,115,1
301,116,1
302,72,1
302,113,1
303,72,1
303,108,1
303,113,1
303,114,1
304,72,1
304,112,1
304,113,1
304,114,1
304,116,1
305,72,1
305,108,1
306,72,1
306,112,1
306,113,1
306,116,1
307,72,1
307,73,1
307,87,1
307,108,1
307,109,1
307,111,1
307,113,1
307,114,1
307,115,1
307,116,1
308,72,1
309,72,1
309,108,1
310,72,1
310,108,1
311,72,1
311,108,1
311,116,1
312,72,1
312,108,1
313,72,1
313,108,1
313,113,1
314,72,1
314,81,1
314,100,1
314,108,1
314,113,1
314,114,1
314,115,1
315,72,1
315,91,1
315,96,1
315,108,1
315,113,1
315,114,1
315,116,1
316,72,1
316,108,1
317,72,1
318,72,1
318,81,1
318,96,1
318,97,1
318,108,1
319,72,1
319,87,1
319,89,1
319,90,1
319,92,1
319,96,1
319,104,1
319,108,1
319,109,1
319,113,1
319,115,1
319,116,1
320,72,1
320,108,1
321,72,1
321,113,1
322,72,1
322,108,1
323,72,1
323,108,1
324,74,1
325,72,1
325,101,1
325,113,1
325,114,1
325,115,1
325,116,1
326,72,1
326,108,1
326,113,1
327,72,1
327,90,1
327,108,1
327,115,1
327,116,1
328,72,1
328,108,1
328,113,1
329,72,1
329,108,1
329,111,1
329,113,1
329,114,1
329,115,1
329,116,1
330,72,1
330,73,1
331,72,1
331,108,1
331,115,1
332,72,1
332,87,1
332,90,1
332,91,1
332,101,1
332,108,1
332,109,1
332,111,1
332,115,1
332,116,1
333,72,1
333,89,1
333,103,1
333,108,1
333,109,1
333,113,1
333,114,1
333,115,1
334,72,1
334,108,1
335,72,1
335,73,1
335,81,1
335,108,1
335,111,1
335,113,1
335,114,1
335,116,1
336,74,1
337,72,1
338,74,1
339,75,1
340,72,1
340,108,1
341,72,1
341,81,1
341,90,1
341,91,1
341,96,1
341,97,1
341,100,1
341,108,1
341,115,1
341,116,1
342,72,1
342,108,1
343,72,1
343,108,1
343,114,1
343,116,1
344,75,1
345,72,1
345,108,1
345,114,1
345,116,1
346,72,1
346,108,1
347,72,1
347,108,1
348,72,1
348,81,1
349,72,1
349,108,1
350,74,1
350,75,1
351,72,1
351,108,1
351,113,1
352,72,1
352,108,1
352,116,1
353,72,1
353,103,1
353,106,1
353,108,1
353,115,1
353,116,1
354,74,1
354,75,1
355,72,1
355,108,1
356,72,1
356,113,1
356,114,1
357,72,1
357,108,1
357,113,1
357,114,1
357,116,1
358,72,1
358,95,1
358,108,1
358,111,1
358,112,1
358,113,1
358,114,1
358,116,1
359,72,1
359,108,1
360,72,1
360,108,1
360,113,1
360,114,1
361,72,1
362,72,1
362,108,1
362,112,1
363,72,1
363,108,1
364,72,1
364,108,1
364,111,1
364,113,1
364,114,1
364,115,1
365,72,1
365,108,1
366,72,1
366,87,1
366,108,1
366,113,1
366,114,1
367,72,1
367,108,1
367,113,1
367,114,1
368,72,1
368,108,1
368,113,1
368,114,1
369,72,1
369,114,1
370,72,1
371,72,1
371,87,1
371,90,1
371,91,1
371,96,1
371,97,1
371,100,1
371,108,1
371,115,1
371,116,1
372,72,1
372,108,1
372,115,1
373,72,1
373,108,1
373,116,1
374,75,1
375,72,1
375,89,1
375,108,1
375,111,1
375,113,1
375,114,1
375,115,1
376,72,1
376,113,1
377,72,1
377,108,1
378,72,1
378,108,1
378,113,1
378,114,1
379,72,1
379,114,1
380,72,1
380,114,1
381,72,1
381,108,1
382,72,1
382,81,1
382,105,1
382,108,1
382,113,1
383,72,1
383,108,1
383,116,1
384,72,1
384,108,1
385,72,1
385,108,1
386,72,1
387,72,1
387,108,1
387,113,1
387,114,1
388,72,1
388,88,1
388,108,1
388,113,1
388,115,1
389,72,1
390,72,1
390,108,1
391,72,1
391,108,1
391,111,1
391,112,1
391,113,1
391,114,1
391,115,1
391,116,1
392,72,1
392,108,1
392,115,1
392,116,1
393,72,1
393,108,1
394,75,1
395,72,1
396,72,1
396,113,1
397,72,1
397,108,1
398,72,1
398,73,1
398,108,1
398,114,1
399,72,1
399,108,1
399,113,1
399,114,1
399,116,1
400,72,1
400,108,1
400,113,1
401,72,1
401,108,1
402,72,1
402,88,1
403,72,1
404,72,1
404,108,1
405,72,1
405,113,1
405,114,1
406,72,1
406,113,1
407,72,1
407,108,1
408,72,1
409,72,1
409,113,1
410,72,1
410,108,1
411,72,1
411,78,1
411,90,1
411,99,1
411,108,1
411,111,1
411,115,1
411,116,1
412,72,1
413,72,1
413,108,1
413,116,1
414,73,1
414,108,1
414,111,1
415,74,1
416,72,1
416,108,1
416,113,1
417,72,1
417,73,1
417,108,1
417,111,1
417,113,1
417,116,1
418,72,1
418,96,1
418,99,1
418,108,1
418,112,1
418,113,1
418,114,1
418,116,1
419,72,1
419,90,1
419,96,1
419,108,1
419,111,1
419,112,1
419,113,1
419,114,1
419,115,1
419,116,1
420,72,1
420,108,1
421,74,1
422,72,1
422,108,1
422,113,1
422,114,1
423,72,1
423,108,1
423,113,1
424,72,1
424,74,1
424,90,1
424,96,1
424,108,1
424,109,1
424,115,1
424,116,1
425,72,1
425,87,1
425,108,1
426,72,1
426,73,1
426,81,1
426,108,1
427,72,1
427,108,1
427,114,1
428,72,1
428,113,1
428,114,1
429,72,1
429,108,1
429,115,1
430,72,1
430,108,1
431,72,1
431,108,1
431,113,1
432,72,1
432,73,1
432,108,1
432,111,1
432,113,1
432,114,1
432,115,1
432,116,1
433,72,1
433,96,1
433,108,1
433,113,1
434,72,1
435,72,1
435,73,1
435,108,1
435,113,1
435,114,1
435,115,1
436,72,1
436,101,1
436,108,1
436,113,1
436,114,1
437,72,1
437,108,1
437,111,1
437,115,1
438,72,1
438,108,1
438,114,1
439,72,1
439,73,1
439,81,1
439,87,1
439,89,1
439,108,1
440,72,1
440,87,1
440,89,1
440,97,1
440,108,1
440,115,1
441,72,1
441,108,1
442,72,1
442,90,1
442,108,1
443,72,1
443,108,1
443,113,1
444,72,1
444,108,1
444,114,1
445,72,1
445,81,1
445,108,1
445,113,1
445,114,1
446,73,1
446,113,1
446,114,1
447,72,1
447,97,1
447,108,1
448,72,1
448,108,1
448,114,1
449,72,1
449,81,1
449,88,1
449,108,1
449,114,1
449,115,1
449,116,1
450,74,1
451,72,1
451,111,1
452,72,1
453,74,1
453,75,1
454,74,1
454,75,1
455,72,1
455,103,1
455,108,1
455,115,1
455,116,1
456,72,1
456,81,1
456,87,1
456,88,1
456,90,1
456,96,1
456,100,1
456,105,1
456,106,1
456,108,1
456,109,1
456,115,1
456,116,1
457,72,1
457,87,1
457,90,1
457,91,1
457,96,1
457,97,1
457,99,1
457,100,1
457,103,1
457,108,1
457,115,1
457,116,1
458,72,1
458,100,1
458,103,1
458,108,1
458,115,1
458,116,1
459,72,1
459,81,1
459,108,1
459,115,1
460,72,1
460,108,1
461,72,1
461,108,1
461,114,1
462,72,1
462,90,1
462,108,1
462,115,1
462,116,1
463,72,1
463,96,1
463,108,1
463,114,1
464,72,1
465,72,1
465,73,1
465,108,1
465,114,1
466,72,1
466,108,1
467,74,1
468,72,1
468,108,1
468,115,1
469,72,1
469,108,1
470,72,1
470,108,1
470,113,1
470,114,1
470,116,1
471,72,1
471,81,1
471,98,1
471,108,1
471,111,1
472,72,1
472,73,1
472,88,1
472,97,1
472,108,1
472,115,1
472,116,1
473,72,1
473,81,1
473,90,1
473,108,1
473,113,1
473,115,1
473,116,1
474,72,1
474,108,1
475,72,1
475,73,1
475,81,1
475,87,1
475,88,1
475,89,1
475,90,1
475,108,1
475,109,1
475,111,1
475,115,1
476,72,1
476,73,1
476,81,1
476,87,1
476,96,1
476,97,1
476,108,1
476,113,1
476,114,1
477,72,1
477,108,1
478,72,1
478,108,1
479,72,1
479,79,1
479,108,1
479,115,1
480,7,1
480,72,1
480,108,1
481,72,1
482,72,1
483,72,1
483,108,1
484,72,1
484,113,1
485,72,1
485,90,1
485,91,1
485,96,1
485,97,1
485,100,1
485,108,1
485,115,1
485,116,1
486,72,1
486,87,1
486,88,1
486,97,1
486,100,1
486,108,1
486,113,1
487,72,1
488,72,1
488,111,1
489,72,1
489,108,1
490,7,1
490,72,1
490,108,1
490,113,1
490,114,1
490,116,1
491,72,1
491,81,1
492,72,1
492,90,1
492,96,1
492,97,1
492,108,1
492,115,1
493,72,1
494,72,1
494,114,1
495,81,1
495,108,1
496,72,1
496,108,1
496,116,1
497,72,1
497,113,1
497,114,1
498,72,1
499,72,1
499,108,1
500,72,1
500,90,1
500,91,1
500,96,1
500,97,1
500,108,1
500,111,1
500,113,1
501,72,1
501,108,1
501,113,1
501,114,1
502,72,1
502,108,1
502,115,1
503,72,1
504,72,1
504,108,1
505,72,1
505,114,1
506,72,1
506,108,1
507,72,1
507,114,1
508,74,1
509,72,1
509,108,1
509,111,1
509,113,1
509,114,1
510,72,1
511,72,1
512,72,1
512,113,1
513,72,1
513,108,1
514,72,1
514,96,1
514,108,1
514,111,1
514,113,1
515,72,1
516,72,1
516,73,1
516,90,1
516,91,1
516,96,1
516,97,1
516,101,1
516,108,1
516,113,1
516,114,1
516,115,1
516,116,1
517,72,1
517,108,1
517,113,1
517,114,1
517,115,1
517,116,1
518,72,1
518,95,1
518,108,1
518,115,1
519,72,1
519,108,1
520,72,1
520,108,1
521,72,1
521,108,1
522,72,1
522,108,1
523,72,1
523,108,1
523,114,1
524,72,1
524,73,1
524,108,1
524,113,1
524,114,1
525,72,1
525,73,1
526,72,1
526,108,1
526,113,1
527,72,1
527,108,1
527,115,1
528,72,1
528,79,1
528,108,1
528,112,1
528,113,1
528,114,1
529,72,1
529,108,1
529,113,1
530,72,1
530,108,1
530,114,1
531,72,1
531,108,1
532,72,1
532,87,1
532,108,1
532,109,1
532,115,1
532,116,1
533,72,1
533,96,1
533,108,1
534,72,1
534,108,1
535,73,1
535,88,1
535,90,1
535,96,1
535,105,1
536,72,1
536,108,1
537,72,1
537,108,1
538,72,1
538,108,1
539,72,1
539,73,1
539,90,1
539,96,1
539,108,1
539,111,1
539,113,1
539,114,1
539,115,1
539,116,1
540,72,1
540,73,1
540,108,1
540,113,1
540,114,1
541,72,1
541,88,1
541,108,1
541,114,1
542,72,1
543,72,1
544,72,1
544,87,1
544,90,1
544,96,1
544,97,1
544,108,1
544,113,1
544,115,1
545,72,1
545,108,1
546,72,1
546,108,1
547,72,1
547,73,1
547,96,1
547,100,1
547,108,1
547,111,1
547,115,1
547,116,1
548,72,1
548,73,1
548,87,1
548,96,1
548,108,1
548,113,1
548,114,1
548,115,1
548,116,1
549,72,1
549,108,1
549,113,1
549,114,1
550,82,1
551,72,1
551,108,1
551,113,1
551,114,1
552,72,1
552,88,1
552,90,1
552,91,1
552,96,1
552,99,1
552,100,1
552,101,1
552,108,1
552,109,1
552,115,1
552,116,1
553,72,1
554,83,1
554,96,1
555,72,1
555,108,1
555,113,1
555,114,1
556,72,1
556,81,1
556,108,1
556,111,1
556,115,1
556,116,1
557,72,1
557,108,1
557,113,1
557,114,1
557,115,1
557,116,1
558,72,1
559,72,1
559,81,1
559,108,1
559,113,1
559,116,1
560,72,1
561,72,1
561,105,1
561,108,1
561,113,1
562,72,1
562,81,1
562,87,1
562,88,1
562,108,1
562,113,1
562,114,1
562,115,1
562,116,1
563,72,1
563,81,1
563,96,1
563,97,1
563,99,1
563,108,1
563,116,1
564,72,1
564,96,1
564,108,1
564,109,1
564,111,1
564,116,1
565,72,1
565,81,1
565,89,1
565,108,1
565,111,1
565,113,1
565,114,1
565,116,1
566,72,1
566,108,1
566,111,1
566,113,1
566,114,1
566,115,1
567,72,1
567,73,1
567,81,1
567,108,1
567,113,1
567,114,1
567,115,1
568,72,1
568,73,1
568,108,1
568,114,1
569,72,1
569,90,1
569,96,1
569,100,1
569,108,1
569,111,1
569,113,1
569,114,1
569,115,1
569,116,1
570,72,1
570,73,1
570,108,1
571,72,1
571,108,1
572,72,1
572,108,1
572,114,1
573,72,1
573,73,1
573,81,1
573,108,1
573,113,1
574,72,1
574,108,1
575,72,1
575,90,1
575,106,1
575,108,1
575,114,1
575,115,1
575,116,1
576,72,1
576,108,1
577,72,1
577,108,1
577,116,1
578,72,1
578,108,1
579,72,1
579,108,1
579,113,1
579,114,1
580,72,1
580,108,1
581,72,1
581,96,1
581,105,1
581,108,1
581,116,1
582,72,1
582,108,1
582,113,1
582,114,1
583,72,1
583,87,1
583,108,1
583,113,1
583,115,1
583,116,1
584,72,1
584,87,1
584,89,1
584,96,1
584,97,1
584,100,1
584,113,1
584,114,1
584,116,1
585,77,1
585,90,1
585,108,1
585,115,1
585,116,1
586,72,1
586,108,1
586,113,1
586,114,1
587,72,1
587,73,1
587,91,1
587,108,1
588,72,1
588,108,1
588,113,1
588,114,1
589,72,1
589,108,1
589,112,1
589,113,1
589,114,1
589,115,1
589,116,1
590,72,1
590,108,1
590,113,1
590,114,1
591,72,1
591,73,1
591,108,1
591,113,1
591,114,1
591,116,1
592,72,1
592,73,1
592,81,1
592,108,1
592,111,1
592,113,1
593,72,1
593,108,1
593,114,1
594,72,1
594,87,1
594,100,1
594,108,1
594,113,1
595,72,1
595,90,1
595,100,1
595,108,1
595,113,1
595,115,1
595,116,1
596,72,1
596,90,1
596,96,1
596,97,1
596,108,1
596,111,1
596,113,1
596,115,1
597,72,1
597,108,1
597,113,1
598,72,1
598,73,1
598,108,1
599,72,1
599,108,1
599,113,1
599,114,1
600,72,1
600,108,1
601,72,1
601,73,1
601,108,1
601,113,1
601,115,1
602,72,1
602,81,1
602,108,1
602,111,1
602,113,1
602,114,1
603,72,1
603,73,1
603,108,1
603,113,1
603,114,1
603,115,1
604,72,1
604,108,1
605,72,1
605,108,1
605,114,1
606,72,1
606,73,1
606,74,1
606,108,1
606,113,1
606,114,1
607,72,1
607,96,1
607,108,1
608,72,1
608,73,1
608,87,1
608,89,1
608,90,1
608,96,1
608,97,1
608,100,1
608,108,1
608,111,1
608,113,1
608,114,1
608,115,1
608,116,1
609,72,1
609,73,1
609,108,1
609,113,1
610,82,1
611,72,1
611,82,1
611,87,1
611,90,1
611,91,1
611,96,1
611,97,1
611,100,1
611,108,1
611,109,1
611,113,1
611,115,1
611,116,1
612,72,1
612,79,1
612,108,1
612,111,1
612,115,1
612,116,1
613,72,1
614,72,1
614,108,1
614,115,1
614,116,1
615,72,1
615,81,1
615,108,1
615,113,1
615,114,1
616,72,1
616,108,1
616,114,1
617,72,1
617,113,1
618,72,1
618,81,1
618,91,1
618,106,1
618,108,1
618,116,1
619,72,1
619,78,1
619,108,1
619,113,1
619,114,1
620,72,1
620,108,1
620,113,1
620,114,1
621,72,1
621,73,1
621,108,1
621,113,1
622,72,1
622,73,1
622,87,1
622,90,1
622,91,1
622,96,1
622,97,1
622,106,1
622,108,1
622,111,1
622,115,1
622,116,1
623,72,1
623,73,1
623,116,1
624,72,1
625,72,1
625,108,1
626,72,1
626,90,1
626,91,1
626,108,1
626,115,1
626,116,1
627,72,1
627,90,1
627,108,1
628,72,1
629,72,1
629,73,1
629,108,1
629,111,1
629,114,1
630,72,1
630,90,1
630,91,1
630,96,1
630,108,1
630,111,1
630,113,1
630,114,1
630,116,1
631,72,1
631,97,1
631,108,1
631,112,1
631,113,1
631,114,1
631,115,1
631,116,1
632,6,1
632,72,1
632,96,1
632,100,1
632,108,1
632,111,1
632,112,1
632,113,1
632,114,1
632,115,1
632,116,1
633,72,1
633,73,1
633,87,1
633,88,1
633,96,1
633,105,1
633,115,1
633,116,1
634,72,1
634,73,1
634,108,1
635,72,1
635,73,1
635,79,1
635,86,1
635,108,1
635,116,1
636,72,1
636,73,1
636,88,1
636,89,1
636,96,1
636,108,1
636,112,1
636,113,1
636,114,1
636,115,1
636,116,1
637,72,1
637,108,1
638,72,1
638,108,1
639,72,1
639,73,1
639,87,1
639,88,1
639,108,1
639,112,1
639,113,1
639,114,1
639,115,1
639,116,1
640,72,1
640,87,1
640,89,1
640,90,1
640,91,1
640,108,1
640,111,1
640,112,1
640,113,1
640,114,1
640,115,1
641,72,1
641,73,1
641,81,1
641,88,1
641,108,1
641,113,1
641,116,1
642,6,1
642,72,1
642,73,1
642,86,1
642,87,1
642,88,1
642,89,1
642,90,1
642,96,1
642,97,1
642,99,1
642,100,1
642,108,1
642,109,1
642,111,1
642,113,1
642,114,1
642,115,1
642,116,1
643,6,1
643,72,1
643,73,1
643,74,1
643,77,1
643,82,1
643,86,1
643,87,1
643,88,1
643,90,1
643,91,1
643,96,1
643,97,1
643,99,1
643,100,1
643,101,1
643,103,1
643,108,1
643,109,1
643,110,1
643,111,1
643,113,1
643,114,1
643,115,1
643,116,1
644,72,1
644,87,1
644,108,1
644,113,1
644,114,1
645,72,1
645,108,1
646,72,1
646,108,1
646,114,1
647,72,1
647,108,1
648,72,1
648,73,1
648,108,1
649,72,1
649,108,1
649,113,1
650,72,1
650,108,1
651,72,1
651,73,1
651,87,1
651,108,1
651,114,1
651,115,1
651,116,1
652,72,1
652,108,1
653,72,1
653,108,1
654,72,1
654,73,1
654,108,1
654,111,1
654,113,1
654,114,1
655,72,1
655,80,1
655,108,1
655,114,1
656,72,1
656,73,1
656,89,1
656,105,1
656,108,1
656,109,1
656,111,1
656,113,1
656,114,1
657,72,1
657,108,1
658,72,1
658,96,1
658,108,1
658,111,1
658,113,1
659,72,1
659,81,1
659,108,1
659,113,1
660,72,1
660,73,1
660,81,1
660,108,1
660,111,1
660,113,1
660,114,1
660,116,1
661,72,1
662,72,1
662,73,1
662,113,1
662,114,1
662,116,1
663,72,1
663,73,1
663,90,1
663,91,1
663,96,1
663,97,1
663,100,1
663,108,1
663,115,1
663,116,1
664,72,1
664,81,1
664,90,1
664,108,1
664,109,1
664,116,1
665,72,1
665,90,1
665,91,1
665,96,1
665,97,1
665,100,1
665,108,1
665,115,1
665,116,1
666,72,1
666,90,1
666,96,1
666,99,1
666,100,1
666,108,1
666,113,1
666,115,1
666,116,1
667,72,1
667,73,1
667,108,1
667,113,1
667,116,1
668,72,1
669,72,1
670,72,1
670,108,1
671,72,1
671,100,1
671,108,1
671,113,1
671,114,1
671,115,1
672,72,1
672,108,1
672,113,1
673,72,1
673,73,1
673,108,1
673,111,1
674,72,1
674,73,1
674,82,1
674,87,1
674,108,1
674,113,1
674,114,1
674,115,1
675,72,1
675,108,1
676,7,1
676,72,1
676,73,1
676,87,1
676,89,1
676,90,1
676,91,1
676,96,1
676,97,1
676,98,1
676,100,1
676,108,1
676,109,1
676,113,1
676,114,1
676,115,1
676,116,1
677,72,1
677,73,1
677,108,1
677,113,1
677,114,1
677,115,1
677,116,1
678,72,1
678,77,1
678,79,1
678,90,1
678,91,1
678,96,1
678,97,1
678,108,1
678,115,1
678,116,1
679,72,1
679,81,1
679,108,1
679,113,1
680,78,1
680,108,1
680,114,1
681,72,1
681,108,1
682,72,1
682,108,1
682,113,1
683,72,1
683,88,1
683,108,1
683,113,1
683,116,1
684,72,1
684,90,1
684,91,1
684,101,1
685,72,1
685,96,1
685,108,1
685,114,1
685,115,1
686,72,1
686,73,1
686,108,1
686,111,1
687,72,1
687,108,1
687,111,1
688,72,1
688,108,1
688,113,1
689,72,1
689,73,1
689,108,1
689,114,1
690,73,1
690,108,1
691,72,1
691,108,1
691,111,1
691,113,1
692,72,1
692,108,1
692,115,1
693,72,1
693,108,1
693,115,1
694,72,1
694,73,1
694,89,1
694,90,1
694,96,1
694,108,1
694,111,1
694,113,1
694,115,1
694,116,1
695,73,1
696,72,1
697,72,1
698,72,1
698,108,1
698,114,1
699,72,1
699,108,1
700,72,1
700,90,1
700,108,1
701,72,1
701,82,1
701,108,1
701,115,1
701,116,1
702,72,1
702,96,1
702,108,1
702,113,1
702,114,1
703,72,1
703,73,1
703,108,1
703,113,1
703,114,1
704,72,1
704,108,1
704,111,1
704,113,1
704,114,1
704,116,1
705,72,1
705,116,1
706,72,1
706,73,1
706,77,1
706,87,1
706,90,1
706,91,1
706,97,1
706,100,1
706,101,1
706,106,1
706,108,1
706,111,1
706,113,1
706,114,1
706,115,1
706,116,1
707,72,1
707,108,1
708,72,1
708,108,1
708,113,1
709,72,1
709,108,1
710,72,1
710,108,1
710,114,1
711,72,1
711,108,1
712,72,1
712,73,1
712,81,1
712,108,1
712,113,1
712,114,1
712,116,1
713,72,1
713,77,1
713,80,1
713,90,1
713,91,1
713,97,1
713,98,1
713,99,1
713,108,1
713,111,1
713,113,1
713,114,1
713,116,1
714,72,1
714,78,1
714,96,1
714,108,1
714,115,1
714,116,1
715,72,1
715,87,1
715,89,1
715,90,1
715,108,1
715,114,1
715,115,1
715,116,1
716,72,1
716,73,1
716,111,1
717,81,1
717,108,1
718,72,1
719,72,1
719,90,1
719,96,1
719,97,1
719,108,1
719,113,1
719,114,1
719,115,1
719,116,1
720,72,1
720,90,1
720,108,1
720,113,1
720,115,1
721,72,1
721,73,1
721,108,1
721,111,1
721,113,1
721,114,1
721,116,1
722,72,1
722,108,1
723,72,1
723,73,1
723,74,1
723,78,1
723,82,1
724,72,1
724,87,1
724,88,1
724,90,1
724,96,1
724,97,1
724,108,1
724,109,1
724,111,1
724,115,1
724,116,1
725,72,1
725,108,1
725,113,1
725,114,1
725,116,1
726,72,1
726,90,1
726,91,1
726,96,1
726,97,1
726,108,1
726,111,1
726,115,1
726,116,1
727,72,1
727,73,1
727,108,1
728,72,1
728,87,1
729,72,1
730,72,1
730,87,1
730,108,1
730,114,1
731,72,1
731,90,1
731,96,1
731,97,1
731,108,1
731,109,1
731,113,1
731,114,1
731,115,1
732,72,1
732,86,1
732,91,1
732,108,1
733,81,1
733,108,1
734,72,1
734,108,1
735,72,1
735,86,1
735,108,1
735,116,1
736,72,1
736,73,1
736,87,1
736,89,1
736,90,1
736,91,1
736,95,1
736,96,1
736,97,1
736,99,1
736,100,1
736,108,1
736,109,1
736,111,1
736,113,1
736,114,1
736,115,1
736,116,1
737,72,1
737,108,1
737,111,1
737,113,1
737,114,1
738,72,1
738,108,1
738,113,1
738,114,1
739,72,1
739,73,1
739,81,1
739,87,1
739,96,1
739,108,1
739,113,1
740,72,1
740,108,1
740,114,1
740,115,1
741,72,1
741,73,1
741,98,1
741,99,1
741,108,1
741,113,1
741,114,1
742,72,1
742,73,1
742,108,1
742,114,1
743,72,1
743,73,1
743,108,1
744,72,1
744,108,1
745,72,1
745,87,1
745,88,1
745,96,1
745,108,1
745,111,1
745,113,1
745,114,1
745,115,1
746,72,1
746,96,1
746,108,1
746,116,1
747,72,1
747,108,1
748,72,1
748,73,1
748,74,1
748,90,1
748,113,1
748,116,1
749,72,1
749,108,1
749,113,1
750,72,1
750,108,1
751,72,1
751,111,1
752,72,1
752,90,1
752,91,1
752,96,1
752,99,1
752,108,1
753,72,1
753,90,1
753,101,1
753,108,1
753,112,1
753,113,1
753,114,1
754,72,1
754,108,1
754,113,1
754,114,1
755,72,1
755,108,1
755,113,1
755,114,1
756,72,1
756,73,1
756,77,1
756,82,1
756,87,1
756,90,1
756,100,1
756,103,1
756,108,1
756,115,1
756,116,1
757,72,1
758,72,1
759,72,1
759,74,1
759,108,1
760,72,1
760,74,1
760,86,1
760,87,1
760,89,1
760,90,1
760,91,1
760,96,1
760,97,1
760,101,1
760,108,1
760,109,1
760,111,1
760,113,1
760,114,1
760,115,1
761,72,1
761,108,1
761,111,1
761,113,1
762,72,1
762,108,1
763,72,1
763,108,1
764,72,1
764,90,1
764,108,1
765,72,1
765,108,1
765,111,1
766,72,1
766,73,1
766,88,1
766,89,1
766,96,1
766,108,1
766,109,1
766,111,1
766,113,1
766,114,1
767,72,1
767,113,1
768,72,1
768,81,1
768,108,1
768,113,1
768,114,1
769,72,1
769,108,1
770,72,1
770,108,1
770,113,1
771,72,1
771,86,1
771,100,1
771,108,1
771,113,1
771,115,1
771,116,1
772,72,1
772,91,1
772,108,1
772,114,1
773,72,1
773,108,1
773,114,1
774,72,1
774,108,1
775,72,1
775,73,1
775,108,1
776,72,1
777,72,1
777,108,1
778,72,1
779,72,1
779,113,1
779,114,1
779,116,1
780,72,1
780,73,1
780,90,1
780,96,1
780,97,1
780,108,1
780,115,1
780,116,1
781,72,1
781,115,1
781,116,1
782,72,1
782,89,1
782,90,1
782,91,1
782,96,1
782,97,1
782,101,1
782,113,1
782,114,1
782,115,1
782,116,1
783,72,1
783,77,1
783,86,1
783,89,1
783,90,1
783,91,1
783,96,1
783,97,1
783,98,1
783,100,1
783,101,1
783,113,1
783,114,1
783,115,1
783,116,1
784,72,1
784,80,1
784,86,1
784,87,1
784,88,1
784,90,1
784,91,1
784,92,1
784,93,1
784,95,1
784,96,1
784,97,1
784,99,1
784,101,1
784,106,1
784,108,1
784,113,1
784,114,1
784,115,1
784,116,1
785,72,1
785,97,1
786,72,1
786,78,1
786,90,1
786,114,1
786,115,1
787,72,1
787,86,1
787,90,1
787,96,1
787,97,1
787,113,1
787,114,1
787,116,1
788,72,1
788,78,1
788,86,1
788,96,1
789,72,1
789,96,1
789,116,1
790,6,1
790,72,1
790,86,1
790,90,1
790,97,1
790,100,1
790,101,1
790,115,1
790,116,1
791,72,1
791,73,1
791,108,1
791,113,1
791,114,1
791,116,1
792,72,1
792,108,1
793,72,1
793,90,1
793,91,1
793,108,1
793,116,1
794,72,1
795,72,1
795,87,1
795,90,1
795,96,1
795,100,1
795,108,1
795,111,1
795,113,1
795,114,1
795,115,1
795,116,1
796,72,1
796,90,1
796,91,1
796,108,1
796,113,1
796,114,1
797,72,1
797,113,1
798,72,1
798,89,1
798,90,1
798,96,1
798,97,1
798,100,1
798,108,1
798,111,1
798,115,1
799,72,1
800,72,1
800,108,1
801,72,1
801,73,1
801,108,1
801,114,1
801,116,1
802,72,1
802,80,1
802,89,1
802,90,1
802,91,1
802,108,1
802,114,1
802,115,1
802,116,1
803,72,1
803,73,1
803,87,1
803,89,1
803,90,1
803,97,1
803,105,1
803,108,1
803,113,1
803,114,1
803,115,1
803,116,1
804,72,1
804,108,1
805,72,1
805,73,1
805,87,1
805,89,1
805,108,1
805,111,1
805,113,1
805,114,1
805,115,1
805,116,1
806,72,1
806,108,1
806,111,1
806,113,1
806,115,1
807,72,1
807,73,1
807,81,1
807,108,1
807,111,1
807,113,1
808,73,1
808,115,1
809,72,1
809,108,1
810,72,1
810,108,1
811,72,1
811,108,1
812,72,1
812,81,1
812,108,1
813,72,1
813,108,1
813,113,1
813,114,1
814,6,1
814,72,1
814,73,1
814,74,1
814,82,1
814,86,1
814,87,1
814,88,1
814,89,1
814,90,1
814,91,1
814,95,1
814,96,1
814,97,1
814,100,1
814,101,1
814,103,1
814,108,1
814,109,1
814,111,1
814,113,1
814,114,1
814,115,1
814,116,1
815,72,1
815,73,1
815,108,1
815,111,1
816,72,1
816,90,1
816,108,1
816,109,1
817,72,1
817,108,1
818,72,1
818,108,1
819,72,1
819,108,1
820,72,1
820,73,1
820,88,1
820,90,1
820,108,1
820,111,1
820,113,1
820,116,1
821,72,1
821,108,1
822,72,1
822,108,1
822,113,1
823,72,1
823,81,1
823,87,1
823,88,1
823,89,1
823,90,1
823,97,1
823,108,1
823,111,1
823,113,1
823,114,1
823,116,1
824,72,1
824,90,1
824,96,1
824,108,1
824,111,1
824,115,1
825,72,1
825,108,1
825,111,1
825,114,1
825,115,1
825,116,1
826,72,1
826,81,1
826,108,1
827,72,1
827,87,1
827,108,1
827,109,1
827,111,1
827,113,1
827,114,1
827,115,1
827,116,1
828,72,1
828,108,1
828,113,1
828,114,1
829,72,1
829,108,1
830,72,1
831,72,1
831,108,1
832,72,1
832,108,1
833,72,1
833,108,1
833,111,1
833,113,1
834,72,1
834,108,1
834,111,1
834,113,1
834,114,1
834,115,1
834,116,1
835,72,1
835,87,1
835,90,1
835,96,1
835,108,1
835,111,1
835,113,1
835,114,1
835,115,1
835,116,1
836,72,1
836,86,1
836,88,1
836,89,1
836,108,1
836,113,1
836,114,1
836,115,1
837,72,1
837,87,1
837,108,1
838,72,1
838,88,1
838,108,1
838,114,1
839,72,1
839,113,1
839,115,1
840,72,1
840,108,1
840,115,1
841,72,1
841,73,1
841,108,1
841,111,1
842,72,1
842,80,1
842,108,1
842,111,1
842,113,1
843,72,1
843,73,1
843,113,1
844,72,1
844,90,1
844,108,1
844,109,1
844,111,1
845,72,1
846,72,1
846,108,1
846,113,1
846,114,1
846,116,1
847,72,1
847,88,1
847,108,1
847,109,1
847,113,1
847,114,1
848,72,1
848,90,1
848,91,1
848,96,1
848,97,1
848,100,1
848,101,1
848,108,1
848,109,1
848,114,1
848,115,1
848,116,1
849,72,1
850,73,1
851,72,1
851,108,1
852,72,1
852,73,1
852,111,1
853,72,1
853,108,1
854,72,1
854,108,1
854,113,1
854,114,1
855,72,1
855,97,1
855,108,1
855,111,1
855,113,1
855,114,1
855,116,1
856,72,1
857,72,1
857,108,1
858,72,1
858,116,1
859,72,1
859,73,1
859,90,1
859,108,1
859,113,1
859,115,1
860,72,1
860,108,1
860,113,1
861,72,1
861,73,1
861,108,1
861,113,1
861,114,1
862,77,1
863,72,1
863,114,1
864,72,1
864,108,1
864,113,1
864,114,1
864,116,1
865,72,1
866,72,1
866,87,1
866,108,1
866,111,1
866,116,1
867,72,1
867,73,1
867,108,1
867,113,1
867,114,1
868,72,1
868,108,1
868,113,1
869,72,1
869,89,1
869,90,1
869,91,1
869,108,1
869,113,1
869,114,1
870,72,1
870,108,1
870,116,1
871,72,1
871,108,1
871,111,1
871,113,1
871,114,1
872,72,1
872,73,1
872,108,1
872,113,1
872,116,1
873,72,1
873,73,1
873,111,1
874,72,1
874,114,1
875,7,1
875,72,1
875,73,1
875,96,1
875,108,1
875,113,1
875,114,1
875,115,1
876,72,1
877,6,1
877,72,1
877,78,1
877,80,1
877,83,1
877,86,1
877,87,1
877,88,1
877,89,1
877,90,1
877,91,1
877,92,1
877,93,1
877,95,1
877,96,1
877,97,1
877,98,1
877,99,1
877,100,1
877,101,1
877,102,1
877,103,1
877,104,1
877,105,1
877,106,1
877,107,1
877,108,1
877,109,1
877,110,1
877,111,1
877,115,1
877,116,1
877,117,1
878,72,1
878,89,1
878,108,1
878,113,1
878,114,1
878,115,1
879,72,1
879,73,1
879,108,1
879,113,1
879,114,1
880,72,1
881,72,1
881,115,1
881,116,1
882,72,1
882,108,1
882,113,1
882,114,1
882,115,1
882,116,1
883,72,1
883,73,1
883,108,1
883,111,1
883,113,1
883,114,1
884,72,1
884,114,1
885,82,1
886,72,1
887,72,1
887,73,1
887,108,1
887,111,1
887,113,1
887,114,1
887,115,1
887,116,1
888,72,1
888,73,1
888,111,1
889,72,1
889,108,1
890,72,1
890,108,1
890,112,1
890,113,1
890,114,1
891,72,1
891,73,1
891,87,1
891,88,1
891,96,1
891,108,1
892,72,1
892,73,1
892,113,1
893,72,1
893,78,1
893,90,1
893,91,1
893,92,1
893,93,1
893,95,1
893,100,1
893,101,1
893,108,1
893,113,1
893,114,1
893,116,1
894,72,1
894,88,1
894,96,1
894,99,1
894,108,1
894,111,1
894,113,1
894,114,1
894,115,1
894,116,1
895,72,1
895,108,1
895,113,1
896,72,1
896,108,1
896,113,1
897,72,1
897,108,1
898,72,1
899,72,1
899,114,1
900,72,1
900,108,1
900,113,1
901,72,1
901,108,1
901,113,1
901,114,1
901,115,1
902,72,1
902,113,1
902,114,1
903,72,1
903,108,1
904,72,1
904,73,1
904,77,1
904,79,1
904,82,1
904,90,1
904,91,1
904,98,1
904,99,1
904,100,1
904,101,1
904,107,1
904,108,1
904,115,1
904,116,1
905,72,1
905,108,1
905,113,1
906,72,1
906,108,1
906,113,1
906,114,1
907,72,1
907,108,1
907,111,1
907,114,1
908,72,1
908,108,1
909,72,1
909,108,1
909,112,1
909,113,1
909,114,1
909,116,1
910,72,1
910,108,1
910,113,1
910,114,1
911,72,1
912,72,1
912,113,1
913,72,1
913,90,1
913,91,1
913,108,1
913,115,1
914,72,1
914,87,1
914,88,1
914,108,1
914,111,1
915,72,1
915,108,1
915,113,1
915,114,1
916,72,1
916,108,1
916,115,1
917,72,1
917,108,1
917,113,1
917,114,1
918,72,1
918,73,1
918,108,1
918,113,1
918,114,1
919,72,1
919,114,1
920,72,1
920,108,1
921,72,1
921,108,1
921,113,1
921,114,1
921,116,1
922,72,1
923,72,1
923,108,1
924,72,1
924,108,1
925,72,1
926,72,1
926,73,1
926,113,1
926,114,1
927,72,1
927,108,1
927,113,1
927,114,1
928,72,1
929,72,1
929,108,1
929,111,1
929,113,1
929,114,1
929,115,1
929,116,1
930,72,1
930,108,1
930,114,1
930,115,1
931,72,1
932,72,1
932,87,1
932,108,1
932,113,1
932,114,1
932,116,1
933,72,1
933,108,1
933,113,1
934,72,1
934,108,1
934,114,1
935,72,1
935,73,1
935,108,1
935,111,1
935,113,1
935,116,1
936,72,1
936,108,1
936,113,1
937,72,1
937,108,1
937,111,1
937,113,1
937,114,1
937,115,1
937,116,1
938,72,1
938,113,1
938,114,1
939,72,1
939,108,1
939,113,1
939,114,1
940,72,1
940,73,1
940,108,1
941,72,1
941,114,1
942,72,1
943,72,1
943,73,1
943,108,1
943,113,1
943,114,1
943,115,1
944,72,1
944,113,1
945,72,1
945,73,1
945,77,1
945,79,1
945,108,1
945,113,1
945,114,1
946,72,1
947,72,1
947,73,1
947,82,1
947,108,1
947,116,1
948,72,1
948,73,1
948,112,1
948,113,1
949,72,1
949,73,1
949,89,1
949,90,1
949,91,1
949,96,1
949,101,1
949,105,1
949,108,1
949,109,1
949,113,1
949,114,1
949,115,1
949,116,1
950,72,1
950,108,1
950,113,1
951,78,1
951,82,1
952,72,1
952,73,1
952,91,1
952,96,1
952,108,1
952,113,1
952,114,1
952,115,1
952,116,1
953,72,1
953,114,1
954,72,1
954,108,1
955,72,1
955,113,1
955,114,1
955,116,1
956,72,1
956,73,1
956,86,1
956,87,1
956,88,1
956,103,1
956,104,1
956,108,1
956,111,1
956,113,1
956,114,1
956,116,1
957,72,1
957,108,1
957,113,1
957,114,1
958,72,1
959,72,1
960,72,1
960,87,1
960,89,1
960,113,1
960,114,1
960,116,1
961,72,1
961,113,1
961,114,1
962,72,1
962,111,1
962,113,1
962,114,1
963,72,1
963,108,1
963,113,1
964,72,1
964,108,1
964,111,1
964,113,1
964,114,1
965,72,1
965,108,1
965,111,1
966,72,1
967,72,1
967,98,1
967,99,1
967,108,1
967,113,1
967,114,1
967,116,1
968,72,1
968,73,1
968,108,1
968,111,1
969,72,1
969,73,1
969,96,1
969,108,1
969,111,1
969,113,1
969,114,1
969,116,1
970,72,1
970,108,1
970,113,1
971,72,1
971,108,1
971,115,1
972,72,1
972,79,1
972,108,1
973,72,1
973,113,1
973,114,1
974,72,1
974,96,1
974,97,1
974,108,1
974,113,1
974,114,1
974,116,1
975,72,1
975,108,1
975,113,1
975,114,1
976,72,1
976,113,1
976,114,1
976,116,1
977,72,1
977,108,1
977,113,1
977,114,1
978,72,1
978,108,1
979,72,1
979,108,1
980,72,1
980,108,1
981,72,1
981,100,1
981,103,1
981,108,1
981,111,1
981,113,1
981,114,1
981,116,1
982,72,1
982,73,1
982,80,1
982,98,1
982,99,1
982,104,1
982,108,1
982,111,1
982,113,1
982,114,1
982,116,1
983,72,1
983,73,1
983,108,1
983,112,1
983,113,1
983,114,1
983,116,1
984,72,1
985,72,1
985,73,1
985,116,1
986,72,1
986,73,1
986,115,1
987,72,1
988,72,1
988,114,1
989,72,1
989,108,1
990,72,1
990,73,1
991,72,1
991,108,1
991,114,1
992,72,1
992,113,1
993,72,1
993,108,1
993,113,1
993,114,1
993,116,1
994,72,1
994,108,1
994,113,1
994,114,1
995,72,1
995,73,1
995,108,1
995,111,1
995,113,1
995,114,1
995,116,1
996,72,1
996,73,1
996,108,1
996,113,1
997,72,1
997,108,1
997,113,1
997,114,1
998,72,1
998,108,1
998,113,1
998,114,1
999,72,1
999,73,1
999,108,1
999,111,1
999,113,1
999,114,1
999,116,1
1000,72,1
1000,108,1
1000,113,1
1001,72,1
1001,108,1
1002,72,1
1002,113,1
1002,114,1
1003,72,1
1004,72,1
1004,73,1
1004,108,1
1004,113,1
1004,114,1
1004,116,1
1005,72,1
1005,87,1
1005,108,1
1005,112,1
1005,113,1
1005,114,1
1005,116,1
1006,72,1
1006,108,1
1006,111,1
1006,113,1
1007,72,1
1007,84,1
1008,72,1
1009,72,1
1009,73,1
1009,108,1
1009,113,1
1010,72,1
1010,108,1
1010,113,1
1010,114,1
1010,116,1
1011,72,1
1011,108,1
1011,113,1
1011,114,1
1012,72,1
1012,108,1
1012,115,1
1013,6,1
1013,72,1
1013,73,1
1013,87,1
1013,89,1
1013,90,1
1013,91,1
1013,96,1
1013,97,1
1013,101,1
1013,105,1
1013,108,1
1013,109,1
1013,113,1
1013,114,1
1013,115,1
1013,116,1
1014,72,1
1014,108,1
1015,72,1
1015,73,1
1015,86,1
1015,87,1
1015,88,1
1015,89,1
1015,90,1
1015,96,1
1015,97,1
1015,100,1
1015,108,1
1015,113,1
1015,114,1
1015,115,1
1015,116,1
1016,72,1
1016,73,1
1016,86,1
1016,88,1
1016,108,1
1016,113,1
1017,72,1
1017,73,1
1017,113,1
1018,72,1
1018,73,1
1018,108,1
1018,114,1
1019,72,1
1019,99,1
1019,108,1
1019,116,1
1020,72,1
1020,108,1
1020,113,1
1020,114,1
1020,116,1
1021,72,1
1021,73,1
1021,108,1
1021,114,1
1021,116,1
1022,72,1
1022,87,1
1022,90,1
1022,91,1
1022,96,1
1022,97,1
1022,100,1
1022,103,1
1022,108,1
1022,115,1
1022,116,1
1023,72,1
1024,72,1
1024,87,1
1024,89,1
1024,115,1
1024,116,1
1025,72,1
1025,89,1
1025,108,1
1025,116,1
1026,72,1
1026,73,1
1026,108,1
1026,113,1
1026,114,1
1026,115,1
1026,116,1
1027,72,1
1027,108,1
1028,72,1
1028,108,1
1028,113,1
1028,114,1
1028,115,1
1028,116,1
1029,72,1
1030,72,1
1030,73,1
1030,108,1
1030,113,1
1031,72,1
1032,72,1
1032,108,1
1033,72,1
1033,87,1
1033,90,1
1033,91,1
1033,96,1
1033,97,1
1033,100,1
1033,101,1
1033,108,1
1033,115,1
1033,116,1
1034,72,1
1034,73,1
1034,81,1
1034,96,1
1034,97,1
1034,103,1
1034,108,1
1034,109,1
1034,111,1
1034,115,1
1034,116,1
1035,72,1
1035,108,1
1036,72,1
1036,91,1
1036,96,1
1036,97,1
1036,100,1
1036,101,1
1036,108,1
1036,114,1
1036,115,1
1036,116,1
1037,72,1
1037,108,1
1037,113,1
1037,115,1
1037,116,1
1038,72,1
1039,72,1
1039,73,1
1039,108,1
1039,113,1
1039,114,1
1040,72,1
1040,73,1
1041,72,1
1041,108,1
1041,113,1
1041,114,1
1041,116,1
1042,72,1
1042,108,1
1042,113,1
1042,114,1
1043,72,1
1044,72,1
1044,108,1
1044,113,1
1044,116,1
1045,72,1
1045,112,1
1045,113,1
1045,114,1
1046,72,1
1046,96,1
1046,108,1
1046,114,1
1046,116,1
1047,72,1
1048,72,1
1049,72,1
1049,108,1
1049,113,1
1049,114,1
1050,72,1
1051,72,1
1051,108,1
1051,113,1
1052,72,1
1052,113,1
1052,114,1
1053,72,1
1053,114,1
1054,72,1
1055,72,1
1055,108,1
1055,113,1
1055,114,1
1055,115,1
1055,116,1
1056,72,1
1057,72,1
1057,108,1
1057,116,1
1058,72,1
1059,72,1
1060,72,1
1060,96,1
1060,108,1
1060,113,1
1060,114,1
1061,72,1
1061,108,1
1061,113,1
1061,114,1
1061,115,1
1061,116,1
1062,6,1
1062,72,1
1062,73,1
1062,96,1
1062,108,1
1062,109,1
1062,111,1
1062,113,1
1062,114,1
1062,116,1
1063,72,1
1063,108,1
1063,113,1
1063,114,1
1064,72,1
1064,108,1
1064,113,1
1064,116,1
1065,72,1
1065,108,1
1065,113,1
1065,115,1
1066,72,1
1066,108,1
1066,111,1
1067,72,1
1068,72,1
1068,108,1
1068,115,1
1069,72,1
1069,99,1
1069,108,1
1069,111,1
1069,113,1
1069,114,1
1069,116,1
1070,72,1
1070,108,1
1071,72,1
1072,72,1
1072,73,1
1072,108,1
1072,113,1
1072,114,1
1073,72,1
1073,108,1
1073,115,1
1074,72,1
1075,72,1
1075,108,1
1075,116,1
1076,72,1
1076,108,1
1077,72,1
1077,108,1
1078,72,1
1079,72,1
1079,108,1
1080,72,1
1080,87,1
1080,89,1
1080,98,1
1080,99,1
1080,108,1
1080,112,1
1080,113,1
1080,114,1
1080,115,1
1080,116,1
1081,72,1
1081,108,1
1081,112,1
1081,113,1
1081,114,1
1081,116,1
1082,72,1
1082,115,1
1082,116,1
1083,72,1
1083,108,1
1083,114,1
1084,72,1
1084,108,1
1085,72,1
1085,89,1
1085,96,1
1085,108,1
1085,111,1
1085,113,1
1085,114,1
1085,116,1
1086,72,1
1086,108,1
1086,113,1
1087,72,1
1087,73,1
1087,113,1
1088,72,1
1088,73,1
1088,90,1
1088,96,1
1088,108,1
1088,109,1
1088,111,1
1088,114,1
1089,72,1
1089,108,1
1089,114,1
1089,116,1
1090,72,1
1090,86,1
1090,87,1
1090,88,1
1090,89,1
1090,90,1
1090,96,1
1090,97,1
1090,100,1
1090,108,1
1090,111,1
1090,113,1
1090,114,1
1090,115,1
1090,116,1
1091,72,1
1091,73,1
1091,108,1
1091,113,1
1092,72,1
1092,108,1
1093,72,1
1093,108,1
1093,113,1
1093,116,1
1094,72,1
1094,108,1
1095,72,1
1095,108,1
1095,111,1
1096,72,1
1096,108,1
1096,113,1
1096,116,1
1097,72,1
1097,108,1
1098,72,1
1098,73,1
1098,108,1
1098,113,1
1098,114,1
1098,115,1
1098,116,1
1099,72,1
1099,73,1
1100,72,1
1100,108,1
1100,115,1
1100,116,1
1101,72,1
1101,90,1
1101,96,1
1101,108,1
1101,113,1
1101,114,1
1102,72,1
1102,113,1
1102,115,1
1103,72,1
1103,113,1
1104,72,1
1105,72,1
1105,73,1
1105,108,1
1105,113,1
1105,114,1
1106,72,1
1106,73,1
1106,108,1
1106,113,1
1106,114,1
1107,72,1
1107,73,1
1107,108,1
1107,113,1
1107,114,1
1108,72,1
1108,96,1
1108,108,1
1108,113,1
1109,72,1
1109,108,1
1109,116,1
1110,72,1
1111,72,1
1111,108,1
1112,72,1
1112,108,1
1112,112,1
1112,113,1
1112,114,1
1112,116,1
1113,72,1
1113,114,1
1114,72,1
1114,108,1
1115,72,1
1115,108,1
1115,114,1
1116,72,1
1116,108,1
1117,72,1
1117,108,1
1118,72,1
1118,108,1
1118,116,1
1119,72,1
1119,108,1
1120,72,1
1121,72,1
1121,86,1
1121,96,1
1121,97,1
1121,108,1
1121,109,1
1121,113,1
1121,115,1
1121,116,1
1122,72,1
1122,108,1
1122,113,1
1122,115,1
1123,72,1
1123,108,1
1123,113,1
1123,114,1
1124,72,1
1124,108,1
1124,114,1
1124,115,1
1124,116,1
1125,72,1
1125,108,1
1125,111,1
1125,112,1
1125,113,1
1125,114,1
1126,72,1
1126,108,1
1126,111,1
1126,113,1
1126,114,1
1126,115,1
1126,116,1
1127,72,1
1127,108,1
1127,114,1
1128,72,1
1128,108,1
1129,72,1
1129,108,1
1129,113,1
1129,114,1
1130,72,1
1130,99,1
1130,108,1
1130,113,1
1130,114,1
1131,72,1
1131,113,1
1132,72,1
1132,73,1
1132,86,1
1132,87,1
1132,89,1
1132,91,1
1132,103,1
1132,104,1
1132,108,1
1132,113,1
1132,114,1
1132,115,1
1132,116,1
1133,72,1
1133,73,1
1133,89,1
1133,95,1
1133,108,1
1133,111,1
1133,112,1
1133,113,1
1133,114,1
1133,115,1
1133,116,1
1134,72,1
1134,108,1
1135,72,1
1135,108,1
1135,114,1
1136,72,1
1136,73,1
1136,90,1
1136,115,1
1137,72,1
1138,72,1
1138,108,1
1138,115,1
1139,72,1
1139,96,1
1139,108,1
1139,111,1
1140,72,1
1140,73,1
1140,98,1
1140,108,1
1140,112,1
1140,113,1
1140,114,1
1141,72,1
1141,79,1
1141,108,1
1141,111,1
1142,72,1
1143,72,1
1143,108,1
1144,72,1
1144,73,1
1144,81,1
1144,108,1
1144,113,1
1144,115,1
1145,72,1
1145,108,1
1146,72,1
1146,87,1
1146,88,1
1146,89,1
1146,90,1
1146,108,1
1146,111,1
1146,113,1
1147,6,1
1147,72,1
1147,77,1
1147,79,1
1147,82,1
1147,87,1
1147,90,1
1147,97,1
1147,100,1
1147,108,1
1147,113,1
1147,114,1
1147,115,1
1147,116,1
1148,72,1
1148,108,1
1148,113,1
1149,72,1
1149,108,1
1149,113,1
1149,115,1
1150,72,1
1150,90,1
1150,91,1
1150,96,1
1150,97,1
1150,108,1
1150,115,1
1150,116,1
1151,72,1
1151,73,1
1151,108,1
1151,113,1
1151,116,1
1152,72,1
1152,108,1
1153,72,1
1153,108,1
1153,114,1
1154,72,1
1154,74,1
1154,77,1
1154,78,1
1154,79,1
1154,82,1
1154,88,1
1154,90,1
1154,91,1
1154,96,1
1154,97,1
1154,101,1
1154,105,1
1154,108,1
1154,109,1
1154,115,1
1154,116,1
1155,72,1
1155,73,1
1155,108,1
1155,113,1
1155,114,1
1156,72,1
1156,90,1
1156,100,1
1156,108,1
1156,115,1
1156,116,1
1157,72,1
1157,88,1
1157,108,1
1157,111,1
1157,113,1
1157,114,1
1157,115,1
1157,116,1
1158,72,1
1158,108,1
1158,113,1
1158,114,1
1159,72,1
1159,108,1
1160,72,1
1160,108,1
1160,113,1
1160,114,1
1161,72,1
1162,72,1
1162,87,1
1162,90,1
1162,100,1
1162,108,1
1162,113,1
1162,114,1
1162,115,1
1162,116,1
1163,72,1
1163,108,1
1164,72,1
1164,108,1
1164,114,1
1165,72,1
1165,73,1
1165,77,1
1165,108,1
1165,113,1
1166,72,1
1166,76,1
1166,77,1
1166,90,1
1166,97,1
1166,108,1
1166,115,1
1167,72,1
1167,87,1
1167,88,1
1167,89,1
1167,90,1
1167,91,1
1167,96,1
1167,97,1
1167,108,1
1167,111,1
1167,113,1
1167,114,1
1167,115,1
1167,116,1
1168,72,1
1168,78,1
1168,82,1
1168,87,1
1168,89,1
1168,90,1
1168,96,1
1168,97,1
1168,104,1
1168,106,1
1168,108,1
1168,109,1
1168,111,1
1168,113,1
1168,114,1
1168,116,1
1169,72,1
1169,82,1
1169,108,1
1169,116,1
1170,72,1
1170,82,1
1170,108,1
1170,114,1
1170,116,1
1171,72,1
1171,82,1
1171,96,1
1171,98,1
1171,99,1
1171,104,1
1171,108,1
1171,116,1
1172,72,1
1172,82,1
1172,87,1
1172,89,1
1172,90,1
1172,96,1
1172,97,1
1172,99,1
1172,108,1
1172,109,1
1172,113,1
1172,114,1
1173,72,1
1173,73,1
1173,108,1
1173,113,1
1173,114,1
1173,115,1
1173,116,1
1174,72,1
1174,90,1
1174,104,1
1174,108,1
1174,113,1
1175,72,1
1175,81,1
1175,91,1
1175,96,1
1175,108,1
1175,115,1
1175,116,1
1176,72,1
1176,108,1
1176,113,1
1176,114,1
1177,82,1
1178,72,1
1178,108,1
1179,72,1
1179,73,1
1179,108,1
1179,115,1
1179,116,1
1180,72,1
1180,108,1
1180,113,1
1180,114,1
1181,72,1
1181,108,1
1182,72,1
1182,108,1
1182,114,1
1183,72,1
1183,113,1
1184,72,1
1184,108,1
1184,115,1
1184,116,1
1185,72,1
1185,108,1
1185,113,1
1185,114,1
1186,79,1
1186,108,1
1187,72,1
1187,108,1
1187,113,1
1188,72,1
1188,73,1
1188,108,1
1188,111,1
1188,113,1
1188,114,1
1189,72,1
1189,108,1
1190,72,1
1190,108,1
1191,72,1
1191,96,1
1191,100,1
1191,108,1
1191,113,1
1191,114,1
1192,72,1
1192,87,1
1192,88,1
1192,96,1
1192,105,1
1192,108,1
1192,113,1
1192,115,1
1192,116,1
1193,72,1
1193,108,1
1194,72,1
1194,73,1
1194,96,1
1194,108,1
1194,116,1
1195,72,1
1195,108,1
1195,113,1
1195,115,1
1196,72,1
1196,108,1
1196,113,1
1196,114,1
1197,72,1
1197,108,1
1197,113,1
1197,114,1
1198,72,1
1198,73,1
1198,108,1
1198,111,1
1198,113,1
1198,114,1
1198,116,1
1199,72,1
1199,73,1
1199,108,1
1199,116,1
1200,72,1
1201,72,1
1201,105,1
1201,108,1
1202,72,1
1202,108,1
1203,72,1
1203,73,1
1203,98,1
1203,108,1
1203,109,1
1203,113,1
1203,114,1
1203,115,1
1203,116,1
1204,72,1
1204,108,1
1204,114,1
1205,72,1
1205,108,1
1205,111,1
1206,72,1
1206,105,1
1206,108,1
1206,114,1
1207,72,1
1207,113,1
1208,72,1
1208,99,1
1208,108,1
1209,72,1
1209,113,1
1210,72,1
1210,108,1
1210,114,1
1211,72,1
1211,108,1
1211,113,1
1212,72,1
1213,72,1
1213,108,1
1214,73,1
1214,108,1
1215,72,1
1215,90,1
1215,91,1
1215,96,1
1215,99,1
1215,101,1
1215,108,1
1215,111,1
1215,115,1
1215,116,1
1216,72,1
1216,73,1
1216,108,1
1216,113,1
1216,114,1
1216,115,1
1217,72,1
1217,73,1
1217,87,1
1217,88,1
1217,108,1
1217,113,1
1217,114,1
1217,115,1
1217,116,1
1218,72,1
1218,86,1
1218,87,1
1218,89,1
1218,96,1
1218,97,1
1218,100,1
1218,108,1
1218,113,1
1218,114,1
1218,115,1
1218,116,1
1219,6,1
1219,72,1
1219,87,1
1219,95,1
1219,108,1
1219,111,1
1219,113,1
1219,114,1
1219,116,1
1220,72,1
1220,108,1
1220,112,1
1220,113,1
1220,114,1
1221,72,1
1221,73,1
1221,81,1
1221,108,1
1221,114,1
1221,116,1
1222,72,1
1222,108,1
1223,72,1
1223,108,1
1223,113,1
1223,114,1
1224,72,1
1224,108,1
1224,115,1
1225,72,1
1225,73,1
1225,89,1
1225,90,1
1225,96,1
1225,100,1
1225,108,1
1225,111,1
1225,113,1
1225,115,1
1225,116,1
1226,72,1
1226,87,1
1226,90,1
1226,100,1
1226,108,1
1226,109,1
1226,115,1
1226,116,1
1227,72,1
1227,108,1
1227,114,1
1227,115,1
1227,116,1
1228,6,1
1228,72,1
1228,77,1
1228,78,1
1228,80,1
1228,82,1
1228,87,1
1228,90,1
1228,91,1
1228,96,1
1228,97,1
1228,100,1
1228,103,1
1228,104,1
1228,108,1
1228,109,1
1228,111,1
1228,113,1
1228,115,1
1228,116,1
1229,72,1
1229,90,1
1229,91,1
1229,111,1
1230,72,1
1230,90,1
1230,108,1
1230,109,1
1230,115,1
1231,72,1
1231,108,1
1232,72,1
1232,73,1
1232,78,1
1232,108,1
1232,113,1
1233,72,1
1233,108,1
1233,114,1
1234,72,1
1234,108,1
1234,114,1
1235,72,1
1235,108,1
1235,114,1
1236,72,1
1236,73,1
1236,113,1
1236,114,1
1237,72,1
1237,108,1
1237,113,1
1237,116,1
1238,72,1
1238,108,1
1239,72,1
1239,108,1
1239,116,1
1240,72,1
1240,108,1
1240,113,1
1241,72,1
1241,96,1
1241,108,1
1241,113,1
1241,114,1
1241,116,1
1242,72,1
1242,73,1
1242,87,1
1242,88,1
1242,90,1
1242,91,1
1242,96,1
1242,97,1
1242,100,1
1242,101,1
1242,108,1
1242,109,1
1242,113,1
1242,115,1
1243,72,1
1243,108,1
1243,113,1
1243,114,1
1244,72,1
1244,104,1
1244,108,1
1244,113,1
1244,114,1
1244,116,1
1245,72,1
1246,72,1
1246,108,1
1246,113,1
1246,114,1
1247,72,1
1247,73,1
1247,86,1
1247,87,1
1247,90,1
1247,91,1
1247,96,1
1247,99,1
1247,100,1
1247,101,1
1247,103,1
1247,104,1
1247,106,1
1247,108,1
1247,109,1
1247,111,1
1247,113,1
1247,114,1
1247,115,1
1247,116,1
1248,72,1
1248,88,1
1248,108,1
1248,111,1
1249,72,1
1249,108,1
1250,72,1
1250,73,1
1250,87,1
1250,88,1
1250,108,1
1250,111,1
1250,112,1
1250,113,1
1250,116,1
1251,72,1
1251,108,1
1252,72,1
1252,108,1
1253,72,1
1253,113,1
1253,114,1
1254,72,1
1254,108,1
1255,72,1
1255,108,1
1255,111,1
1255,113,1
1255,114,1
1256,72,1
1256,108,1
1256,113,1
1256,114,1
1256,115,1
1257,72,1
1257,108,1
1258,72,1
1258,108,1
1259,72,1
1259,108,1
1259,111,1
1260,72,1
1260,108,1
1260,114,1
1260,116,1
1261,72,1
1261,90,1
1261,96,1
1261,108,1
1261,115,1
1261,116,1
1262,72,1
1262,73,1
1262,108,1
1262,114,1
1262,115,1
1262,116,1
1263,72,1
1263,81,1
1263,108,1
1263,113,1
1263,115,1
1264,72,1
1264,108,1
1265,72,1
1265,108,1
1265,115,1
1266,72,1
1266,108,1
1267,72,1
1267,108,1
1268,72,1
1268,76,1
1268,82,1
1268,108,1
1268,111,1
1269,72,1
1269,108,1
1270,72,1
1270,108,1
1270,113,1
1270,114,1
1271,72,1
1271,73,1
1271,108,1
1271,111,1
1271,113,1
1271,114,1
1272,72,1
1272,108,1
1272,113,1
1273,72,1
1273,73,1
1273,87,1
1273,90,1
1273,91,1
1273,95,1
1273,97,1
1273,99,1
1273,100,1
1273,101,1
1273,103,1
1273,105,1
1273,108,1
1273,110,1
1273,111,1
1273,115,1
1273,116,1
1274,72,1
1274,108,1
1275,72,1
1275,108,1
1275,113,1
1276,72,1
1276,90,1
1276,99,1
1276,108,1
1276,115,1
1277,72,1
1277,108,1
1278,72,1
1278,73,1
1278,96,1
1278,108,1
1278,114,1
1278,115,1
1278,116,1
1279,72,1
1279,108,1
1280,72,1
1280,90,1
1280,91,1
1280,103,1
1280,108,1
1280,115,1
1280,116,1
1281,72,1
1281,73,1
1281,91,1
1281,96,1
1281,100,1
1281,108,1
1281,109,1
1281,111,1
1281,114,1
1281,115,1
1281,116,1
1282,72,1
1282,108,1
1282,113,1
1282,114,1
1282,115,1
1282,116,1
1283,72,1
1283,90,1
1283,91,1
1283,96,1
1283,99,1
1283,108,1
1283,113,1
1283,114,1
1283,115,1
1284,72,1
1284,108,1
1284,113,1
1284,116,1
1285,72,1
1285,90,1
1285,91,1
1285,96,1
1285,108,1
1285,115,1
1285,116,1
1286,72,1
1286,96,1
1286,97,1
1286,108,1
1286,111,1
1286,113,1
1286,115,1
1286,116,1
1287,72,1
1287,108,1
1288,72,1
1288,108,1
1288,113,1
1289,72,1
1289,96,1
1289,99,1
1289,108,1
1289,115,1
1289,116,1
1290,72,1
1290,73,1
1290,87,1
1290,88,1
1290,89,1
1290,90,1
1290,97,1
1290,100,1
1290,108,1
1290,112,1
1290,113,1
1290,114,1
1290,115,1
1290,116,1
1291,72,1
1291,108,1
1291,113,1
1291,114,1
1291,115,1
1291,116,1
1292,72,1
1292,106,1
1292,108,1
1292,111,1
1292,115,1
1292,116,1
1293,72,1
1293,73,1
1293,108,1
1293,113,1
1293,114,1
1293,115,1
1293,116,1
1294,72,1
1294,86,1
1294,87,1
1294,90,1
1294,91,1
1294,96,1
1294,108,1
1294,109,1
1294,111,1
1294,113,1
1294,115,1
1294,116,1
1295,72,1
1295,89,1
1295,108,1
1296,72,1
1296,108,1
1296,111,1
1297,72,1
1297,108,1
1297,113,1
1297,114,1
1298,72,1
1298,73,1
1298,86,1
1298,108,1
1299,72,1
1299,108,1
1299,113,1
1299,114,1
1300,81,1
1300,108,1
1301,72,1
1301,108,1
1301,114,1
1302,72,1
1302,108,1
1302,113,1
1302,114,1
1302,115,1
1302,116,1
1303,72,1
1303,108,1
1303,111,1
1303,115,1
1303,116,1
1304,72,1
1304,86,1
1304,87,1
1304,90,1
1304,96,1
1304,97,1
1304,108,1
1304,114,1
1304,115,1
1304,116,1
1305,72,1
1305,108,1
1306,72,1
1306,108,1
1307,72,1
1307,108,1
1307,113,1
1307,114,1
1307,116,1
1308,72,1
1308,108,1
1308,109,1
1308,111,1
1308,116,1
1309,72,1
1309,108,1
1310,72,1
1311,72,1
1311,108,1
1311,113,1
1312,72,1
1313,72,1
1313,108,1
1314,72,1
1314,73,1
1314,81,1
1314,87,1
1314,88,1
1314,89,1
1314,90,1
1314,91,1
1314,96,1
1314,97,1
1314,108,1
1314,113,1
1314,114,1
1314,115,1
1314,116,1
1315,72,1
1315,81,1
1315,108,1
1315,111,1
1316,72,1
1316,108,1
1317,72,1
1317,108,1
1317,113,1
1317,114,1
1317,115,1
1317,116,1
1318,6,1
1318,72,1
1318,74,1
1318,82,1
1318,86,1
1318,87,1
1318,88,1
1318,89,1
1318,90,1
1318,91,1
1318,92,1
1318,96,1
1318,98,1
1318,99,1
1318,101,1
1318,102,1
1318,106,1
1318,108,1
1318,111,1
1318,115,1
1319,72,1
1319,108,1
1319,112,1
1319,113,1
1319,114,1
1319,116,1
1320,72,1
1321,72,1
1321,108,1
1322,72,1
1322,108,1
1322,113,1
1323,72,1
1323,108,1
1324,72,1
1324,108,1
1324,115,1
1324,116,1
1325,72,1
1325,81,1
1325,108,1
1325,111,1
1325,113,1
1325,114,1
1326,72,1
1326,73,1
1326,86,1
1326,87,1
1326,90,1
1326,91,1
1326,96,1
1326,97,1
1326,100,1
1326,108,1
1326,111,1
1326,113,1
1326,114,1
1326,115,1
1326,116,1
1327,72,1
1327,108,1
1327,111,1
1327,112,1
1327,113,1
1327,114,1
1328,72,1
1328,81,1
1328,108,1
1328,113,1
1328,116,1
1329,72,1
1329,108,1
1330,72,1
1330,108,1
1330,115,1
1331,72,1
1331,78,1
1331,87,1
1331,90,1
1331,91,1
1331,96,1
1331,101,1
1331,108,1
1331,114,1
1331,116,1
1332,72,1
1332,108,1
1333,72,1
1333,108,1
1334,72,1
1334,108,1
1334,111,1
1335,72,1
1335,73,1
1335,108,1
1335,111,1
1335,113,1
1335,114,1
1335,115,1
1335,116,1
1336,72,1
1336,90,1
1336,91,1
1336,108,1
1337,72,1
1337,90,1
1337,100,1
1337,108,1
1337,115,1
1337,116,1
1338,7,1
1338,72,1
1338,73,1
1338,87,1
1338,88,1
1338,100,1
1338,105,1
1338,108,1
1338,113,1
1338,114,1
1338,115,1
1338,116,1
1339,72,1
1339,82,1
1339,108,1
1340,72,1
1341,72,1
1341,73,1
1341,108,1
1341,113,1
1341,114,1
1341,115,1
1341,116,1
1342,72,1
1342,108,1
1342,113,1
1342,114,1
1342,116,1
1343,72,1
1343,108,1
1343,115,1
1344,72,1
1344,108,1
1345,72,1
1345,108,1
1345,113,1
1346,72,1
1346,73,1
1346,108,1
1346,113,1
1346,114,1
1346,115,1
1346,116,1
1347,72,1
1347,108,1
1348,73,1
1348,108,1
1349,72,1
1349,108,1
1350,72,1
1350,91,1
1350,108,1
1350,113,1
1350,115,1
1351,72,1
1351,108,1
1352,72,1
1352,73,1
1352,108,1
1353,72,1
1353,108,1
1354,72,1
1354,73,1
1354,108,1
1355,6,1
1355,72,1
1355,73,1
1355,86,1
1355,87,1
1355,90,1
1355,91,1
1355,96,1
1355,97,1
1355,100,1
1355,104,1
1355,108,1
1355,111,1
1355,113,1
1355,115,1
1355,116,1
1356,72,1
1356,73,1
1356,88,1
1356,99,1
1356,108,1
1356,111,1
1356,112,1
1356,113,1
1356,114,1
1356,115,1
1356,116,1
1357,72,1
1357,108,1
1357,113,1
1358,6,1
1358,72,1
1358,81,1
1358,87,1
1358,90,1
1358,97,1
1358,108,1
1359,72,1
1359,108,1
1360,72,1
1360,89,1
1360,90,1
1360,91,1
1360,96,1
1360,108,1
1360,109,1
1360,113,1
1360,115,1
1361,72,1
1361,108,1
1361,113,1
1362,72,1
1362,108,1
1363,72,1
1363,108,1
1363,113,1
1363,114,1
1363,115,1
1363,116,1
1364,72,1
1364,108,1
1365,72,1
1365,108,1
1365,111,1
1365,115,1
1366,72,1
1366,108,1
1366,115,1
1367,72,1
1367,108,1
1367,111,1
1367,113,1
1367,114,1
1367,115,1
1367,116,1
1368,78,1
1369,72,1
1369,84,1
1369,108,1
1369,115,1
1369,116,1
1370,72,1
1370,108,1
1370,111,1
1370,113,1
1370,115,1
1370,116,1
1371,72,1
1371,73,1
1371,108,1
1371,111,1
1371,113,1
1371,114,1
1371,115,1
1371,116,1
1372,72,1
1372,76,1
1372,78,1
1372,81,1
1372,82,1
1372,108,1
1372,111,1
1372,115,1
1372,116,1
1373,82,1
1374,72,1
1374,76,1
1374,77,1
1374,82,1
1374,108,1
1374,111,1
1374,115,1
1374,116,1
1375,72,1
1375,83,1
1375,108,1
1375,111,1
1375,113,1
1375,114,1
1375,115,1
1375,116,1
1376,72,1
1376,76,1
1376,108,1
1376,111,1
1376,115,1
1376,116,1
1377,72,1
1377,108,1
1378,72,1
1378,90,1
1378,96,1
1378,97,1
1378,100,1
1378,108,1
1378,114,1
1378,115,1
1378,116,1
1379,72,1
1379,89,1
1379,108,1
1379,113,1
1379,114,1
1379,116,1
1380,72,1
1380,81,1
1380,108,1
1380,115,1
1381,72,1
1381,108,1
1381,115,1
1381,116,1
1382,72,1
1382,73,1
1382,87,1
1382,90,1
1382,91,1
1382,96,1
1382,97,1
1382,100,1
1382,103,1
1382,108,1
1382,111,1
1382,114,1
1382,115,1
1382,116,1
1383,72,1
1383,73,1
1383,108,1
1383,111,1
1383,112,1
1383,113,1
1383,114,1
1383,116,1
1384,72,1
1384,81,1
1384,108,1
1384,111,1
1384,112,1
1384,113,1
1384,114,1
1385,72,1
1385,108,1
1386,72,1
1387,72,1
1387,112,1
1387,113,1
1387,114,1
1388,72,1
1388,108,1
1388,115,1
1388,116,1
1389,72,1
1389,73,1
1389,108,1
1389,113,1
1389,114,1
1389,115,1
1389,116,1
1390,72,1
1390,108,1
1390,113,1
1390,114,1
1390,115,1
1390,116,1
1391,72,1
1391,73,1
1391,108,1
1392,72,1
1392,108,1
1392,115,1
1393,72,1
1393,108,1
1393,114,1
1394,72,1
1394,108,1
1394,114,1
1395,72,1
1395,108,1
1396,72,1
1396,96,1
1396,99,1
1396,100,1
1396,108,1
1396,111,1
1396,113,1
1396,114,1
1396,115,1
1396,116,1
1397,72,1
1397,73,1
1397,81,1
1397,86,1
1397,88,1
1397,89,1
1397,90,1
1397,91,1
1397,96,1
1397,100,1
1397,101,1
1397,108,1
1397,109,1
1397,111,1
1397,113,1
1397,114,1
1397,115,1
1397,116,1
1398,72,1
1398,108,1
1398,114,1
1399,72,1
1399,108,1
1400,72,1
1400,108,1
1401,72,1
1401,73,1
1401,90,1
1401,96,1
1401,108,1
1401,111,1
1401,113,1
1401,114,1
1401,115,1
1401,116,1
1402,72,1
1402,73,1
1402,108,1
1403,72,1
1403,90,1
1403,108,1
1403,113,1
1403,114,1
1403,116,1
1404,72,1
1404,87,1
1404,89,1
1404,108,1
1404,113,1
1404,114,1
1404,116,1
1405,72,1
1405,73,1
1405,87,1
1405,96,1
1405,97,1
1405,108,1
1405,111,1
1405,113,1
1405,114,1
1405,115,1
1405,116,1
1406,72,1
1406,81,1
1406,108,1
1406,113,1
1406,114,1
1407,72,1
1407,73,1
1407,108,1
1407,111,1
1407,113,1
1407,114,1
1407,116,1
1408,72,1
1408,108,1
1408,113,1
1408,114,1
1409,72,1
1409,108,1
1410,72,1
1410,108,1
1411,72,1
1411,73,1
1411,108,1
1411,113,1
1411,114,1
1411,115,1
1411,116,1
1412,72,1
1412,78,1
1412,108,1
1412,115,1
1413,72,1
1413,108,1
1413,116,1
1414,72,1
1415,72,1
1415,108,1
1415,113,1
1415,114,1
1415,116,1
1416,72,1
1416,108,1
1417,72,1
1417,108,1
1417,113,1
1417,114,1
1417,116,1
1418,72,1
1418,73,1
1418,108,1
1418,111,1
1418,113,1
1418,114,1
1418,115,1
1418,116,1
1419,72,1
1419,82,1
1419,108,1
1419,115,1
1420,78,1
1420,108,1
1421,72,1
1421,108,1
1421,113,1
1422,72,1
1422,108,1
1423,72,1
1423,73,1
1423,113,1
1423,114,1
1424,72,1
1424,73,1
1424,111,1
1424,113,1
1424,114,1
1424,115,1
1424,116,1
1425,72,1
1425,108,1
1425,111,1
1426,72,1
1426,73,1
1426,108,1
1426,113,1
1426,114,1
1426,115,1
1426,116,1
1427,72,1
1427,108,1
1427,113,1
1428,72,1
1428,108,1
1428,113,1
1428,114,1
1428,115,1
1429,72,1
1429,108,1
1429,116,1
1430,72,1
1430,73,1
1430,108,1
1430,111,1
1430,113,1
1430,114,1
1431,72,1
1431,73,1
1431,86,1
1431,87,1
1431,108,1
1431,111,1
1431,113,1
1431,114,1
1432,72,1
1432,87,1
1432,96,1
1432,108,1
1432,111,1
1432,113,1
1432,114,1
1433,72,1
1433,87,1
1433,89,1
1433,90,1
1433,96,1
1433,97,1
1433,108,1
1433,115,1
1433,116,1
1434,72,1
1434,108,1
1434,115,1
1434,116,1
1435,72,1
1435,116,1
1436,72,1
1436,97,1
1436,108,1
1436,115,1
1437,72,1
1437,108,1
1437,113,1
1438,72,1
1438,88,1
1438,108,1
1438,114,1
1438,116,1
1439,72,1
1439,116,1
1440,72,1
1440,82,1
1440,87,1
1440,108,1
1441,72,1
1441,108,1
1441,114,1
1442,72,1
1442,73,1
1442,108,1
1442,111,1
1442,113,1
1442,114,1
1442,115,1
1443,72,1
1443,73,1
1443,74,1
1443,108,1
1443,111,1
1443,113,1
1443,114,1
1443,115,1
1443,116,1
1444,72,1
1444,108,1
1444,115,1
1445,72,1
1445,108,1
1446,72,1
1446,108,1
1447,72,1
1448,72,1
1448,80,1
1448,96,1
1448,97,1
1448,108,1
1448,113,1
1448,116,1
1449,72,1
1449,114,1
1449,115,1
1449,116,1
1450,72,1
1450,73,1
1450,74,1
1450,82,1
1450,108,1
1450,111,1
1450,114,1
1450,115,1
1450,116,1
1451,72,1
1451,108,1
1451,111,1
1451,114,1
1451,115,1
1451,116,1
1452,72,1
1452,80,1
1452,81,1
1452,108,1
1452,111,1
1452,113,1
1452,114,1
1452,115,1
1453,72,1
1453,89,1
1453,108,1
1453,113,1
1454,72,1
1454,108,1
1454,112,1
1454,113,1
1454,114,1
1454,115,1
1454,116,1
1455,72,1
1455,108,1
1456,72,1
1456,108,1
1456,113,1
1456,114,1
1457,72,1
1457,73,1
1457,108,1
1457,113,1
1457,114,1
1458,72,1
1458,108,1
1458,113,1
1459,72,1
1459,74,1
1459,77,1
1459,82,1
1459,85,1
1459,108,1
1459,113,1
1459,115,1
1459,116,1
1460,72,1
1460,108,1
1461,72,1
1461,108,1
1462,72,1
1462,108,1
1462,111,1
1462,113,1
1462,114,1
1462,116,1
1463,72,1
1463,108,1
1463,113,1
1464,72,1
1464,108,1
1465,72,1
1465,108,1
1465,113,1
1465,116,1
1466,72,1
1466,108,1
1466,111,1
1466,113,1
1466,116,1
1467,72,1
1468,72,1
1469,72,1
1469,108,1
1469,114,1
1469,115,1
1469,116,1
1470,72,1
1470,108,1
1470,113,1
1470,115,1
1470,116,1
1471,72,1
1471,108,1
1472,72,1
1472,108,1
1472,113,1
1472,114,1
1473,72,1
1473,87,1
1473,108,1
1473,113,1
1473,114,1
1473,116,1
1474,73,1
1474,113,1
1475,72,1
1475,89,1
1475,108,1
1475,113,1
1475,116,1
1476,72,1
1476,108,1
1476,111,1
1476,113,1
1477,72,1
1478,72,1
1478,87,1
1478,96,1
1478,100,1
1478,108,1
1478,109,1
1478,111,1
1478,113,1
1478,115,1
1478,116,1
1479,72,1
1479,90,1
1479,108,1
1479,114,1
1479,115,1
1480,72,1
1480,90,1
1480,108,1
1481,72,1
1481,73,1
1481,108,1
1481,113,1
1481,116,1
1482,72,1
1482,87,1
1482,88,1
1482,90,1
1482,91,1
1482,100,1
1482,101,1
1482,103,1
1482,104,1
1482,108,1
1482,111,1
1482,114,1
1482,115,1
1482,116,1
1483,72,1
1484,72,1
1484,108,1
1484,111,1
1484,113,1
1484,115,1
1484,116,1
1485,72,1
1485,108,1
1485,116,1
1486,72,1
1486,108,1
1486,114,1
1487,72,1
1487,108,1
1488,72,1
1488,73,1
1488,81,1
1488,108,1
1488,113,1
1489,72,1
1489,108,1
1489,111,1
1489,115,1
1489,116,1
1490,72,1
1490,108,1
1491,72,1
1491,108,1
1491,113,1
1491,114,1
1492,72,1
1493,72,1
1493,108,1
1493,115,1
1493,116,1
1494,72,1
1494,108,1
1494,115,1
1494,116,1
1495,72,1
1495,73,1
1495,108,1
1495,113,1
1495,114,1
1496,72,1
1496,108,1
1497,72,1
1497,73,1
1497,108,1
1497,116,1
1498,72,1
1499,72,1
1499,79,1
1499,113,1
1499,114,1
1500,72,1
1501,72,1
1501,108,1
1502,72,1
1502,108,1
1502,111,1
1502,116,1
1503,72,1
1504,72,1
1504,108,1
1505,72,1
1505,108,1
1505,115,1
1506,72,1
1507,72,1
1508,75,1
1509,72,1
1509,108,1
1510,72,1
1510,73,1
1510,108,1
1510,113,1
1510,114,1
1510,115,1
1510,116,1
1511,72,1
1511,73,1
1511,108,1
1511,114,1
1512,72,1
1512,108,1
1512,114,1
1513,72,1
1513,87,1
1513,96,1
1513,108,1
1514,72,1
1514,108,1
1515,72,1
1515,81,1
1515,108,1
1516,72,1
1516,108,1
1516,111,1
1517,72,1
1517,82,1
1517,108,1
1517,111,1
1517,113,1
1517,115,1
1518,72,1
1518,82,1
1518,108,1
1519,72,1
1519,108,1
1519,111,1
1519,115,1
1519,116,1
1520,72,1
1520,108,1
1520,114,1
1521,72,1
1521,73,1
1521,90,1
1521,91,1
1521,96,1
1521,98,1
1521,108,1
1521,113,1
1521,114,1
1521,115,1
1521,116,1
1522,72,1
1522,91,1
1522,96,1
1522,108,1
1523,72,1
1523,73,1
1523,108,1
1523,113,1
1523,114,1
1523,116,1
1524,72,1
1524,87,1
1524,90,1
1524,100,1
1524,108,1
1524,115,1
1524,116,1
1525,72,1
1525,99,1
1525,108,1
1525,113,1
1526,72,1
1526,108,1
1527,72,1
1527,108,1
1527,113,1
1528,72,1
1528,108,1
1529,72,1
1529,108,1
1529,113,1
1529,114,1
1529,115,1
1529,116,1
1530,72,1
1530,108,1
1530,115,1
1531,72,1
1531,108,1
1531,112,1
1531,114,1
1531,116,1
1532,72,1
1532,108,1
1533,72,1
1533,73,1
1533,108,1
1533,113,1
1533,114,1
1533,115,1
1534,72,1
1534,108,1
1534,113,1
1535,72,1
1535,73,1
1535,81,1
1535,90,1
1535,91,1
1535,97,1
1535,100,1
1535,108,1
1535,113,1
1535,114,1
1535,115,1
1535,116,1
1536,72,1
1536,81,1
1536,108,1
1536,116,1
1537,72,1
1537,108,1
1538,72,1
1538,73,1
1538,108,1
1539,72,1
1539,108,1
1539,115,1
1539,116,1
1540,72,1
1540,108,1
1541,72,1
1541,73,1
1541,81,1
1541,87,1
1541,108,1
1541,113,1
1541,115,1
1541,116,1
1542,72,1
1542,87,1
1542,88,1
1542,90,1
1542,91,1
1542,96,1
1542,97,1
1542,100,1
1542,101,1
1542,108,1
1542,109,1
1542,115,1
1542,116,1
1543,72,1
1543,87,1
1543,89,1
1543,90,1
1543,91,1
1543,96,1
1543,108,1
1543,111,1
1543,113,1
1543,114,1
1543,115,1
1543,116,1
1544,86,1
1544,108,1
1544,115,1
1545,87,1
1545,108,1
1545,113,1
1546,87,1
1546,90,1
1546,91,1
1546,101,1
1547,87,1
1547,108,1
1547,111,1
1547,113,1
1548,87,1
1548,108,1
1549,87,1
1549,108,1
1549,113,1
1550,87,1
1550,90,1
1550,91,1
1550,103,1
1550,105,1
1550,108,1
1550,113,1
1550,114,1
1551,88,1
1551,108,1
1552,90,1
1552,103,1
1552,108,1
1552,109,1
1553,90,1
1553,99,1
1553,109,1
1553,110,1
1554,90,1
1554,108,1
1554,115,1
1554,116,1
1555,90,1
1555,91,1
1555,96,1
1555,97,1
1555,101,1
1555,106,1
1556,90,1
1556,91,1
1556,101,1
1556,108,1
1556,113,1
1556,115,1
1556,116,1
1557,90,1
1557,108,1
1557,115,1
1557,116,1
1558,90,1
1558,108,1
1559,90,1
1559,96,1
1559,101,1
1559,108,1
1559,115,1
1559,116,1
1560,90,1
1560,108,1
1560,115,1
1561,90,1
1561,91,1
1561,108,1
1561,111,1
1561,115,1
1561,116,1
1562,90,1
1562,91,1
1562,96,1
1562,97,1
1562,101,1
1562,108,1
1562,115,1
1563,91,1
1563,108,1
1563,115,1
1563,116,1
1564,96,1
1565,96,1
1565,108,1
1565,115,1
1566,97,1
1566,108,1
1566,113,1
1566,114,1
1566,115,1
1567,101,1
1567,115,1
1568,105,1
1568,108,1
1568,115,1
1568,116,1
1569,111,1
1569,113,1
1569,114,1
1570,108,1
1570,111,1
1571,108,1
1571,111,1
1572,111,1
1573,108,1
1573,111,1
1573,113,1
1573,114,1
1573,115,1
1574,111,1
1575,108,1
1575,111,1
1576,111,1
1577,108,1
1577,111,1
1578,111,1
1579,108,1
1579,111,1
1580,108,1
1580,111,1
1581,108,1
1581,112,1
1581,113,1
1582,108,1
1582,112,1
1582,113,1
1582,114,1
1583,108,1
1583,112,1
1583,113,1
1583,114,1
1584,113,1
1585,108,1
1585,113,1
1586,113,1
1587,113,1
1588,108,1
1588,113,1
1589,108,1
1589,113,1
1590,108,1
1590,113,1
1590,114,1
1591,113,1
1591,114,1
1592,113,1
1593,108,1
1593,113,1
1594,113,1
1595,108,1
1595,113,1
1595,116,1
1596,113,1
1597,108,1
1597,113,1
1597,114,1
1598,108,1
1598,113,1
1598,114,1
1599,108,1
1599,113,1
1600,108,1
1600,113,1
1601,108,1
1601,113,1
1602,108,1
1602,113,1
1603,108,1
1603,113,1
1603,114,1
1604,108,1
1604,113,1
1605,113,1
1606,113,1
1607,108,1
1607,113,1
1607,114,1
1608,113,1
1609,113,1
1610,113,1
1611,108,1
1611,113,1
1611,114,1
1612,108,1
1612,113,1
1613,113,1
1614,113,1
1615,113,1
1615,114,1
1616,113,1
1617,113,1
1618,108,1
1618,113,1
1618,116,1
1619,113,1
1619,114,1
1620,113,1
1621,108,1
1621,113,1
1621,114,1
1622,108,1
1622,113,1
1623,108,1
1623,113,1
1624,113,1
1624,114,1
1625,108,1
1625,113,1
1626,113,1
1627,108,1
1627,113,1
1627,114,1
1628,113,1
1629,108,1
1629,113,1
1630,108,1
1630,113,1
1630,116,1
1631,108,1
1631,113,1
1632,113,1
1633,108,1
1633,113,1
1634,113,1
1635,108,1
1635,113,1
1635,114,1
1636,113,1
1637,113,1
1638,108,1
1638,113,1
1639,113,1
1640,113,1
1641,108,1
1641,113,1
1641,114,1
1642,113,1
1642,114,1
1643,113,1
1643,114,1
1644,113,1
1645,113,1
1646,108,1
1646,114,1
1647,114,1
1648,108,1
1648,114,1
1649,114,1
1650,114,1
1651,114,1
1652,108,1
1652,114,1
1653,108,1
1653,114,1
1654,108,1
1654,114,1
1655,114,1
1656,114,1
1657,114,1
1658,114,1
1659,114,1
1660,114,1
1661,114,1
1662,114,1
1663,114,1
1664,108,1
1664,114,1
1665,114,1
1666,114,1
1667,108,1
1667,114,1
1668,114,1
1669,114,1
1670,108,1
1670,115,1
1671,108,1
1671,115,1
1672,115,1
1673,108,1
1673,115,1
1673,116,1
1674,108,1
1674,115,1
1675,108,1
1675,115,1
1676,115,1
1677,115,1
1677,116,1
1678,108,1
1678,115,1
1679,108,1
1679,115,1
1680,108,1
1680,115,1
1681,108,1
1681,116,1
1682,116,1
1683,108,1
1683,116,1
1684,108,1
1684,116,1
1685,108,1
1685,116,1
1686,108,1
1686,116,1
1687,108,1
1687,116,1
1688,108,1
1688,116,1
1689,116,1
1690,108,1
1691,108,1
1692,108,1
1693,108,1
1694,108,1
1695,108,1
1696,108,1
1697,108,1
1698,108,1
1699,108,1
1700,108,1
1701,108,1
1702,108,1
1703,108,1
1704,108,1
1705,108,1
1706,108,1
1707,108,1
1708,108,1
1709,108,1
1710,108,1
1711,108,1
1712,108,1
1713,108,1
1714,108,1
1715,108,1
1716,108,1
1717,108,1
1718,108,1
1719,108,1
1720,108,1
1721,108,1
1722,108,1
1723,108,1
1724,108,1
1725,108,1
1726,108,1
1727,108,1
1728,108,1
1729,108,1
1730,108,1
1731,108,1
1732,108,1
1733,108,1
1734,108,1
1735,108,1
1736,108,1
1737,108,1
1738,108,1
1739,108,1
1740,108,1
1741,108,1
1742,108,1
1743,108,1
1744,108,1
1745,108,1
1746,108,1
1747,108,1
1748,108,1
1749,108,1
1750,108,1
1751,108,1
1752,108,1
1753,108,1
1754,108,1
1755,108,1
1756,108,1
1757,108,1
1758,108,1
1759,108,1
1760,108,1
1761,108,1
1762,108,1
1763,108,1
1764,108,1
1765,108,1
1766,108,1
1767,108,1
1768,108,1
1769,108,1
1770,108,1
1771,108,1
1772,108,1
1773,108,1
1774,108,1
1775,108,1
1776,108,1
1777,108,1
1778,108,1
1779,108,1
1780,108,1
1781,108,1
1782,108,1
1783,108,1
1784,108,1
1785,108,1
1786,108,1
1787,108,1
1788,108,1
1789,108,1
1790,108,1
1791,108,1
1792,108,1
1793,108,1
1794,108,1
1795,108,1
1796,108,1
1797,108,1
1798,108,1
1799,108,1
1800,108,1
1801,108,1
1802,108,1
1803,108,1
1804,108,1
1805,108,1
1806,108,1
1807,108,1
1808,108,1
1809,108,1
1810,108,1
1811,108,1
1812,108,1
1813,108,1
1814,108,1
1815,108,1
1816,108,1
1817,108,1
1818,108,1
1819,108,1
1820,108,1
1821,108,1
1822,108,1
1823,108,1
1824,108,1
1825,108,1
1826,108,1
1827,108,1
1828,108,1
1829,108,1
1830,108,1
1831,108,1
1832,108,1
1833,108,1
1834,108,1
1835,108,1
1836,108,1
1837,108,1
1838,108,1
1839,108,1
1840,108,1
1841,108,1
1842,108,1
1843,108,1
1844,108,1
1845,108,1
1846,108,1
1847,108,1
1848,108,1
1849,108,1
1850,108,1
1851,108,1
1852,108,1
1853,108,1
1854,108,1
1855,108,1
1856,108,1
1857,108,1
1858,108,1
1859,108,1
1860,108,1
1861,108,1
1862,108,1
1863,108,1
1864,108,1
1865,108,1
1866,108,1
1867,108,1
1868,108,1
1869,108,1
1870,108,1
1871,108,1
1872,108,1
1873,108,1
