0,509,16,1
1,1261,224,-1
2,539,11,1
3,2056,146,-1
4,15,146,-1
5,112,57,1
6,1607,38,-1
7,1210,1,1
8,2335,146,-1
9,2100,220,-1
10,2462,146,-1
11,507,223,-1
12,38,212,-1
13,414,81,1
14,1774,219,-1
15,2083,220,-1
16,557,38,-1
17,493,11,1
18,555,26,1
19,573,0,1
20,1963,219,-1
21,1777,220,-1
22,1966,219,-1
23,1540,225,-1
24,448,68,1
25,1471,38,-1
26,2075,146,-1
27,1786,221,-1
28,568,24,1
29,336,146,-1
30,2461,226,-1
31,514,72,1
32,64,12,1
33,94,111,1
34,2038,223,-1
35,600,237,-1
36,1561,129,-1
37,593,1,1
38,2432,82,-1
39,1129,225,-1
40,267,38,-1
41,2179,38,-1
42,1722,146,-1
43,1488,146,-1
44,264,2,1
45,309,2,1
46,402,20,1
47,1828,44,-1
48,1517,124,-1
49,341,97,1
50,986,33,-1
51,1035,179,1
52,814,145,1
53,1054,142,1
54,2481,146,-1
55,1074,11,1
56,457,12,1
57,1041,7,1
58,427,3,1
59,936,12,1
60,1838,146,-1
61,69,11,1
62,169,51,1
63,1602,146,-1
64,1466,22,1
65,254,35,1
66,1987,219,-1
67,2029,225,-1
68,120,12,1
69,684,225,-1
70,1055,56,1
71,1715,219,-1
72,2292,220,-1
73,604,22,1
74,220,2,1
75,248,41,1
76,1040,30,1
77,1608,146,-1
78,153,21,1
79,1877,146,-1
80,2474,225,-1
81,40,2,1
82,1919,146,-1
83,1772,220,-1
84,392,35,1
85,1046,0,1
86,2476,146,-1
87,1664,221,-1
88,763,13,1
89,1461,12,1
90,1342,0,1
91,1305,219,-1
92,1808,146,-1
93,1193,193,1
94,492,95,1
95,785,142,1
96,2337,219,-1
97,2155,219,-1
98,1028,219,-1
99,1063,205,-1
100,995,219,-1
101,379,3,1
102,2351,219,-1
103,1560,220,-1
104,2403,38,-1
105,856,1,1
106,1061,26,1
107,1070,220,-1
108,1559,223,-1
109,10,16,1
110,1638,225,-1
111,1352,35,1
112,540,16,1
113,698,1,1
114,1485,219,-1
115,1498,220,-1
116,1285,225,-1
117,551,146,-1
118,1851,38,-1
119,1743,244,-1
120,1451,225,-1
121,1240,11,1
122,1609,146,-1
123,2234,219,-1
124,187,16,1
125,41,146,-1
126,2366,219,-1
127,2396,38,-1
128,2031,220,-1
129,1545,97,-1
130,2130,219,-1
131,41,12,1
132,24,146,-1
133,1615,38,-1
134,1930,33,-1
135,121,44,1
136,1610,219,-1
137,99,40,1
138,414,189,1
139,2060,146,-1
140,1881,146,-1
141,618,20,1
142,2416,219,-1
143,2424,205,-1
144,473,93,1
145,308,10,1
146,2452,225,-1
147,135,16,1
148,662,3,1
149,727,16,1
150,1931,220,-1
151,2311,226,-1
152,2151,146,-1
153,1144,32,1
154,1513,225,-1
155,1217,0,1
156,1687,219,-1
157,2301,146,-1
158,1854,146,-1
159,2196,219,-1
160,316,2,1
161,2153,146,-1
162,1704,220,-1
163,1752,38,-1
164,2485,205,-1
165,2258,219,-1
166,26,93,1
167,26,33,1
168,1408,3,1
169,1911,225,-1
170,1247,203,1
171,1029,12,1
172,1853,222,-1
173,370,0,1
174,1024,187,1
175,481,1,1
176,1382,38,-1
177,575,35,1
178,1280,53,1
179,36,21,1
180,640,2,1
181,258,14,1
182,1822,38,-1
183,145,26,1
184,420,35,1
185,1811,222,-1
186,2096,225,-1
187,492,140,1
188,543,12,1
189,1139,2,1
190,906,24,1
191,1952,225,-1
192,20,15,1
193,1196,12,1
194,1478,219,-1
195,760,166,1
196,1635,31,-1
197,334,59,1
198,379,220,-1
199,12,3,1
200,733,2,1
201,1628,38,-1
202,2009,129,-1
203,975,1,1
204,1949,219,-1
205,2505,146,-1
206,1116,13,1
207,1668,220,-1
208,87,3,1
209,1584,146,-1
210,680,12,1
211,62,24,1
212,952,0,1
213,1766,146,-1
214,158,1,1
215,2044,225,-1
216,2345,219,-1
217,378,1,1
218,180,16,1
219,2003,226,-1
220,1834,219,-1
221,1653,70,-1
222,1908,146,-1
223,1671,225,-1
224,323,13,1
225,647,146,-1
226,801,226,-1
227,496,3,1
228,477,0,1
229,1790,146,-1
230,368,99,1
231,2480,146,-1
232,1693,152,-1
233,2084,38,-1
234,107,2,1
235,28,19,1
236,1891,219,-1
237,1027,7,1
238,1632,220,-1
239,1232,3,1
240,1370,219,-1
241,799,7,1
242,337,41,1
243,1195,7,1
244,2074,33,-1
245,1772,146,-1
246,26,91,1
247,1915,33,-1
248,1645,225,-1
249,1553,43,-1
250,1335,11,1
251,1454,11,1
252,1724,220,-1
253,2177,225,-1
254,516,150,1
255,25,0,1
256,1559,219,-1
257,1619,223,-1
258,1316,30,1
259,1308,35,1
260,473,27,1
261,716,219,-1
262,560,12,1
263,52,3,1
264,797,1,1
265,1532,38,-1
266,948,220,-1
267,373,76,1
268,972,129,-1
269,1053,16,1
270,868,223,-1
271,741,135,1
272,1238,16,1
273,1471,22,1
274,2089,219,-1
275,1776,146,-1
276,333,16,1
277,1895,146,-1
278,461,1,1
279,886,7,1
280,1250,1,1
281,2218,146,-1
282,2523,146,-1
283,703,0,1
284,1450,146,-1
285,1517,205,-1
286,1561,225,-1
287,2522,225,-1
288,282,13,1
289,1213,222,-1
290,2317,219,-1
291,53,168,1
292,806,43,1
293,2444,146,-1
294,385,31,1
295,1880,220,-1
296,1553,169,-1
297,1274,21,1
298,2298,220,-1
299,1062,24,1
300,1857,225,-1
301,91,47,1
302,800,219,-1
303,766,1,1
304,652,16,1
305,366,5,1
306,75,33,1
307,614,22,1
308,356,12,1
309,90,37,1
310,472,16,1
311,2008,146,-1
312,2344,146,-1
313,1553,252,-1
314,93,1,1
315,300,16,1
316,1906,223,-1
317,330,3,1
318,1349,164,1
319,2300,219,-1
320,722,12,1
321,1173,44,1
322,1932,225,-1
323,32,47,1
324,2270,38,-1
325,1650,219,-1
326,810,12,1
327,730,1,1
328,43,106,1
329,2119,152,-1
330,1553,27,-1
331,1095,12,1
332,1857,38,-1
333,133,30,1
334,1516,219,-1
335,1629,220,-1
336,1367,5,1
337,579,105,1
338,1347,63,-1
339,890,0,1
340,1209,205,-1
341,1444,12,1
342,1548,219,-1
343,2013,219,-1
344,818,24,1
345,812,7,1
346,10,6,1
347,915,7,1
348,747,16,1
349,1300,219,-1
350,1603,220,-1
351,926,225,-1
352,860,220,-1
353,674,120,1
354,1385,219,-1
355,1470,35,1
356,1754,146,-1
357,2363,219,-1
358,731,24,1
359,2220,219,-1
360,1553,182,-1
361,1051,146,-1
362,375,16,1
363,1412,146,-1
364,533,12,1
365,1733,146,-1
366,1028,7,1
367,1442,1,1
368,1243,1,1
369,1631,226,-1
370,1555,220,-1
371,1998,223,-1
372,1551,225,-1
373,2517,219,-1
374,2207,219,-1
375,2088,220,-1
376,2027,219,-1
377,1427,225,-1
378,1844,220,-1
379,2507,220,-1
380,2227,33,-1
381,99,98,1
382,1667,220,-1
383,1360,220,-1
384,521,221,-1
385,2248,220,-1
386,55,72,1
387,462,16,1
388,802,26,1
389,1960,220,-1
390,2193,205,-1
391,1673,220,-1
392,892,35,1
393,1359,12,1
394,1920,146,-1
395,1607,146,-1
396,362,225,-1
397,398,41,1
398,149,12,1
399,2073,219,-1
400,584,9,1
401,1913,129,-1
402,1448,146,-1
403,179,52,1
404,1669,225,-1
405,283,57,1
406,696,22,1
407,605,219,-1
408,1481,220,-1
409,1803,220,-1
410,46,1,1
411,1233,12,1
412,1617,219,-1
413,1209,82,-1
414,1542,146,-1
415,1675,146,-1
416,581,146,-1
417,1649,146,-1
418,410,12,1
419,1106,12,1
420,2310,146,-1
421,2223,219,-1
422,1388,1,1
423,1031,3,1
424,1114,91,1
425,473,101,1
426,2024,219,-1
427,827,1,1
428,2312,38,-1
429,1700,146,-1
430,42,0,1
431,1529,225,-1
432,115,115,1
433,521,129,-1
434,1951,38,-1
435,223,0,1
436,75,140,1
437,924,30,1
438,2090,219,-1
439,1433,12,1
440,1167,1,1
441,1530,179,-1
442,2121,223,-1
443,1042,160,-1
444,1786,222,-1
445,2185,38,-1
446,284,47,1
447,229,31,1
448,1871,146,-1
449,1669,219,-1
450,2308,220,-1
451,450,35,1
452,177,35,1
453,2004,219,-1
454,1159,1,1
455,2115,146,-1
456,1383,7,1
457,2520,146,-1
458,1525,219,-1
459,250,146,-1
460,1805,220,-1
461,405,12,1
462,1362,215,-1
463,466,9,1
464,2478,219,-1
465,2364,146,-1
466,1472,24,1
467,372,3,1
468,1517,228,-1
469,179,146,1
470,2043,146,-1
471,1564,225,-1
472,2127,225,-1
473,993,0,1
474,2046,129,-1
475,918,1,1
476,35,6,1
477,2033,99,-1
478,595,41,1
479,609,219,-1
480,990,12,1
481,9,43,1
482,1265,1,1
483,1709,235,-1
484,1627,225,-1
485,1588,226,-1
486,1049,152,1
487,1847,146,-1
488,1267,11,1
489,843,2,1
490,1829,38,-1
491,1504,146,-1
492,1357,146,-1
493,1149,7,1
494,1046,219,-1
495,899,146,-1
496,2104,38,-1
497,2138,38,-1
498,813,1,1
499,876,24,1
500,474,86,1
501,43,30,1
502,456,35,1
503,336,222,-1
504,924,21,1
505,12,16,1
506,80,34,1
507,984,225,-1
508,301,12,1
509,1462,12,1
510,670,1,1
511,2415,146,-1
512,2178,82,-1
513,36,2,1
514,1553,251,-1
515,388,1,1
516,1051,0,1
517,728,57,1
518,1149,223,-1
519,901,12,1
520,1047,2,1
521,1658,219,-1
522,2233,146,-1
523,1694,31,-1
524,724,2,1
525,2190,222,-1
526,130,35,1
527,1530,117,-1
528,130,11,1
529,1179,12,1
530,2287,219,-1
531,1883,219,-1
532,322,51,1
533,1380,12,1
534,10,9,1
535,1764,146,-1
536,176,11,1
537,1369,24,1
538,1517,191,-1
539,1553,22,-1
540,1991,219,-1
541,1615,219,-1
542,1220,3,1
543,1676,219,-1
544,666,35,1
545,668,1,1
546,1411,222,-1
547,804,30,1
548,778,141,1
549,115,72,1
550,919,215,1
551,87,20,1
552,940,44,-1
553,1261,205,-1
554,239,1,1
555,592,57,1
556,645,31,1
557,1537,212,-1
558,2406,38,-1
559,2227,47,-1
560,1835,146,-1
561,2267,146,-1
562,283,2,1
563,1912,220,-1
564,618,16,1
565,122,11,1
566,1561,219,-1
567,255,22,1
568,1157,16,1
569,1493,220,-1
570,369,1,1
571,1315,14,1
572,1716,219,-1
573,51,38,-1
574,949,3,1
575,2266,146,-1
576,1048,219,-1
577,669,1,1
578,1624,223,-1
579,2332,225,-1
580,53,87,1
581,156,26,1
582,90,192,1
583,2168,225,-1
584,2009,47,-1
585,402,1,1
586,1736,219,-1
587,660,51,1
588,244,181,1
589,1614,219,-1
590,1655,38,-1
591,2514,225,-1
592,672,118,1
593,978,11,1
594,593,9,1
595,859,1,1
596,1531,220,-1
597,231,1,1
598,2146,219,-1
599,293,11,1
600,261,16,1
601,390,41,1
602,1202,22,1
603,1034,138,1
604,223,38,-1
605,1067,12,1
606,469,0,1
607,1226,12,1
608,43,202,1
609,1067,146,-1
610,2340,219,-1
611,721,53,1
612,1566,220,-1
613,1613,223,-1
614,1087,219,-1
615,2070,219,-1
616,1084,35,1
617,860,0,1
618,163,30,1
619,328,225,-1
620,2208,220,-1
621,255,33,-1
622,1597,146,-1
623,1631,32,-1
624,12,41,1
625,285,1,1
626,318,12,1
627,572,38,-1
628,1091,13,1
629,606,1,1
630,344,1,1
631,1188,35,1
632,2464,146,-1
633,932,1,1
634,971,1,1
635,253,24,1
636,2448,146,-1
637,69,20,1
638,2026,220,-1
639,609,56,1
640,2111,219,-1
641,2301,225,-1
642,2303,219,-1
643,1445,30,1
644,1087,0,1
645,2419,220,-1
646,523,6,1
647,863,160,1
648,1542,152,-1
649,1710,146,-1
650,1753,220,-1
651,2354,146,-1
652,1224,0,1
653,202,1,1
654,2066,160,-1
655,566,0,1
656,581,12,1
657,1826,220,-1
658,1144,240,-1
659,1086,188,1
660,1918,220,-1
661,1933,146,-1
662,1967,146,-1
663,2392,146,-1
664,1464,22,1
665,1027,219,-1
666,1256,219,-1
667,525,7,1
668,826,2,1
669,973,24,1
670,1108,30,1
671,2062,219,-1
672,903,56,1
673,2191,223,-1
674,1516,223,-1
675,150,1,1
676,1929,223,-1
677,2380,219,-1
678,2353,219,-1
679,1517,260,-1
680,1516,220,-1
681,534,1,1
682,554,13,1
683,2109,219,-1
684,85,1,1
685,1144,229,-1
686,1711,38,-1
687,1910,160,-1
688,1310,7,1
689,2438,38,-1
690,1362,160,-1
691,1411,220,-1
692,2107,219,-1
693,2314,220,-1
694,84,1,1
695,771,13,1
696,190,2,1
697,621,219,-1
698,2149,146,-1
699,1365,1,1
700,1842,222,-1
701,1745,219,-1
702,603,21,1
703,2080,38,-1
704,726,1,1
705,1392,35,1
706,2246,146,-1
707,1584,223,-1
708,1541,146,-1
709,2261,82,-1
710,1971,222,-1
711,1717,219,-1
712,59,29,1
713,633,51,1
714,1439,7,1
715,1760,188,-1
716,100,12,1
717,2137,222,-1
718,640,56,1
719,399,1,1
720,756,0,1
721,878,3,1
722,522,12,1
723,851,26,1
724,1683,219,-1
725,1980,146,-1
726,1121,1,1
727,1619,220,-1
728,118,0,1
729,2357,231,-1
730,880,146,-1
731,234,2,1
732,515,0,1
733,2098,223,-1
734,492,208,1
735,1786,44,-1
736,1198,219,-1
737,659,41,1
738,789,220,-1
739,1511,219,-1
740,617,35,1
741,1534,146,-1
742,1970,237,-1
743,689,146,-1
744,715,35,1
745,792,41,1
746,972,22,1
747,1012,13,1
748,945,41,1
749,313,1,1
750,376,1,1
751,2501,219,-1
752,265,21,1
753,674,170,1
754,1750,38,-1
755,841,47,1
756,696,0,1
757,39,225,-1
758,1323,0,1
759,198,24,1
760,1876,237,-1
761,1887,225,-1
762,163,3,1
763,2091,146,-1
764,1792,146,-1
765,429,30,1
766,925,38,-1
767,1631,215,-1
768,218,115,1
769,888,35,1
770,1307,35,1
771,2066,215,-1
772,1553,235,-1
773,1869,219,-1
774,308,24,1
775,1535,146,-1
776,1833,38,-1
777,2250,205,-1
778,1530,147,-1
779,424,109,1
780,1721,33,-1
781,1741,146,-1
782,428,1,1
783,68,2,1
784,1659,220,-1
785,1884,219,-1
786,1366,7,1
787,1323,219,-1
788,1107,24,1
789,1922,31,-1
790,1375,9,1
791,798,12,1
792,1621,38,-1
793,20,163,1
794,297,22,1
795,1589,38,-1
796,1491,226,-1
797,705,11,1
798,2160,219,-1
799,1757,146,-1
800,1828,10,-1
801,54,3,1
802,2189,226,-1
803,2466,38,-1
804,1024,68,1
805,1566,247,-1
806,128,35,1
807,500,2,1
808,473,86,1
809,423,14,1
810,998,66,1
811,1611,236,-1
812,432,24,1
813,274,219,-1
814,947,31,1
815,315,219,-1
816,2129,219,-1
817,2500,219,-1
818,1045,192,-1
819,768,222,-1
820,1664,223,-1
821,1070,0,1
822,2229,225,-1
823,1471,222,-1
824,514,29,1
825,1299,11,1
826,373,31,1
827,395,9,1
828,1042,215,-1
829,1072,12,1
830,484,1,1
831,2482,38,-1
832,623,136,1
833,305,1,1
834,833,24,1
835,43,58,1
836,480,219,-1
837,1563,219,-1
838,831,3,1
839,2033,32,-1
840,409,22,1
841,681,16,1
842,1861,219,-1
843,487,1,1
844,950,165,1
845,953,34,1
846,1565,219,-1
847,1301,12,1
848,312,12,1
849,341,73,1
850,981,41,1
851,1892,219,-1
852,2025,219,-1
853,324,225,-1
854,200,14,1
855,713,26,1
856,2515,146,-1
857,1958,219,-1
858,43,117,1
859,1252,35,1
860,767,2,1
861,1593,47,-1
862,365,16,1
863,1965,205,-1
864,1041,222,-1
865,915,220,-1
866,1501,146,-1
867,1628,33,-1
868,757,138,1
869,1600,233,-1
870,241,62,1
871,2014,146,-1
872,641,10,1
873,839,220,-1
874,2187,219,-1
875,2370,82,-1
876,308,44,1
877,1657,225,-1
878,1643,38,-1
879,1514,146,-1
880,946,24,1
881,1998,146,-1
882,4,4,1
883,2471,219,-1
884,467,41,1
885,1994,146,-1
886,1682,38,-1
887,1917,146,-1
888,302,220,-1
889,858,0,1
890,941,12,1
891,2243,146,-1
892,365,9,1
893,1489,225,-1
894,1603,219,-1
895,709,11,1
896,442,26,1
897,43,162,1
898,98,11,1
899,907,83,1
900,218,59,1
901,772,7,1
902,598,35,1
903,557,152,-1
904,909,219,-1
905,1412,3,1
906,549,2,1
907,160,46,1
908,1550,219,-1
909,1290,0,1
910,1282,1,1
911,1939,146,-1
912,1755,146,-1
913,737,1,1
914,1587,219,-1
915,1786,220,-1
916,60,24,1
917,103,11,1
918,1926,219,-1
919,2038,220,-1
920,1432,12,1
921,106,9,1
922,1208,24,1
923,748,11,1
924,1678,225,-1
925,562,102,1
926,1090,0,1
927,1718,219,-1
928,1166,146,-1
929,2068,219,-1
930,602,11,1
931,967,0,1
932,1410,219,-1
933,1023,12,1
934,1338,30,1
935,1003,13,1
936,115,42,1
937,1836,220,-1
938,122,1,1
939,1945,220,-1
940,156,6,1
941,2235,219,-1
942,1241,225,-1
943,2125,215,-1
944,2374,205,-1
945,2176,225,-1
946,1204,2,1
947,2118,219,-1
948,2132,146,-1
949,1705,146,-1
950,546,1,1
951,1954,225,-1
952,2103,146,-1
953,1120,12,1
954,837,0,1
955,2435,225,-1
956,2467,146,-1
957,368,137,1
958,2221,225,-1
959,2095,146,-1
960,341,100,1
961,855,1,1
962,40,9,1
963,1694,152,-1
964,50,26,1
965,1950,38,-1
966,2071,219,-1
967,605,1,1
968,807,143,1
969,2494,219,-1
970,1182,11,1
971,2387,226,-1
972,1057,30,1
973,1584,152,-1
974,375,11,1
975,803,35,1
976,1192,21,1
977,2061,205,-1
978,868,38,-1
979,204,51,1
980,1797,225,-1
981,1057,3,1
982,45,1,1
983,2009,225,-1
984,61,16,1
985,1002,3,1
986,243,1,1
987,1026,12,1
988,73,12,1
989,769,2,1
990,1729,205,-1
991,675,12,1
992,1115,193,1
993,1743,222,-1
994,928,7,1
995,809,1,1
996,2371,63,-1
997,1091,26,1
998,1553,256,-1
999,2328,215,-1
1000,1995,220,-1
1001,1194,1,1
1002,1743,47,-1
1003,1415,11,1
1004,579,177,1
1005,1517,249,-1
1006,2028,219,-1
1007,2259,222,-1
1008,1553,232,-1
1009,1983,47,-1
1010,2201,220,-1
1011,325,185,1
1012,729,0,1
1013,348,12,1
1014,2155,146,-1
1015,1450,7,1
1016,2309,219,-1
1017,1588,148,-1
1018,2101,146,-1
1019,2133,219,-1
1020,754,221,-1
1021,2302,219,-1
1022,243,30,1
1023,572,0,1
1024,2134,146,-1
1025,646,219,-1
1026,1018,231,-1
1027,1889,219,-1
1028,1460,1,1
1029,1517,232,-1
1030,326,1,1
1031,211,16,1
1032,1971,212,-1
1033,1025,38,-1
1034,2106,82,-1
1035,172,35,1
1036,1216,219,-1
1037,1968,225,-1
1038,708,3,1
1039,492,100,1
1040,2378,219,-1
1041,1701,38,-1
1042,1713,219,-1
1043,94,28,1
1044,2411,219,-1
1045,1156,13,1
1046,1506,222,-1
1047,1517,241,-1
1048,1696,219,-1
1049,1033,38,-1
1050,194,59,1
1051,349,175,1
1052,1800,146,-1
1053,1517,160,-1
1054,920,12,1
1055,92,35,1
1056,652,13,1
1057,490,1,1
1058,126,2,1
1059,1223,7,1
1060,1479,38,-1
1061,254,47,1
1062,463,1,1
1063,2286,38,-1
1064,930,2,1
1065,1021,1,1
1066,615,1,1
1067,40,16,1
1068,2216,219,-1
1069,887,12,1
1070,74,223,-1
1071,1042,238,-1
1072,704,169,1
1073,1768,220,-1
1074,2443,219,-1
1075,2165,146,-1
1076,108,35,1
1077,1587,146,-1
1078,196,0,1
1079,581,219,-1
1080,847,2,1
1081,1612,219,-1
1082,1738,146,-1
1083,1853,38,-1
1084,1654,10,-1
1085,513,35,1
1086,651,16,1
1087,2196,222,-1
1088,2236,225,-1
1089,1532,239,-1
1090,619,35,1
1091,1804,219,-1
1092,2397,219,-1
1093,171,41,1
1094,757,179,-1
1095,1077,12,1
1096,1700,47,-1
1097,115,96,1
1098,684,12,1
1099,75,55,1
1100,2002,219,-1
1101,1165,3,1
1102,2093,146,-1
1103,136,0,1
1104,871,12,1
1105,852,3,1
1106,447,7,1
1107,2238,219,-1
1108,1181,3,1
1109,1168,1,1
1110,1888,38,-1
1111,1422,12,1
1112,1750,146,-1
1113,1788,219,-1
1114,1932,219,-1
1115,7,6,1
1116,1499,146,-1
1117,1792,220,-1
1118,1593,38,-1
1119,1298,225,-1
1120,760,127,1
1121,1409,41,1
1122,2428,146,-1
1123,90,27,1
1124,1835,47,-1
1125,1943,219,-1
1126,307,24,1
1127,1458,225,-1
1128,1537,237,-1
1129,1140,192,-1
1130,2074,39,-1
1131,323,20,1
1132,1279,24,1
1133,2342,219,-1
1134,1018,13,1
1135,984,3,1
1136,2036,221,-1
1137,1281,3,1
1138,244,5,1
1139,1566,239,-1
1140,2212,225,-1
1141,603,1,1
1142,11,11,1
1143,1838,220,-1
1144,264,1,1
1145,1262,53,1
1146,2365,220,-1
1147,519,35,1
1148,2161,44,-1
1149,2251,146,-1
1150,194,18,1
1151,1490,219,-1
1152,551,3,1
1153,2334,226,-1
1154,102,41,1
1155,658,35,1
1156,2368,219,-1
1157,1506,146,-1
1158,335,33,-1
1159,1170,195,1
1160,653,16,1
1161,1140,231,-1
1162,911,41,1
1163,1229,21,1
1164,1695,223,-1
1165,761,21,1
1166,500,41,1
1167,452,57,1
1168,1473,225,-1
1169,1078,38,-1
1170,24,0,1
1171,1105,24,1
1172,452,2,1
1173,636,11,1
1174,1532,229,-1
1175,1611,253,-1
1176,1846,38,-1
1177,1657,146,-1
1178,1440,0,1
1179,87,13,1
1180,244,125,1
1181,2174,219,-1
1182,147,35,1
1183,1783,10,-1
1184,1893,146,-1
1185,1285,12,1
1186,919,156,1
1187,136,38,-1
1188,1674,219,-1
1189,1468,12,1
1190,161,24,1
1191,384,7,1
1192,768,220,-1
1193,574,104,1
1194,1902,220,-1
1195,1940,219,-1
1196,274,38,-1
1197,974,70,-1
1198,842,35,1
1199,75,87,1
1200,774,35,1
1201,2209,146,-1
1202,1546,38,-1
1203,987,0,1
1204,1332,16,1
1205,695,1,1
1206,1886,220,-1
1207,165,11,1
1208,2009,220,-1
1209,1806,38,-1
1210,507,7,1
1211,1579,38,-1
1212,817,225,-1
1213,1810,220,-1
1214,194,55,1
1215,1042,152,1
1216,2372,38,-1
1217,1558,225,-1
1218,1030,1,1
1219,2124,63,-1
1220,914,21,1
1221,2129,220,-1
1222,60,21,1
1223,1079,11,1
1224,464,30,1
1225,331,7,1
1226,468,41,1
1227,65,31,1
1228,550,1,1
1229,900,41,1
1230,1580,225,-1
1231,2455,38,-1
1232,793,16,1
1233,1257,24,1
1234,1890,220,-1
1235,1881,220,-1
1236,2058,146,-1
1237,983,219,-1
1238,1451,219,-1
1239,1404,80,1
1240,422,35,1
1241,2391,146,-1
1242,286,222,-1
1243,2244,212,-1
1244,282,6,1
1245,1001,219,-1
1246,395,3,1
1247,329,44,1
1248,2369,235,-1
1249,1295,9,1
1250,722,146,-1
1251,1500,223,-1
1252,2192,219,-1
1253,2243,219,-1
1254,2282,146,-1
1255,1387,38,-1
1256,1734,87,-1
1257,2236,219,-1
1258,314,2,1
1259,2339,146,-1
1260,241,176,1
1261,226,16,1
1262,351,9,1
1263,1938,222,-1
1264,301,146,-1
1265,736,9,1
1266,486,3,1
1267,346,0,1
1268,1111,223,-1
1269,2379,38,-1
1270,1345,41,1
1271,12,6,1
1272,627,12,1
1273,992,7,1
1274,1593,221,-1
1275,1405,83,1
1276,268,65,1
1277,1199,12,1
1278,1611,250,-1
1279,992,223,-1
1280,692,20,1
1281,395,57,1
1282,1360,7,1
1283,1213,7,1
1284,2064,219,-1
1285,2045,219,-1
1286,838,22,1
1287,50,1,1
1288,2203,225,-1
1289,29,2,1
1290,408,196,1
1291,518,11,1
1292,473,73,1
1293,863,151,1
1294,153,2,1
1295,1355,12,1
1296,510,32,1
1297,865,219,-1
1298,2513,219,-1
1299,221,11,1
1300,1461,225,-1
1301,10,11,1
1302,1756,222,-1
1303,341,18,1
1304,1151,3,1
1305,235,14,1
1306,2239,222,-1
1307,2204,220,-1
1308,338,3,1
1309,201,1,1
1310,2375,219,-1
1311,2147,146,-1
1312,1330,0,1
1313,408,80,1
1314,1719,146,-1
1315,316,9,1
1316,1365,219,-1
1317,2223,146,-1
1318,2096,219,-1
1319,1286,205,1
1320,1707,222,-1
1321,1458,12,1
1322,1034,233,-1
1323,1134,30,1
1324,849,0,1
1325,1016,12,1
1326,6,5,1
1327,58,0,1
1328,864,12,1
1329,1110,30,1
1330,921,1,1
1331,1819,219,-1
1332,1648,146,-1
1333,523,35,1
1334,1962,219,-1
1335,754,10,-1
1336,1211,16,1
1337,1646,146,-1
1338,1770,146,-1
1339,1566,47,-1
1340,1015,3,1
1341,1200,0,1
1342,1452,1,1
1343,1694,10,-1
1344,1527,63,-1
1345,800,12,1
1346,1487,99,-1
1347,2131,205,-1
1348,2006,219,-1
1349,1128,225,-1
1350,2403,146,-1
1351,53,115,1
1352,545,9,1
1353,1955,219,-1
1354,435,14,1
1355,557,212,-1
1356,905,1,1
1357,310,38,-1
1358,2120,146,-1
1359,1894,219,-1
1360,1144,129,-1
1361,959,41,1
1362,984,220,-1
1363,1855,146,-1
1364,16,9,1
1365,1786,237,-1
1366,1742,47,-1
1367,17,13,1
1368,1753,38,-1
1369,1155,7,1
1370,414,157,1
1371,1356,30,1
1372,116,14,1
1373,1525,222,-1
1374,957,12,1
1375,585,205,-1
1376,1118,21,1
1377,289,68,1
1378,1391,35,1
1379,159,11,1
1380,1144,244,-1
1381,474,55,1
1382,1144,234,-1
1383,2201,146,-1
1384,539,24,1
1385,899,225,-1
1386,121,9,1
1387,1509,219,-1
1388,1389,11,1
1389,1497,219,-1
1390,1239,13,1
1391,159,2,1
1392,1842,146,-1
1393,2274,219,-1
1394,2240,205,-1
1395,2388,225,-1
1396,55,59,1
1397,358,1,1
1398,2113,220,-1
1399,536,1,1
1400,119,1,1
1401,1014,0,1
1402,1483,87,-1
1403,910,1,1
1404,2426,38,-1
1405,262,64,1
1406,681,7,1
1407,2305,220,-1
1408,2333,220,-1
1409,2258,146,-1
1410,594,22,1
1411,2110,146,-1
1412,1809,219,-1
1413,755,24,1
1414,2344,225,-1
1415,1700,152,-1
1416,39,146,-1
1417,135,35,1
1418,194,100,1
1419,414,198,1
1420,2456,219,-1
1421,454,16,1
1422,1493,227,-1
1423,1888,223,-1
1424,2126,225,-1
1425,592,20,1
1426,547,2,1
1427,1714,146,-1
1428,573,220,-1
1429,317,0,1
1430,1571,219,-1
1431,767,3,1
1432,263,1,1
1433,1505,146,-1
1434,1288,0,1
1435,1698,225,-1
1436,1813,146,-1
1437,772,35,1
1438,1633,146,-1
1439,2203,146,-1
1440,699,24,1
1441,1066,11,1
1442,1219,7,1
1443,1833,219,-1
1444,1519,32,-1
1445,113,2,1
1446,437,7,1
1447,2518,219,-1
1448,1611,38,-1
1449,281,1,1
1450,348,225,-1
1451,1842,219,-1
1452,1277,2,1
1453,1436,0,1
1454,2241,146,-1
1455,1750,220,-1
1456,509,11,1
1457,1542,263,-1
1458,667,116,1
1459,715,41,1
1460,1997,220,-1
1461,2469,38,-1
1462,1398,10,1
1463,2358,219,-1
1464,1496,146,-1
1465,1222,219,-1
1466,548,35,1
1467,315,7,1
1468,2156,220,-1
1469,1726,220,-1
1470,2065,220,-1
1471,1063,21,1
1472,111,1,1
1473,1873,146,-1
1474,1784,146,-1
1475,1800,222,-1
1476,395,20,1
1477,218,103,1
1478,873,35,1
1479,861,12,1
1480,321,70,1
1481,318,219,-1
1482,1973,220,-1
1483,868,7,1
1484,1050,12,1
1485,694,70,1
1486,628,7,1
1487,1760,18,-1
1488,2277,219,-1
1489,1517,147,-1
1490,1359,225,-1
1491,1512,205,-1
1492,2069,222,-1
1493,2002,225,-1
1494,21,16,1
1495,733,35,1
1496,1745,146,-1
1497,763,6,1
1498,1680,146,-1
1499,598,1,1
1500,1517,99,-1
1501,1410,0,1
1502,193,54,1
1503,1517,242,-1
1504,1775,220,-1
1505,1566,227,-1
1506,275,22,1
1507,1630,235,-1
1508,1075,122,1
1509,1664,33,-1
1510,122,20,1
1511,805,16,1
1512,1633,219,-1
1513,1357,0,1
1514,1816,220,-1
1515,966,167,1
1516,2294,222,-1
1517,2229,220,-1
1518,870,7,1
1519,974,26,1
1520,193,159,1
1521,1661,220,-1
1522,1820,219,-1
1523,2408,219,-1
1524,1825,225,-1
1525,552,13,1
1526,2142,219,-1
1527,460,12,1
1528,1114,100,1
1529,1726,219,-1
1530,2128,33,-1
1531,1326,221,-1
1532,1537,44,-1
1533,1780,38,-1
1534,1135,38,-1
1535,1038,0,1
1536,1284,0,1
1537,189,2,1
1538,585,2,1
1539,839,3,1
1540,1815,226,-1
1541,479,88,1
1542,369,219,-1
1543,1493,250,-1
1544,604,60,1
1545,194,89,1
1546,593,7,1
1547,7,11,1
1548,3,13,1
1549,728,2,1
1550,119,13,1
1551,1635,47,-1
1552,1583,225,-1
1553,365,13,1
1554,2439,219,-1
1555,2430,219,-1
1556,577,3,1
1557,1273,1,1
1558,2182,219,-1
1559,365,11,1
1560,414,204,1
1561,2017,219,-1
1562,961,12,1
1563,750,47,1
1564,1399,11,1
1565,417,12,1
1566,1901,225,-1
1567,82,35,1
1568,2048,205,-1
1569,634,225,-1
1570,1620,219,-1
1571,805,11,1
1572,600,129,-1
1573,1088,44,1
1574,1009,0,1
1575,816,20,1
1576,320,12,1
1577,442,2,1
1578,1011,26,1
1579,222,60,1
1580,209,1,1
1581,1975,225,-1
1582,2153,223,-1
1583,1815,87,-1
1584,1455,35,1
1585,1413,35,1
1586,1959,219,-1
1587,211,47,1
1588,600,10,-1
1589,1963,237,-1
1590,227,44,1
1591,172,41,1
1592,442,35,1
1593,923,14,1
1594,1605,219,-1
1595,863,184,1
1596,42,38,-1
1597,781,173,1
1598,1885,225,-1
1599,986,10,-1
1600,979,0,1
1601,593,10,1
1602,462,21,1
1603,480,38,-1
1604,2222,146,-1
1605,1353,17,1
1606,657,12,1
1607,612,3,1
1608,1743,146,-1
1609,1570,219,-1
1610,2405,219,-1
1611,1947,97,-1
1612,2359,32,-1
1613,986,223,-1
1614,1728,146,-1
1615,1005,138,1
1616,57,1,1
1617,432,1,1
1618,1042,231,-1
1619,357,74,1
1620,165,16,1
1621,2307,219,-1
1622,436,13,1
1623,2030,223,-1
1624,304,0,1
1625,182,12,1
1626,258,2,1
1627,2231,222,-1
1628,188,53,1
1629,342,0,1
1630,1813,219,-1
1631,2141,146,-1
1632,1050,219,-1
1633,425,12,1
1634,1636,222,-1
1635,43,128,1
1636,30,12,1
1637,1694,223,-1
1638,255,212,-1
1639,1799,220,-1
1640,1382,0,1
1641,655,146,-1
1642,2218,219,-1
1643,2502,219,-1
1644,53,27,1
1645,2483,222,-1
1646,542,24,1
1647,1317,26,1
1648,1359,219,-1
1649,574,181,1
1650,2290,38,-1
1651,677,9,1
1652,2102,220,-1
1653,607,24,1
1654,440,13,1
1655,1673,146,-1
1656,431,1,1
1657,951,9,1
1658,1056,7,1
1659,1618,222,-1
1660,815,30,1
1661,2420,146,-1
1662,242,146,-1
1663,95,9,1
1664,738,44,1
1665,1044,0,1
1666,965,35,1
1667,2085,225,-1
1668,1549,146,-1
1669,1528,223,-1
1670,762,205,-1
1671,458,21,1
1672,586,30,1
1673,1517,22,-1
1674,1744,219,-1
1675,1591,146,-1
1676,734,133,1
1677,378,6,1
1678,472,7,1
1679,2198,219,-1
1680,18,20,1
1681,516,211,1
1682,540,26,1
1683,277,207,1
1684,287,12,1
1685,238,12,1
1686,38,38,-1
1687,492,27,1
1688,1957,38,-1
1689,2279,38,-1
1690,1842,220,-1
1691,116,2,1
1692,5,13,1
1693,287,225,-1
1694,2161,146,-1
1695,1297,7,1
1696,1368,41,1
1697,934,1,1
1698,43,123,1
1699,1879,146,-1
1700,471,41,1
1701,476,1,1
1702,1779,259,-1
1703,1798,38,-1
1704,2115,219,-1
1705,596,12,1
1706,368,40,1
1707,1773,219,-1
1708,1216,0,1
1709,686,12,1
1710,1793,38,-1
1711,895,0,1
1712,1803,219,-1
1713,206,11,1
1714,213,16,1
1715,83,36,1
1716,995,0,1
1717,12,57,1
1718,1025,7,1
1719,1042,235,-1
1720,1339,30,1
1721,580,1,1
1722,1934,219,-1
1723,1484,205,-1
1724,1828,146,-1
1725,495,1,1
1726,2484,222,-1
1727,1174,24,1
1728,1789,237,-1
1729,2098,219,-1
1730,1289,0,1
1731,584,6,1
1732,469,38,-1
1733,1983,38,-1
1734,2082,146,-1
1735,1531,38,-1
1736,1629,219,-1
1737,846,7,1
1738,2172,146,-1
1739,15,225,-1
1740,1867,38,-1
1741,1532,44,-1
1742,2237,219,-1
1743,1899,220,-1
1744,424,84,1
1745,2228,160,-1
1746,421,3,1
1747,1574,146,-1
1748,1173,6,1
1749,1867,146,-1
1750,1782,222,-1
1751,1230,24,1
1752,704,11,1
1753,1495,219,-1
1754,13,11,1
1755,2034,219,-1
1756,656,14,1
1757,430,41,1
1758,52,2,1
1759,2390,38,-1
1760,439,9,1
1761,1376,0,1
1762,603,6,1
1763,1616,146,-1
1764,1161,30,1
1765,12,14,1
1766,1749,38,-1
1767,2297,222,-1
1768,996,22,1
1769,215,0,1
1770,1486,222,-1
1771,1775,38,-1
1772,374,21,1
1773,122,21,1
1774,644,11,1
1775,1827,146,-1
1776,1133,24,1
1777,1251,2,1
1778,1474,1,1
1779,1354,145,1
1780,389,225,-1
1781,587,22,1
1782,2213,220,-1
1783,2009,152,-1
1784,944,38,-1
1785,1185,69,1
1786,807,144,1
1787,1096,12,1
1788,1694,222,-1
1789,1776,38,-1
1790,960,9,1
1791,1845,101,-1
1792,1435,1,1
1793,1425,24,1
1794,1946,220,-1
1795,1117,30,1
1796,863,186,1
1797,2450,219,-1
1798,885,1,1
1799,347,20,1
1800,359,9,1
1801,478,2,1
1802,1845,32,-1
1803,1309,13,1
1804,455,7,1
1805,1322,24,1
1806,2497,220,-1
1807,1754,223,-1
1808,2222,219,-1
1809,878,225,-1
1810,2119,220,-1
1811,1781,101,-1
1812,1440,219,-1
1813,653,6,1
1814,1522,225,-1
1815,951,6,1
1816,2331,219,-1
1817,2033,101,-1
1818,838,221,-1
1819,2159,235,-1
1820,2202,219,-1
1821,647,0,1
1822,1984,129,-1
1823,32,16,1
1824,1118,2,1
1825,2101,212,-1
1826,2305,219,-1
1827,403,50,1
1828,277,112,1
1829,310,146,-1
1830,426,7,1
1831,2244,31,-1
1832,1989,219,-1
1833,582,0,1
1834,685,1,1
1835,2259,219,-1
1836,2055,146,-1
1837,964,0,1
1838,789,0,1
1839,99,147,1
1840,1123,1,1
1841,1492,223,-1
1842,1440,38,-1
1843,164,2,1
1844,576,38,-1
1845,1561,10,-1
1846,2275,146,-1
1847,2437,220,-1
1848,335,222,-1
1849,2139,237,-1
1850,1169,12,1
1851,1207,146,-1
1852,115,103,1
1853,452,9,1
1854,203,7,1
1855,2503,219,-1
1856,341,95,1
1857,127,6,1
1858,352,11,1
1859,2326,146,-1
1860,55,101,1
1861,1464,222,-1
1862,701,38,-1
1863,170,225,-1
1864,462,26,1
1865,2056,225,-1
1866,1627,219,-1
1867,2388,219,-1
1868,208,56,1
1869,926,22,1
1870,565,35,1
1871,587,107,1
1872,1748,219,-1
1873,974,63,-1
1874,502,1,1
1875,165,6,1
1876,1142,3,1
1877,193,113,1
1878,1493,47,-1
1879,1618,223,-1
1880,1495,220,-1
1881,1429,220,-1
1882,2429,219,-1
1883,1384,38,-1
1884,1747,219,-1
1885,379,146,-1
1886,2254,146,-1
1887,493,13,1
1888,1453,220,-1
1889,145,1,1
1890,662,9,1
1891,2352,219,-1
1892,1033,146,-1
1893,1699,220,-1
1894,479,197,1
1895,416,13,1
1896,526,16,1
1897,173,10,1
1898,1640,146,-1
1899,1042,265,-1
1900,753,7,1
1901,1068,35,1
1902,1913,225,-1
1903,1912,38,-1
1904,1708,223,-1
1905,184,30,1
1906,241,212,1
1907,773,7,1
1908,693,12,1
1909,501,9,1
1910,1611,129,-1
1911,1476,80,1
1912,81,0,1
1913,1566,10,-1
1914,1163,1,1
1915,1660,226,-1
1916,1172,146,-1
1917,2323,38,-1
1918,557,22,1
1919,784,35,1
1920,2074,223,-1
1921,950,171,1
1922,1913,152,-1
1923,2006,38,-1
1924,177,11,1
1925,18,3,1
1926,1910,226,-1
1927,1294,1,1
1928,192,3,1
1929,1824,219,-1
1930,1574,38,-1
1931,1091,9,1
1932,1128,219,-1
1933,352,3,1
1934,1042,87,-1
1935,1925,219,-1
1936,1418,6,1
1937,1278,12,1
1938,1919,38,-1
1939,241,209,1
1940,11,1,1
1941,1175,1,1
1942,1812,146,-1
1943,1927,146,-1
1944,433,1,1
1945,1807,235,-1
1946,1517,19,-1
1947,1430,1,1
1948,412,6,1
1949,1100,0,1
1950,351,13,1
1951,1831,226,-1
1952,347,30,1
1953,989,0,1
1954,525,219,-1
1955,260,3,1
1956,1150,219,-1
1957,976,35,1
1958,20,114,1
1959,1001,12,1
1960,1805,146,-1
1961,1443,26,1
1962,1379,20,1
1963,1856,219,-1
1964,575,2,1
1965,266,12,1
1966,875,1,1
1967,776,7,1
1968,1209,2,1
1969,2422,223,-1
1970,1358,24,1
1971,50,21,1
1972,75,82,1
1973,1129,12,1
1974,977,35,1
1975,2347,219,-1
1976,1465,3,1
1977,187,24,1
1978,1977,225,-1
1979,913,0,1
1980,917,222,-1
1981,2343,219,-1
1982,717,1,1
1983,741,24,1
1984,2413,205,-1
1985,622,24,1
1986,641,6,1
1987,138,53,1
1988,1141,1,1
1989,1566,229,-1
1990,1679,220,-1
1991,1577,231,-1
1992,2181,223,-1
1993,897,154,1
1994,524,3,1
1995,208,10,1
1996,230,9,1
1997,1793,146,-1
1998,26,95,1
1999,1268,10,1
2000,736,13,1
2001,2231,223,-1
2002,1933,219,-1
2003,1044,220,-1
2004,1431,24,1
2005,2135,146,-1
2006,1130,1,1
2007,154,35,1
2008,300,2,1
2009,73,146,-1
2010,1284,219,-1
2011,2421,97,-1
2012,1015,220,-1
2013,2465,205,-1
2014,1935,219,-1
2015,1918,146,-1
2016,972,10,-1
2017,1104,262,-1
2018,749,93,1
2019,124,45,1
2020,2023,219,-1
2021,1754,38,-1
2022,2140,219,-1
2023,1384,146,-1
2024,3,3,1
2025,878,146,-1
2026,544,16,1
2027,465,12,1
2028,536,21,1
2029,768,7,1
2030,368,75,1
2031,1517,100,-1
2032,883,87,-1
2033,47,12,1
2034,1740,225,-1
2035,659,11,1
2036,115,27,1
2037,896,220,-1
2038,601,12,1
2039,457,219,-1
2040,1739,215,-1
2041,1024,160,1
2042,600,220,-1
2043,865,12,1
2044,14,3,1
2045,1691,219,-1
2046,832,146,-1
2047,1158,12,1
2048,1988,146,-1
2049,1591,220,-1
2050,351,20,1
2051,638,35,1
2052,23,17,1
2053,923,11,1
2054,1007,0,1
2055,660,22,1
2056,219,0,1
2057,514,59,1
2058,1530,100,-1
2059,1595,146,-1
2060,2053,31,-1
2061,2407,146,-1
2062,623,110,1
2063,2395,225,-1
2064,1018,205,-1
2065,1361,0,1
2066,661,7,1
2067,148,50,1
2068,983,12,1
2069,1760,242,-1
2070,507,219,-1
2071,53,86,1
2072,1740,219,-1
2073,1599,47,-1
2074,1306,6,1
2075,1900,146,-1
2076,2189,148,-1
2077,2114,220,-1
2078,773,220,-1
2079,173,6,1
2080,599,12,1
2081,407,1,1
2082,1222,7,1
2083,1416,0,1
2084,1180,12,1
2085,590,108,1
2086,749,103,1
2087,1,1,1
2088,2262,220,-1
2089,1213,38,-1
2090,845,35,1
2091,1646,31,-1
2092,33,16,1
2093,473,166,1
2094,1262,218,1
2095,558,44,1
2096,15,12,1
2097,1634,219,-1
2098,1457,11,1
2099,1078,22,1
2100,1566,44,-1
2101,90,134,1
2102,43,79,1
2103,1067,219,-1
2104,496,113,1
2105,56,1,1
2106,473,208,1
2107,1426,2,1
2108,2032,220,-1
2109,58,146,-1
2110,2510,205,-1
2111,1655,212,-1
2112,1896,223,-1
2113,1242,12,1
2114,1207,225,-1
2115,1734,215,-1
2116,646,146,-1
2117,2486,146,-1
2118,255,38,-1
2119,222,231,-1
2120,1816,219,-1
2121,234,1,1
2122,1708,146,-1
2123,1576,146,-1
2124,2499,219,-1
2125,1818,222,-1
2126,1326,22,1
2127,1249,11,1
2128,819,36,1
2129,1008,12,1
2130,988,35,1
2131,1669,146,-1
2132,80,43,1
2133,2318,146,-1
2134,1178,1,1
2135,2078,220,-1
2136,2252,222,-1
2137,834,16,1
2138,2519,219,-1
2139,2218,38,-1
2140,597,80,1
2141,1331,56,1
2142,1094,1,1
2143,28,131,1
2144,215,146,-1
2145,1348,7,1
2146,244,150,1
2147,71,26,1
2148,325,77,1
2149,1972,219,-1
2150,1692,219,-1
2151,249,0,1
2152,125,7,1
2153,1636,38,-1
2154,1453,3,1
2155,2088,222,-1
2156,1447,219,-1
2157,332,11,1
2158,1725,219,-1
2159,678,3,1
2160,589,1,1
2161,1042,256,-1
2162,872,12,1
2163,1390,35,1
2164,362,3,1
2165,2005,99,-1
2166,1196,225,-1
2167,577,1,1
2168,1903,129,-1
2169,1057,2,1
2170,86,1,1
2171,178,24,1
2172,752,12,1
2173,1480,221,-1
2174,360,1,1
2175,1034,32,-1
2176,1647,220,-1
2177,440,6,1
2178,884,153,1
2179,205,0,1
2180,89,1,1
2181,1272,41,1
2182,1759,146,-1
2183,2327,219,-1
2184,898,41,1
2185,2383,225,-1
2186,183,1,1
2187,1964,220,-1
2188,134,1,1
2189,1300,1,1
2190,548,11,1
2191,1709,192,-1
2192,1042,166,-1
2193,828,2,1
2194,1940,220,-1
2195,2265,219,-1
2196,1530,243,-1
2197,489,1,1
2198,871,219,-1
2199,235,16,1
2200,368,155,1
2201,925,220,-1
2202,1839,219,-1
2203,69,13,1
2204,2072,219,-1
2205,1717,146,-1
2206,1615,146,-1
2207,1841,220,-1
2208,1125,12,1
2209,2296,219,-1
2210,2013,146,-1
2211,1521,219,-1
2212,1618,146,-1
2213,2114,222,-1
2214,2232,222,-1
2215,1597,219,-1
2216,1517,94,-1
2217,1731,222,-1
2218,1695,38,-1
2219,1264,142,1
2220,791,16,1
2221,1828,212,-1
2222,2022,219,-1
2223,1154,21,1
2224,1291,12,1
2225,1999,223,-1
2226,406,30,1
2227,371,35,1
2228,2010,219,-1
2229,496,172,1
2230,1536,220,-1
2231,1451,12,1
2232,452,7,1
2233,895,219,-1
2234,2325,219,-1
2235,2498,219,-1
2236,514,42,1
2237,1302,2,1
2238,107,14,1
2239,781,5,1
2240,1833,146,-1
2241,256,12,1
2242,529,1,1
2243,871,225,-1
2244,212,12,1
2245,87,44,1
2246,1171,12,1
2247,282,1,1
2248,2508,219,-1
2249,1164,11,1
2250,1906,146,-1
2251,1850,220,-1
2252,1596,38,-1
2253,2496,219,-1
2254,725,130,1
2255,2154,146,-1
2256,220,20,1
2257,1111,219,-1
2258,349,85,1
2259,22,1,1
2260,1076,12,1
2261,621,146,-1
2262,1517,261,-1
2263,1998,38,-1
2264,63,30,1
2265,1439,38,-1
2266,1475,0,1
2267,754,38,-1
2268,1516,222,-1
2269,137,41,1
2270,282,7,1
2271,2394,146,-1
2272,2271,219,-1
2273,1995,146,-1
2274,917,220,-1
2275,1779,96,-1
2276,135,44,1
2277,380,1,1
2278,1140,13,1
2279,1387,7,1
2280,235,2,1
2281,152,2,1
2282,1104,235,-1
2283,191,2,1
2284,1002,2,1
2285,501,20,1
2286,1104,148,-1
2287,170,12,1
2288,197,0,1
2289,2055,225,-1
2290,1492,212,-1
2291,795,26,1
2292,2293,219,-1
2293,1237,1,1
2294,387,12,1
2295,217,12,1
2296,1434,0,1
2297,334,97,1
2298,453,12,1
2299,2282,223,-1
2300,208,47,1
2301,922,3,1
2302,2112,220,-1
2303,1236,1,1
2304,999,11,1
2305,2440,219,-1
2306,1886,222,-1
2307,408,206,1
2308,1218,7,1
2309,2014,219,-1
2310,2295,257,-1
2311,1544,226,-1
2312,1469,220,-1
2313,2418,220,-1
2314,1637,222,-1
2315,1589,146,-1
2316,739,24,1
2317,1447,0,1
2318,1006,38,-1
2319,1916,146,-1
2320,2463,205,-1
2321,1269,1,1
2322,1150,12,1
2323,2081,146,-1
2324,291,146,-1
2325,1419,30,1
2326,2166,205,-1
2327,2000,219,-1
2328,216,12,1
2329,1983,219,-1
2330,1198,0,1
2331,55,55,1
2332,1146,16,1
2333,1655,47,-1
2334,1837,152,-1
2335,26,73,1
2336,790,1,1
2337,194,72,1
2338,2148,146,-1
2339,2506,225,-1
2340,1789,31,-1
2341,1373,12,1
2342,511,30,1
2343,24,220,-1
2344,1743,234,-1
2345,1258,152,1
2346,396,0,1
2347,150,35,1
2348,1701,219,-1
2349,1611,222,-1
2350,2122,219,-1
2351,1552,219,-1
2352,626,7,1
2353,616,44,1
2354,474,33,1
2355,567,9,1
2356,452,13,1
2357,1381,2,1
2358,310,7,1
2359,1112,7,1
2360,1491,205,-1
2361,1132,12,1
2362,1937,146,-1
2363,1560,38,-1
2364,1182,16,1
2365,711,40,1
2366,2114,10,-1
2367,692,41,1
2368,1037,180,1
2369,2475,222,-1
2370,2231,38,-1
2371,2051,219,-1
2372,1532,219,-1
2373,935,3,1
2374,1894,38,-1
2375,1246,10,1
2376,319,35,1
2377,258,13,1
2378,2493,146,-1
2379,483,35,1
2380,1862,222,-1
2381,1118,13,1
2382,1840,146,-1
2383,1100,38,-1
2384,2214,225,-1
2385,90,143,1
2386,1802,146,-1
2387,744,41,1
2388,1492,31,-1
2389,628,11,1
2390,546,9,1
2391,220,11,1
2392,1942,219,-1
2393,368,98,1
2394,2092,219,-1
2395,2026,222,-1
2396,822,24,1
2397,2097,146,-1
2398,268,130,1
2399,2059,219,-1
2400,7,21,1
2401,1605,38,-1
2402,1543,220,-1
2403,115,140,1
2404,949,16,1
2405,207,12,1
2406,1255,20,1
2407,2453,219,-1
2408,377,0,1
2409,1424,225,-1
2410,712,35,1
2411,940,10,-1
2412,157,219,-1
2413,38,22,1
2414,162,1,1
2415,1241,12,1
2416,1992,220,-1
2417,1982,146,-1
2418,665,11,1
2419,441,35,1
2420,2389,148,-1
2421,562,183,1
2422,1772,219,-1
2423,1119,194,1
2424,1393,22,1
2425,1439,223,-1
2426,1019,12,1
2427,165,3,1
2428,2157,219,-1
2429,397,0,1
2430,829,147,1
2431,383,16,1
2432,1962,146,-1
2433,364,1,1
2434,1832,38,-1
2435,1065,2,1
2436,1166,7,1
2437,2114,44,-1
2438,1860,219,-1
2439,1840,225,-1
2440,473,111,1
2441,1424,12,1
2442,1483,215,-1
2443,1190,21,1
2444,1554,225,-1
2445,1023,219,-1
2446,899,12,1
2447,1477,0,1
2448,2247,220,-1
2449,1319,35,1
2450,1570,223,-1
2451,1697,222,-1
2452,1101,35,1
2453,1746,47,-1
2454,247,205,-1
2455,2161,33,-1
2456,1914,146,-1
2457,2470,82,-1
2458,48,24,1
2459,400,35,1
2460,1484,224,-1
2461,1778,220,-1
2462,37,5,1
2463,2385,146,-1
2464,2037,219,-1
2465,388,3,1
2466,2101,225,-1
2467,166,0,1
2468,1043,0,1
2469,1042,155,-1
2470,940,212,-1
2471,1057,24,1
2472,492,115,1
2473,832,12,1
2474,1581,233,-1
2475,1135,0,1
2476,26,87,1
2477,8,16,1
2478,2108,82,-1
2479,2020,146,-1
2480,2273,146,-1
2481,199,13,1
2482,621,12,1
2483,98,21,1
2484,2235,146,-1
2485,939,11,1
2486,237,3,1
2487,1403,50,1
2488,355,0,1
2489,1363,30,1
2490,1562,219,-1
2491,2032,146,-1
2492,1528,146,-1
2493,732,21,1
2494,43,23,1
2495,571,35,1
2496,1693,38,-1
2497,1828,31,-1
2498,2285,219,-1
2499,499,24,1
2500,1386,63,-1
2501,2036,44,-1
2502,1875,220,-1
2503,1328,35,1
2504,883,57,1
2505,549,205,-1
2506,1967,219,-1
2507,2313,219,-1
2508,785,152,1
2509,646,12,1
2510,1348,222,-1
2511,202,2,1
2512,1033,0,1
2513,1739,205,-1
2514,956,1,1
2515,765,139,1
2516,1028,222,-1
2517,1099,12,1
2518,127,1,1
2519,1667,146,-1
2520,131,16,1
2521,1113,0,1
2522,2393,146,-1
2523,75,5,1
2524,408,129,1
2525,982,7,1
2526,278,0,1
2527,675,225,-1
2528,1635,10,-1
2529,840,7,1
2530,557,31,-1
2531,1320,35,1
2532,1524,225,-1
2533,712,7,1
2534,1464,152,-1
2535,2346,205,-1
2536,760,134,1
2537,1973,38,-1
2538,2436,146,-1
2539,2446,146,-1
2540,1435,219,-1
2541,117,24,1
2542,2077,222,-1
2543,1687,225,-1
2544,2076,146,-1
2545,296,12,1
2546,2116,220,-1
2547,1990,38,-1
2548,891,1,1
2549,512,222,-1
2550,512,38,-1
2551,175,1,1
2552,314,1,1
2553,1479,220,-1
2554,2451,219,-1
2555,1364,41,1
2556,1548,220,-1
2557,521,10,-1
2558,1982,220,-1
2559,1370,225,-1
2560,1857,212,-1
2561,1144,236,-1
2562,367,0,1
2563,1361,219,-1
2564,389,12,1
2565,2188,225,-1
2566,13,20,1
2567,252,41,1
2568,1675,223,-1
2569,308,3,1
2570,2167,146,-1
2571,2175,38,-1
2572,634,12,1
2573,72,32,1
2574,1296,16,1
2575,261,20,1
2576,1817,219,-1
2577,653,13,1
2578,1895,219,-1
2579,145,3,1
2580,968,146,-1
2581,1760,243,-1
2582,630,16,1
2583,2171,219,-1
2584,423,16,1
2585,1010,7,1
2586,1271,3,1
2587,34,16,1
2588,2225,220,-1
2589,1903,38,-1
2590,122,16,1
2591,1630,205,-1
2592,872,146,-1
2593,1799,38,-1
2594,1769,146,-1
2595,1677,219,-1
2596,96,39,1
2597,1663,219,-1
2598,245,1,1
2599,2226,235,-1
2600,821,13,1
2601,1983,225,-1
2602,309,56,1
2603,1830,219,-1
2604,573,38,-1
2605,1594,233,-1
2606,1924,219,-1
2607,458,24,1
2608,1508,223,-1
2609,115,93,1
2610,1936,225,-1
2611,336,7,1
2612,1407,35,1
2613,858,220,-1
2614,1333,12,1
2615,2289,146,-1
2616,349,132,1
2617,248,35,1
2618,2150,223,-1
2619,1767,146,-1
2620,38,219,-1
2621,1042,254,-1
2622,925,219,-1
2623,503,1,1
2624,1948,225,-1
2625,689,0,1
2626,1326,10,-1
2627,2215,146,-1
2628,1487,32,-1
2629,2169,146,-1
2630,101,16,1
2631,53,28,1
2632,857,1,1
2633,374,20,1
2634,1611,221,-1
2635,936,146,-1
2636,940,22,1
2637,623,69,1
2638,31,20,1
2639,2454,38,-1
2640,1327,35,1
2641,1323,146,-1
2642,1566,250,-1
2643,282,9,1
2644,1622,146,-1
2645,1092,12,1
2646,2035,38,-1
2647,1875,146,-1
2648,381,1,1
2649,35,7,1
2650,332,26,1
2651,28,119,1
2652,1568,219,-1
2653,637,1,1
2654,1324,1,1
2655,2253,219,-1
2656,645,8,1
2657,335,38,-1
2658,109,1,1
2659,1595,219,-1
2660,0,0,1
2661,751,16,1
2662,1814,222,-1
2663,1904,223,-1
2664,1136,11,1
2665,2356,220,-1
2666,1528,33,-1
2667,2067,38,-1
2668,2361,38,-1
2669,445,9,1
2670,1743,255,-1
2671,817,12,1
2672,1374,0,1
2673,854,7,1
2674,267,7,1
2675,713,1,1
2676,1453,225,-1
2677,214,12,1
2678,745,1,1
2679,1437,21,1
2680,714,146,-1
2681,28,58,1
2682,697,28,1
2683,177,47,1
2684,1064,0,1
2685,844,220,-1
2686,1421,12,1
2687,1184,12,1
2688,991,22,1
2689,1494,82,-1
2690,1553,258,-1
2691,864,225,-1
2692,135,2,1
2693,1260,137,1
2694,1498,146,-1
2695,1590,146,-1
2696,867,1,1
2697,1762,146,-1
2698,1313,3,1
2699,1570,222,-1
2700,492,97,1
2701,1591,38,-1
2702,423,2,1
2703,67,35,1
2704,647,38,-1
2705,1760,171,-1
2706,295,30,1
2707,384,30,1
2708,2170,219,-1
2709,251,24,1
2710,1944,222,-1
2711,713,2,1
2712,530,60,1
2713,1827,219,-1
2714,1168,7,1
2715,276,66,1
2716,970,51,1
2717,1213,219,-1
2718,1362,138,1
2719,513,11,1
2720,1528,152,-1
2721,1630,101,-1
2722,1042,68,-1
2723,311,2,1
2724,2016,225,-1
2725,1261,14,1
2726,2367,219,-1
2727,924,16,1
2728,1314,24,1
2729,2350,219,-1
2730,262,190,1
2731,1785,226,-1
2732,114,12,1
2733,324,12,1
2734,2280,219,-1
2735,1041,223,-1
2736,642,47,1
2737,1866,219,-1
2738,794,9,1
2739,719,219,-1
2740,2011,220,-1
2741,284,13,1
2742,824,12,1
2743,44,223,-1
2744,339,1,1
2745,229,43,1
2746,496,90,1
2747,1700,219,-1
2748,1776,223,-1
2749,2441,219,-1
2750,1259,24,1
2751,841,26,1
2752,559,12,1
2753,296,219,-1
2754,494,30,1
2755,963,2,1
2756,341,174,1
2757,1664,129,-1
2758,574,158,1
2759,1042,243,-1
2760,2161,220,-1
2761,1334,38,-1
2762,1886,146,-1
2763,246,30,1
2764,877,7,1
2765,532,9,1
2766,1179,225,-1
2767,2425,219,-1
2768,218,140,1
2769,811,35,1
2770,350,35,1
2771,1021,30,1
2772,1857,222,-1
2773,474,91,1
2774,1852,146,-1
2775,353,22,1
2776,506,7,1
2777,2219,219,-1
2778,567,20,1
2779,178,35,1
2780,2161,244,-1
2781,288,24,1
2782,2504,146,-1
2783,514,95,1
2784,1739,87,-1
2785,1085,16,1
2786,2128,146,-1
2787,1014,146,-1
2788,1270,12,1
2789,504,2,1
2790,1481,223,-1
2791,2278,219,-1
2792,2010,222,-1
2793,1993,219,-1
2794,1623,219,-1
2795,2436,219,-1
2796,2488,219,-1
2797,1526,38,-1
2798,1760,231,-1
2799,1225,199,1
2800,1903,33,-1
2801,2304,146,-1
2802,923,1,1
2803,1482,38,-1
2804,1592,146,-1
2805,1916,219,-1
2806,1176,0,1
2807,42,220,-1
2808,1456,0,1
2809,1615,220,-1
2810,1652,146,-1
2811,126,44,1
2812,1681,220,-1
2813,172,56,1
2814,1758,44,-1
2815,434,3,1
2816,1004,16,1
2817,1858,222,-1
2818,697,127,1
2819,340,0,1
2820,1931,38,-1
2821,1679,219,-1
2822,1093,1,1
2823,438,41,1
2824,1503,38,-1
2825,673,20,1
2826,1759,219,-1
2827,2376,219,-1
2828,1145,1,1
2829,2466,146,-1
2830,309,35,1
2831,1047,219,-1
2832,2169,219,-1
2833,1471,146,-1
2834,1874,146,-1
2835,728,26,1
2836,2195,219,-1
2837,1812,219,-1
2838,2373,223,-1
2839,1811,219,-1
2840,341,96,1
2841,2384,146,-1
2842,59,33,1
2843,904,16,1
2844,1535,222,-1
2845,1036,41,1
2846,808,13,1
2847,1960,31,-1
2848,2143,205,-1
2849,1071,16,1
2850,1502,146,-1
2851,437,3,1
2852,497,2,1
2853,1656,146,-1
2854,642,2,1
2855,2386,223,-1
2856,1396,7,1
2857,493,1,1
2858,998,226,-1
2859,1763,219,-1
2860,133,1,1
2861,1469,0,1
2862,1357,220,-1
2863,1127,12,1
2864,394,3,1
2865,783,51,1
2866,928,1,1
2867,2161,222,-1
2868,1689,219,-1
2869,1990,146,-1
2870,364,24,1
2871,147,11,1
2872,1917,220,-1
2873,1614,220,-1
2874,1690,219,-1
2875,2263,223,-1
2876,1702,146,-1
2877,547,219,-1
2878,1186,12,1
2879,2330,219,-1
2880,2105,146,-1
2881,55,93,1
2882,76,21,1
2883,853,11,1
2884,67,3,1
2885,1578,225,-1
2886,1144,31,-1
2887,1716,220,-1
2888,571,13,1
2889,751,11,1
2890,2207,82,-1
2891,1417,12,1
2892,2321,146,-1
2893,422,1,1
2894,1014,219,-1
2895,1047,82,-1
2896,98,7,1
2897,2020,222,-1
2898,1685,219,-1
2899,1996,38,-1
2900,1921,225,-1
2901,2155,38,-1
2902,591,24,1
2903,1984,222,-1
2904,75,101,1
2905,2009,219,-1
2906,2311,179,-1
2907,1651,146,-1
2908,2272,146,-1
2909,1558,219,-1
2910,155,1,1
2911,1003,6,1
2912,639,51,1
2913,302,223,-1
2914,1674,220,-1
2915,691,35,1
2916,299,7,1
2917,1779,179,-1
2918,679,121,1
2919,977,11,1
2920,1385,0,1
2921,1923,220,-1
2922,1922,38,-1
2923,1985,220,-1
2924,2183,38,-1
2925,1793,220,-1
2926,2495,225,-1
2927,1519,179,-1
2928,2021,223,-1
2929,2329,205,-1
2930,706,47,1
2931,2458,205,-1
2932,1032,11,1
2933,2200,205,-1
2934,838,219,-1
2935,1963,212,-1
2936,1954,146,-1
2937,1266,35,1
2938,1305,0,1
2939,1203,2,1
2940,1815,97,-1
2941,1582,87,-1
2942,650,0,1
2943,663,3,1
2944,34,11,1
2945,710,1,1
2946,2141,219,-1
2947,2049,146,-1
2948,742,1,1
2949,349,22,1
2950,1735,223,-1
2951,2087,219,-1
2952,801,99,-1
2953,683,0,1
2954,2490,222,-1
2955,627,146,-1
2956,123,11,1
2957,491,1,1
2958,1686,146,-1
2959,2334,205,-1
2960,277,67,1
2961,138,43,1
2962,1762,220,-1
2963,1076,219,-1
2964,1547,219,-1
2965,1002,11,1
2966,1629,38,-1
2967,98,56,1
2968,413,7,1
2969,880,225,-1
2970,2085,129,-1
2971,1743,229,-1
2972,1102,11,1
2973,151,146,-1
2974,1539,223,-1
2975,521,22,1
2976,1293,2,1
2977,2260,219,-1
2978,940,221,-1
2979,1970,33,-1
2980,1835,222,-1
2981,986,22,1
2982,2063,225,-1
2983,211,57,1
2984,1963,223,-1
2985,299,223,-1
2986,70,12,1
2987,516,27,1
2988,1530,238,-1
2989,756,146,-1
2990,1020,16,1
2991,302,7,1
2992,257,1,1
2993,754,22,1
2994,208,2,1
2995,9,8,1
2996,2306,219,-1
2997,2125,99,-1
2998,1192,2,1
2999,1370,3,1
3000,31,47,1
3001,1507,146,-1
3002,90,92,1
3003,2472,146,-1
3004,1787,222,-1
3005,1351,35,1
3006,1245,16,1
3007,259,1,1
3008,391,41,1
3009,5,3,1
3010,962,7,1
3011,1329,41,1
3012,341,89,1
3013,28,106,1
3014,780,12,1
3015,442,1,1
3016,974,97,-1
3017,1214,219,-1
3018,1378,1,1
3019,823,0,1
3020,2180,146,-1
3021,2117,82,-1
3022,779,12,1
3023,1642,38,-1
3024,81,38,-1
3025,298,69,1
3026,702,24,1
3027,2020,38,-1
3028,57,11,1
3029,1090,38,-1
3030,1594,179,-1
3031,1042,29,-1
3032,980,30,1
3033,2056,219,-1
3034,520,21,1
3035,2414,225,-1
3036,77,1,1
3037,545,11,1
3038,0,38,-1
3039,869,3,1
3040,711,98,1
3041,1525,223,-1
3042,1635,220,-1
3043,1384,219,-1
3044,104,30,1
3045,26,18,1
3046,1124,30,1
3047,354,16,1
3048,917,219,-1
3049,2281,219,-1
3050,482,2,1
3051,770,1,1
3052,470,12,1
3053,835,35,1
3054,948,0,1
3055,723,3,1
3056,2079,223,-1
3057,1384,0,1
3058,2007,146,-1
3059,1517,119,-1
3060,5,20,1
3061,1878,38,-1
3062,1796,38,-1
3063,498,12,1
3064,5,1,1
3065,2257,219,-1
3066,1487,226,-1
3067,1415,35,1
3068,1606,146,-1
3069,624,24,1
3070,2039,146,-1
3071,2054,38,-1
3072,2123,219,-1
3073,1347,26,1
3074,1876,221,-1
3075,955,12,1
3076,693,219,-1
3077,2437,146,-1
3078,272,11,1
3079,1573,219,-1
3080,701,0,1
3081,1899,219,-1
3082,758,146,-1
3083,1870,146,-1
3084,644,30,1
3085,1078,152,-1
3086,445,11,1
3087,2042,146,-1
3088,290,43,1
3089,588,1,1
3090,1427,219,-1
3091,557,220,-1
3092,1625,148,-1
3093,1103,24,1
3094,1977,146,-1
3095,1214,12,1
3096,349,191,1
3097,1607,220,-1
3098,1738,219,-1
3099,1647,219,-1
3100,1024,178,1
3101,1423,12,1
3102,847,1,1
3103,2291,219,-1
3104,517,7,1
3105,1631,179,-1
3106,782,24,1
3107,743,12,1
3108,1760,248,-1
3109,763,24,1
3110,2294,220,-1
3111,826,82,-1
3112,1276,12,1
3113,7,9,1
3114,335,22,1
3115,1459,0,1
3116,167,12,1
3117,654,24,1
3118,1341,1,1
3119,1553,18,-1
3120,75,100,1
3121,166,146,-1
3122,1691,225,-1
3123,1303,20,1
3124,1441,0,1
3125,1510,101,-1
3126,1601,219,-1
3127,127,9,1
3128,2058,225,-1
3129,1427,146,-1
3130,1859,219,-1
3131,1212,9,1
3132,1048,12,1
3133,1484,219,-1
3134,1569,146,-1
3135,676,24,1
3136,274,7,1
3137,1858,219,-1
3138,2276,219,-1
3139,2085,146,-1
3140,12,10,1
3141,972,31,-1
3142,239,35,1
3143,880,3,1
3144,570,35,1
3145,1786,10,-1
3146,512,94,1
3147,1829,146,-1
3148,2435,38,-1
3149,2139,219,-1
3150,26,103,1
3151,444,57,1
3152,1546,219,-1
3153,194,87,1
3154,241,182,1
3155,2018,222,-1
3156,87,6,1
3157,2228,226,-1
3158,386,0,1
3159,520,2,1
3160,256,146,-1
3161,1052,3,1
3162,1826,38,-1
3163,888,1,1
3164,1078,221,-1
3165,480,0,1
3166,413,38,-1
3167,1042,43,-1
3168,381,7,1
3169,421,1,1
3170,141,24,1
3171,2427,129,-1
3172,99,49,1
3173,1228,12,1
3174,1913,222,-1
3175,139,0,1
3176,1302,41,1
3177,492,166,1
3178,32,13,1
3179,1909,38,-1
3180,994,1,1
3181,528,35,1
3182,719,7,1
3183,1699,38,-1
3184,1915,220,-1
3185,32,21,1
3186,1848,219,-1
3187,1969,225,-1
3188,937,41,1
3189,1152,12,1
3190,140,48,1
3191,786,35,1
3192,1876,44,-1
3193,1635,212,-1
3194,882,35,1
3195,1789,221,-1
3196,723,41,1
3197,2167,219,-1
3198,292,3,1
3199,724,16,1
3200,1517,208,-1
3201,242,12,1
3202,174,6,1
3203,486,225,-1
3204,1336,12,1
3205,2410,219,-1
3206,2409,225,-1
3207,1898,223,-1
3208,2040,225,-1
3209,1666,220,-1
3210,117,3,1
3211,1802,225,-1
3212,1083,1,1
3213,1493,229,-1
3214,2473,223,-1
3215,1429,7,1
3216,1771,205,-1
3217,2015,38,-1
3218,1176,220,-1
3219,1082,2,1
3220,2341,220,-1
3221,2336,225,-1
3222,1808,222,-1
3223,435,3,1
3224,53,95,1
3225,1922,44,-1
3226,2449,222,-1
3227,2401,222,-1
3228,2445,212,-1
3229,2074,212,-1
3230,925,0,1
3231,1114,192,1
3232,1080,56,1
3233,1508,38,-1
3234,1022,69,1
3235,345,12,1
3236,938,200,1
3237,916,24,1
3238,2242,219,-1
3239,1963,225,-1
3240,933,220,-1
3241,99,46,1
3242,158,219,-1
3243,1326,47,-1
3244,1064,219,-1
3245,2227,212,-1
3246,1553,99,-1
3247,12,7,1
3248,738,13,1
3249,1517,264,-1
3250,1681,146,-1
3251,613,12,1
3252,1292,1,1
3253,418,38,-1
3254,2001,38,-1
3255,886,219,-1
3256,1191,1,1
3257,1235,3,1
3258,537,35,1
3259,1248,7,1
3260,600,31,-1
3261,1006,0,1
3262,328,12,1
3263,2211,146,-1
3264,556,0,1
3265,1059,30,1
3266,284,9,1
3267,1568,146,-1
3268,403,148,-1
3269,671,41,1
3270,1953,219,-1
3271,1013,1,1
3272,642,26,1
3273,787,12,1
3274,396,38,-1
3275,720,41,1
3276,1080,219,-1
3277,2,2,1
3278,110,12,1
3279,240,22,1
3280,1480,146,-1
3281,740,134,1
3282,69,7,1
3283,2284,38,-1
3284,154,24,1
3285,758,12,1
3286,271,35,1
3287,1837,219,-1
3288,43,124,1
3289,1350,1,1
3290,79,2,1
3291,2125,233,-1
3292,1910,101,-1
3293,1862,219,-1
3294,436,2,1
3295,1620,225,-1
3296,140,34,1
3297,1545,230,-1
3298,46,7,1
3299,1334,0,1
3300,1503,220,-1
3301,1945,38,-1
3302,863,217,1
3303,1386,142,1
3304,1779,184,-1
3305,485,11,1
3306,451,51,1
3307,197,146,-1
3308,155,2,1
3309,2162,146,-1
3310,10,20,1
3311,2516,219,-1
3312,2412,146,-1
3313,2521,220,-1
3314,364,21,1
3315,1864,146,-1
3316,495,35,1
3317,1567,219,-1
3318,1927,219,-1
3319,889,7,1
3320,1947,226,-1
3321,2244,219,-1
3322,943,13,1
3323,310,219,-1
3324,532,11,1
3325,343,1,1
3326,1697,219,-1
3327,2082,219,-1
3328,938,1,1
3329,2042,219,-1
3330,1206,21,1
3331,1446,223,-1
3332,738,47,1
3333,1129,219,-1
3334,1089,57,1
3335,2173,220,-1
3336,1632,219,-1
3337,765,161,1
3338,76,13,1
3339,1000,1,1
3340,1946,146,-1
3341,193,214,1
3342,361,1,1
3343,1993,220,-1
3344,874,2,1
3345,1523,146,-1
3346,128,14,1
3347,1598,146,-1
3348,917,22,1
3349,1371,3,1
3350,2089,225,-1
3351,1695,146,-1
3352,643,35,1
3353,958,12,1
3354,531,16,1
3355,1723,225,-1
3356,1895,225,-1
3357,603,11,1
3358,569,1,1
3359,836,12,1
3360,218,33,1
3361,830,9,1
3362,851,35,1
3363,1530,155,-1
3364,17,16,1
3365,1159,13,1
3366,126,3,1
3367,1844,225,-1
3368,2116,223,-1
3369,404,12,1
3370,459,35,1
3371,13,6,1
3372,2100,146,-1
3373,954,1,1
3374,913,146,-1
3375,146,11,1
3376,1317,3,1
3377,1525,220,-1
3378,261,26,1
3379,40,3,1
3380,447,223,-1
3381,1263,142,1
3382,1463,47,1
3383,2524,146,-1
3384,2111,225,-1
3385,1543,146,-1
3386,2257,146,-1
3387,853,35,1
3388,255,129,-1
3389,219,219,-1
3390,557,237,-1
3391,1410,220,-1
3392,1143,35,1
3393,576,7,1
3394,926,220,-1
3395,1676,205,-1
3396,1153,16,1
3397,1744,146,-1
3398,1743,263,-1
3399,1156,1,1
3400,561,16,1
3401,334,72,1
3402,2402,70,-1
3403,796,35,1
3404,75,174,1
3405,1903,223,-1
3406,157,12,1
3407,1684,219,-1
3408,352,41,1
3409,1820,38,-1
3410,1971,44,-1
3411,2230,205,-1
3412,2319,146,-1
3413,2320,219,-1
3414,88,0,1
3415,1172,12,1
3416,1900,38,-1
3417,2362,225,-1
3418,1160,41,1
3419,1941,222,-1
3420,1074,35,1
3421,1493,129,-1
3422,969,12,1
3423,1446,22,1
3424,567,6,1
3425,1515,219,-1
3426,1382,146,-1
3427,578,35,1
3428,322,22,1
3429,1548,146,-1
3430,1957,146,-1
3431,1748,225,-1
3432,2227,219,-1
3433,1705,219,-1
3434,195,13,1
3435,1688,223,-1
3436,74,7,1
3437,1553,245,-1
3438,2149,220,-1
3439,862,0,1
3440,1998,222,-1
3441,1685,146,-1
3442,2525,38,-1
3443,461,11,1
3444,1720,225,-1
3445,1343,24,1
3446,368,147,1
3447,1520,220,-1
3448,1930,47,-1
3449,39,12,1
3450,914,10,1
3451,1574,222,-1
3452,508,12,1
3453,1688,219,-1
3454,1912,219,-1
3455,91,10,1
3456,1177,11,1
3457,1147,12,1
3458,61,13,1
3459,579,210,1
3460,1743,227,-1
3461,1318,24,1
3462,567,13,1
3463,568,1,1
3464,1104,31,1
3465,1397,13,1
3466,2314,223,-1
3467,1787,220,-1
3468,1586,225,-1
3469,1878,146,-1
3470,461,26,1
3471,466,13,1
3472,1347,230,-1
3473,561,41,1
3474,1628,44,-1
3475,1532,227,-1
3476,284,20,1
3477,2204,219,-1
3478,1732,38,-1
3479,2185,220,-1
3480,1312,12,1
3481,349,148,1
3482,1427,3,1
3483,270,35,1
3484,1760,186,-1
3485,445,6,1
3486,1761,225,-1
3487,968,7,1
3488,382,3,1
3489,1195,222,-1
3490,421,13,1
3491,1941,219,-1
3492,186,1,1
3493,1098,56,1
3494,2355,63,-1
3495,233,21,1
3496,1751,222,-1
3497,1976,146,-1
3498,629,10,1
3499,2398,146,-1
3500,473,87,1
3501,2360,219,-1
3502,2094,146,-1
3503,1843,38,-1
3504,968,223,-1
3505,1737,219,-1
3506,1907,223,-1
3507,1480,129,-1
3508,1256,12,1
3509,90,201,1
3510,1714,219,-1
3511,803,24,1
3512,444,7,1
3513,1275,11,1
3514,848,22,1
3515,1863,225,-1
3516,358,24,1
3517,2459,38,-1
3518,378,20,1
3519,32,9,1
3520,1428,216,1
3521,99,99,1
3522,972,44,-1
3523,2161,229,-1
3524,214,146,-1
3525,1411,7,1
3526,688,24,1
3527,1920,38,-1
3528,774,13,1
3529,51,0,1
3530,1544,97,-1
3531,383,35,1
3532,2210,220,-1
3533,1493,236,-1
3534,181,1,1
3535,183,26,1
3536,2468,205,-1
3537,452,35,1
3538,128,21,1
3539,928,11,1
3540,291,12,1
3541,2245,219,-1
3542,78,16,1
3543,908,83,1
3544,447,222,-1
3545,866,0,1
3546,1949,220,-1
3547,631,13,1
3548,2296,146,-1
3549,1678,219,-1
3550,2390,219,-1
3551,2158,225,-1
3552,8,7,1
3553,2249,146,-1
3554,340,146,-1
3555,1642,219,-1
3556,185,1,1
3557,1104,188,-1
3558,208,1,1
3559,1778,219,-1
3560,286,7,1
3561,2005,179,-1
3562,411,57,1
3563,1621,220,-1
3564,855,3,1
3565,325,71,1
3566,2047,38,-1
3567,2139,33,-1
3568,1868,223,-1
3569,2479,219,-1
3570,1828,152,-1
3571,525,146,-1
3572,2194,225,-1
3573,2164,225,-1
3574,1572,219,-1
3575,665,35,1
3576,19,41,1
3577,1985,38,-1
3578,1205,1,1
3579,1821,219,-1
3580,1968,219,-1
3581,143,47,1
3582,849,38,-1
3583,1778,38,-1
3584,1231,60,1
3585,788,219,-1
3586,282,20,1
3587,1787,38,-1
3588,1730,225,-1
3589,2224,219,-1
3590,120,146,-1
3591,583,51,1
3592,1517,97,-1
3593,2315,219,-1
3594,1992,38,-1
3595,865,225,-1
3596,31,16,1
3597,1703,220,-1
3598,2511,220,-1
3599,608,220,-1
3600,777,0,1
3601,1081,12,1
3602,320,0,1
3603,1754,220,-1
3604,1517,28,-1
3605,820,0,1
3606,288,21,1
3607,713,6,1
3608,170,219,-1
3609,850,12,1
3610,1023,225,-1
3611,1104,160,-1
3612,341,33,1
3613,43,63,1
3614,2184,220,-1
3615,1585,219,-1
3616,1664,146,-1
3617,1725,146,-1
3618,2057,219,-1
3619,2400,219,-1
3620,510,149,1
3621,1520,219,-1
3622,27,16,1
3623,879,12,1
3624,415,16,1
3625,94,38,1
3626,1464,33,-1
3627,1042,188,-1
3628,265,24,1
3629,1156,57,1
3630,1849,219,-1
3631,850,225,-1
3632,1201,142,1
3633,685,219,-1
3634,55,28,1
3635,1383,146,-1
3636,1377,213,1
3637,625,2,1
3638,2484,219,-1
3639,126,14,1
3640,1346,44,1
3641,115,59,1
3642,909,12,1
3643,1138,35,1
3644,1583,219,-1
3645,682,122,1
3646,2158,219,-1
3647,1446,152,-1
3648,2190,146,-1
3649,1528,38,-1
3650,528,26,1
3651,294,219,-1
3652,332,13,1
3653,1987,146,-1
3654,1767,38,-1
3655,1283,51,1
3656,2019,225,-1
3657,385,53,1
3658,76,2,1
3659,1611,237,-1
3660,1056,16,1
3661,1045,205,-1
3662,1033,219,-1
3663,1981,219,-1
3664,1670,219,-1
3665,1706,219,-1
3666,635,0,1
3667,714,7,1
3668,307,11,1
3669,132,46,1
3670,1449,7,1
3671,2299,146,-1
3672,769,1,1
3673,2395,219,-1
3674,610,7,1
3675,1653,230,-1
3676,2197,220,-1
3677,1897,146,-1
3678,236,51,1
3679,1647,146,-1
3680,2163,220,-1
3681,521,47,-1
3682,700,0,1
3683,97,35,1
3684,12,9,1
3685,2061,82,-1
3686,1214,146,-1
3687,203,35,1
3688,2005,226,-1
3689,1729,97,-1
3690,1492,38,-1
3691,1815,215,-1
3692,88,12,1
3693,1304,35,1
3694,912,12,1
3695,1665,220,-1
3696,30,146,-1
3697,302,146,-1
3698,2145,222,-1
3699,1619,38,-1
3700,1842,223,-1
3701,393,21,1
3702,803,11,1
3703,752,146,-1
3704,498,146,-1
3705,1097,83,1
3706,1986,146,-1
3707,2283,225,-1
3708,1137,12,1
3709,1039,12,1
3710,1733,38,-1
3711,1610,224,-1
3712,735,0,1
3713,953,8,1
3714,574,125,1
3715,135,47,1
3716,352,2,1
3717,232,225,-1
3718,2349,225,-1
3719,600,22,1
3720,1752,220,-1
3721,59,166,1
3722,791,7,1
3723,65,164,1
3724,2088,38,-1
3725,2205,99,-1
3726,2487,146,-1
3727,152,26,1
3728,985,12,1
3729,636,3,1
3730,931,12,1
3731,2106,219,-1
3732,2433,219,-1
3733,308,16,1
3734,1183,35,1
3735,247,16,1
3736,917,152,-1
3737,475,3,1
3738,2268,220,-1
3739,115,82,1
3740,54,41,1
3741,896,0,1
3742,947,43,1
3743,2052,146,-1
3744,44,7,1
3745,261,13,1
3746,455,35,1
3747,2255,219,-1
3748,844,0,1
3749,53,97,1
3750,0,220,-1
3751,1655,129,-1
3752,1639,219,-1
3753,1010,1,1
3754,1928,219,-1
3755,600,222,-1
3756,2267,219,-1
3757,223,219,-1
3758,1111,7,1
3759,1780,220,-1
3760,1772,222,-1
3761,541,60,1
3762,1672,219,-1
3763,750,11,1
3764,1069,12,1
3765,838,44,-1
3766,1979,225,-1
3767,1545,226,-1
3768,1406,1,1
3769,512,34,-1
3770,784,1,1
3771,664,7,1
3772,1556,219,-1
3773,1746,212,-1
3774,1643,219,-1
3775,592,11,1
3776,1104,246,-1
3777,2323,146,-1
3778,477,146,-1
3779,648,20,1
3780,1153,6,1
3781,250,0,1
3782,1020,11,1
3783,1169,219,-1
3784,1941,220,-1
3785,746,24,1
3786,618,13,1
3787,2489,226,-1
3788,488,1,1
3789,1882,222,-1
3790,2084,220,-1
3791,992,146,-1
3792,2136,219,-1
3793,1980,38,-1
3794,1712,219,-1
3795,825,21,1
3796,173,35,1
3797,2256,223,-1
3798,707,2,1
3799,969,219,-1
3800,989,38,-1
3801,1493,255,-1
3802,1093,35,1
3803,2232,223,-1
3804,1730,146,-1
3805,497,82,-1
3806,1244,149,1
3807,173,11,1
3808,135,21,1
3809,2186,219,-1
3810,902,24,1
3811,2327,225,-1
3812,2377,38,-1
3813,1215,0,1
3814,1674,146,-1
3815,655,12,1
3816,473,174,1
3817,2035,219,-1
3818,452,26,1
3819,2275,219,-1
3820,2423,82,-1
3821,1093,57,1
3822,1697,38,-1
3823,112,14,1
3824,1464,219,-1
3825,564,1,1
3826,631,35,1
3827,2086,146,-1
3828,1542,247,-1
3829,303,35,1
3830,608,0,1
3831,1765,38,-1
3832,1801,219,-1
3833,1164,16,1
3834,446,1,1
3835,1197,7,1
3836,1078,220,-1
3837,2053,129,-1
3838,2014,47,-1
3839,1017,1,1
3840,1078,237,-1
3841,2009,212,-1
3842,1752,219,-1
3843,287,146,-1
3844,1566,234,-1
3845,265,11,1
3846,1530,86,-1
3847,2382,222,-1
3848,1905,225,-1
3849,620,24,1
3850,2431,219,-1
3851,1344,2,1
3852,1646,129,-1
3853,1916,223,-1
3854,764,1,1
3855,837,220,-1
3856,2047,219,-1
3857,306,0,1
3858,718,3,1
3859,255,146,-1
3860,1833,220,-1
3861,1127,219,-1
3862,1794,219,-1
3863,851,21,1
3864,649,44,1
3865,632,11,1
3866,180,13,1
3867,1395,3,1
3868,666,41,1
3869,105,1,1
3870,929,14,1
3871,2199,146,-1
3872,1325,24,1
3873,2492,225,-1
3874,762,21,1
3875,1671,219,-1
3876,1189,3,1
3877,997,16,1
3878,289,217,1
3879,49,25,1
3880,317,220,-1
3881,1162,7,1
3882,1604,219,-1
3883,1533,82,-1
3884,418,0,1
3885,436,41,1
3886,1467,3,1
3887,1058,11,1
3888,1956,225,-1
3889,469,219,-1
3890,153,16,1
3891,1978,219,-1
3892,94,72,1
3893,2190,38,-1
3894,327,24,1
3895,1221,24,1
3896,1039,225,-1
3897,378,35,1
3898,514,91,1
3899,687,24,1
3900,1600,215,-1
3901,801,101,-1
3902,341,140,1
3903,232,3,1
3904,2460,146,-1
3905,2244,10,-1
3906,1254,12,1
3907,1121,6,1
3908,926,129,-1
3909,1937,219,-1
3910,1088,10,1
3911,944,0,1
3912,2399,146,-1
3913,1970,10,-1
3914,951,11,1
3915,1207,12,1
3916,1727,219,-1
3917,1122,3,1
3918,611,35,1
3919,1976,220,-1
3920,1298,12,1
3921,144,24,1
3922,1584,10,-1
3923,269,21,1
3924,545,44,1
3925,788,7,1
3926,1184,225,-1
3927,2168,146,-1
3928,579,129,1
3929,225,61,1
3930,1073,0,1
3931,172,14,1
3932,489,7,1
3933,1786,225,-1
3934,1187,1,1
3935,1519,192,-1
3936,129,30,1
3937,1372,51,1
3938,1660,230,-1
3939,2316,219,-1
3940,1631,160,-1
3941,2041,38,-1
3942,1402,0,1
3943,31,41,1
3944,1227,11,1
3945,2077,223,-1
3946,799,219,-1
3947,1149,220,-1
3948,230,6,1
3949,1429,223,-1
3950,927,35,1
3951,1718,225,-1
3952,923,35,1
3953,690,30,1
3954,1865,220,-1
3955,1920,223,-1
3956,1626,219,-1
3957,1162,3,1
3958,2171,38,-1
3959,2434,219,-1
3960,716,7,1
3961,137,3,1
3962,933,0,1
3963,2365,38,-1
3964,228,6,1
3965,894,12,1
3966,629,6,1
3967,512,10,-1
3968,419,83,1
3969,505,30,1
3970,904,35,1
3971,1538,225,-1
3972,1482,220,-1
3973,1287,12,1
3974,343,16,1
3975,1131,12,1
3976,1557,220,-1
3977,1082,219,-1
3978,1337,24,1
3979,516,38,1
3980,527,12,1
3981,626,16,1
3982,126,11,1
3983,2119,129,-1
3984,0,219,-1
3985,1731,220,-1
3986,1099,146,-1
3987,1508,220,-1
3988,1784,219,-1
3989,553,1,1
3990,903,219,-1
3991,1795,146,-1
3992,168,12,1
3993,1234,0,1
3994,893,13,1
3995,1522,146,-1
3996,1550,225,-1
3997,2099,146,-1
3998,1401,7,1
3999,523,16,1
4000,535,12,1
4001,754,33,-1
4002,261,9,1
4003,395,24,1
4004,2217,231,-1
4005,1542,129,-1
4006,1995,219,-1
4007,1721,152,-1
4008,616,47,1
4009,28,170,1
4010,1531,223,-1
4011,36,41,1
4012,1974,219,-1
4013,2193,235,-1
4014,536,16,1
4015,310,223,-1
4016,411,1,1
4017,1791,146,-1
4018,194,38,1
4019,1257,1,1
4020,775,1,1
4021,1414,1,1
4022,1402,220,-1
4023,1486,146,-1
4024,1977,219,-1
4025,2442,219,-1
4026,1823,219,-1
4027,704,126,1
4028,1109,35,1
4029,1340,2,1
4030,801,138,1
4031,1186,225,-1
4032,1060,35,1
4033,917,10,-1
4034,579,100,1
4035,2404,223,-1
4036,1042,86,-1
4037,5,21,1
4038,1394,51,1
4039,734,198,1
4040,825,35,1
4041,1530,22,-1
4042,1641,146,-1
4043,640,30,1
4044,942,7,1
4045,2129,225,-1
4046,1890,38,-1
4047,331,219,-1
4048,1812,38,-1
4049,1042,28,-1
4050,1599,220,-1
4051,2152,225,-1
4052,7,1,1
4053,1575,38,-1
4054,578,7,1
4055,241,106,1
4056,1510,32,-1
4057,2206,219,-1
4058,1045,60,1
4059,1956,146,-1
4060,19,14,1
4061,2477,146,-1
4062,1448,12,1
4063,1581,226,-1
4064,67,1,1
4065,1517,86,-1
4066,324,219,-1
4067,537,2,1
4068,1400,24,1
4069,2491,146,-1
4070,463,3,1
4071,1549,219,-1
4072,752,225,-1
4073,2457,146,-1
4074,760,18,1
4075,748,35,1
4076,881,12,1
4077,280,35,1
4078,1126,7,1
4079,603,14,1
4080,363,1,1
4081,2348,219,-1
4082,107,13,1
4083,1783,221,-1
4084,55,73,1
4085,151,12,1
4086,2269,146,-1
4087,759,11,1
4088,1420,12,1
4089,1929,38,-1
4090,273,1,1
4091,1311,26,1
4092,1872,219,-1
4093,2427,220,-1
4094,1321,24,1
4095,2526,146,-1
4096,729,146,-1
4097,212,219,-1
4098,2512,146,-1
4099,563,35,1
4100,1611,10,-1
4101,1903,146,-1
4102,426,219,-1
4103,2322,82,-1
4104,234,14,1
4105,1662,222,-1
4106,470,146,-1
4107,1650,82,-1
4108,2447,223,-1
4109,2426,219,-1
4110,1662,219,-1
4111,2381,146,-1
4112,1335,16,1
4113,1128,12,1
4114,294,1,1
4115,224,3,1
4116,66,0,1
4117,1438,12,1
4118,1889,146,-1
4119,1518,38,-1
4120,2231,220,-1
4121,449,13,1
4122,2338,146,-1
4123,1488,38,-1
4124,2324,219,-1
4125,1432,146,-1
4126,2144,219,-1
4127,443,3,1
4128,1915,152,-1
4129,1776,219,-1
4130,1643,146,-1
4131,2293,146,-1
4132,592,2,1
4133,2288,219,-1
4134,2264,38,-1
4135,6,78,1
4136,352,1,1
4137,33,11,1
4138,2050,146,-1
4139,279,1,1
4140,142,219,-1
4141,2303,38,-1
4142,2184,38,-1
4143,1961,225,-1
4144,1473,12,1
4145,2509,225,-1
4146,1148,1,1
4147,142,12,1
4148,1100,219,-1
4149,1253,16,1
4150,2417,47,-1
4151,91,2,1
4152,538,3,1
4153,401,12,1
4154,210,16,1
4155,55,27,1
4156,1646,10,-1
4157,1579,223,-1
4158,1654,225,-1
4159,1532,129,-1
4160,33,35,1
4161,1644,225,-1
4162,288,1,1
4163,2012,192,-1
