0,353,367,-1
1,414,1912,-1
2,343,311,-1
3,7,1894,-1
4,275,1115,-1
5,311,864,1
6,166,1941,-1
7,355,1015,1
8,285,793,1
9,622,1582,1
10,667,216,-1
11,604,1559,1
12,343,1121,-1
13,632,1988,-1
14,646,1115,-1
15,150,451,1
16,553,1440,1
17,302,2032,-1
18,128,167,-1
19,467,1196,-1
20,353,767,-1
21,687,1724,1
22,711,738,-1
23,463,1197,1
24,353,783,-1
25,607,1056,-1
26,630,1413,-1
27,492,562,-1
28,244,704,1
29,613,29,-1
30,375,1063,1
31,463,1206,1
32,579,1487,1
33,667,177,-1
34,597,1519,1
35,683,1719,1
36,403,1097,1
37,7,1825,-1
38,659,1370,-1
39,62,158,1
40,128,1383,-1
41,639,1603,1
42,680,1712,1
43,775,1250,-1
44,171,1268,-1
45,293,818,1
46,443,1158,1
47,190,560,1
48,100,282,1
49,168,1058,-1
50,200,588,1
51,467,907,-1
52,594,167,-1
53,15,36,1
54,353,1208,-1
55,727,311,-1
56,775,973,-1
57,460,1493,-1
58,599,738,-1
59,0,96,-1
60,774,1912,1
61,632,1062,-1
62,24,69,1
63,628,653,1
64,84,229,1
65,399,1100,1
66,42,119,1
67,415,271,1
68,666,1653,1
69,621,1005,-1
70,78,214,1
71,432,1147,1
72,223,1894,-1
73,226,660,1
74,80,225,1
75,168,1233,-1
76,419,1894,-1
77,190,557,1
78,7,22,1
79,322,921,1
80,595,167,-1
81,807,268,1
82,613,1115,-1
83,168,2032,-1
84,324,956,1
85,265,755,1
86,157,1699,-1
87,256,408,-1
88,666,1666,1
89,109,312,1
90,632,917,-1
91,775,583,-1
92,420,1130,1
93,630,1593,1
94,519,1366,1
95,314,871,1
96,804,1968,1
97,143,429,1
98,637,948,-1
99,201,599,1
100,1,19,1
101,415,278,1
102,799,1959,1
103,576,1115,-1
104,391,1075,1
105,254,733,1
106,113,71,-1
107,475,1273,1
108,334,946,1
109,108,315,1
110,607,1249,-1
111,355,1018,1
112,501,1318,1
113,91,489,-1
114,522,1381,1
115,163,499,1
116,58,147,1
117,166,1266,-1
118,784,1295,-1
119,16,96,-1
120,667,221,-1
121,759,1859,1
122,551,514,-1
123,607,172,-1
124,3,4,1
125,297,96,-1
126,166,1620,-1
127,632,1197,-1
128,656,1894,-1
129,190,565,1
130,163,502,1
131,783,1475,1
132,607,714,-1
133,698,1147,1
134,49,74,-1
135,623,1584,1
136,223,108,-1
137,382,30,-1
138,630,1622,-1
139,297,847,1
140,98,863,-1
141,732,1268,-1
142,597,1511,1
143,667,1894,-1
144,518,1353,1
145,632,1544,-1
146,251,727,1
147,310,863,1
148,282,790,1
149,666,1667,1
150,659,221,-1
151,754,96,-1
152,121,886,-1
153,2,7,1
154,128,1825,-1
155,343,977,-1
156,199,579,1
157,538,1401,1
158,451,1168,1
159,632,1879,-1
160,113,844,-1
161,175,534,1
162,659,1952,-1
163,460,1912,-1
164,482,1572,-1
165,418,1121,-1
166,103,285,1
167,273,768,1
168,607,1620,-1
169,546,1430,1
170,732,1546,-1
171,298,96,-1
172,7,1378,-1
173,583,961,-1
174,191,559,1
175,257,747,1
176,199,605,1
177,667,438,-1
178,555,1442,1
179,545,1424,1
180,287,1952,-1
181,689,274,-1
182,704,1115,-1
183,174,1582,-1
184,624,325,-1
185,746,1850,1
186,49,1713,-1
187,685,1751,1
188,763,1889,1
189,632,274,-1
190,659,1307,-1
191,443,489,-1
192,498,1316,1
193,504,1591,-1
194,337,953,1
195,699,1776,1
196,469,1221,1
197,483,1286,1
198,170,1670,-1
199,471,1242,1
200,684,1721,1
201,519,1357,1
202,204,609,1
203,346,1992,-1
204,796,1933,1
205,596,1080,1
206,311,880,1
207,667,1728,-1
208,508,1115,-1
209,511,1335,1
210,260,751,1
211,471,40,1
212,95,269,1
213,775,325,-1
214,377,1049,1
215,149,423,1
216,488,1293,1
217,707,1268,-1
218,637,836,-1
219,272,512,-1
220,360,1028,1
221,460,1295,-1
222,600,1535,1
223,424,1115,-1
224,293,827,1
225,632,1110,-1
226,694,844,-1
227,518,1343,1
228,805,1995,1
229,583,149,-1
230,751,993,1
231,821,2032,-1
232,632,181,-1
233,496,1304,1
234,136,381,1
235,632,421,-1
236,353,992,-1
237,117,360,1
238,637,26,-1
239,254,731,1
240,17,41,1
241,613,1562,-1
242,186,1912,-1
243,632,1959,-1
244,346,977,-1
245,504,863,-1
246,287,738,-1
247,128,1268,-1
248,450,1493,-1
249,289,810,1
250,784,1920,1
251,624,108,-1
252,635,1598,1
253,551,1814,-1
254,121,403,-1
255,430,863,-1
256,607,695,-1
257,214,1114,-1
258,633,1596,1
259,745,1843,1
260,838,738,-1
261,632,947,-1
262,839,2022,1
263,632,149,-1
264,607,1739,-1
265,784,1115,-1
266,283,791,1
267,245,705,1
268,157,1053,-1
269,688,1737,1
270,727,1572,-1
271,470,207,1
272,504,403,-1
273,659,1982,-1
274,579,1465,1
275,767,108,-1
276,840,1438,-1
277,259,738,-1
278,342,971,1
279,442,1175,1
280,316,221,-1
281,647,2032,-1
282,608,1563,1
283,429,1912,-1
284,58,169,1
285,11,1121,-1
286,38,1121,-1
287,666,1646,1
288,632,1054,-1
289,613,1206,-1
290,156,479,1
291,552,1268,-1
292,528,738,-1
293,273,1005,-1
294,615,907,-1
295,86,1005,-1
296,761,1879,1
297,11,907,-1
298,572,1058,-1
299,157,597,-1
300,79,205,1
301,344,102,1
302,392,96,-1
303,261,863,-1
304,157,163,-1
305,572,1546,-1
306,733,1806,1
307,818,1268,-1
308,775,736,-1
309,524,1384,1
310,353,2020,-1
311,363,1036,1
312,799,1943,1
313,200,580,1
314,304,855,1
315,39,103,1
316,632,950,-1
317,632,1623,-1
318,775,1378,-1
319,78,206,1
320,157,77,-1
321,386,1068,1
322,121,1546,-1
323,473,1269,1
324,156,484,1
325,255,745,1
326,217,96,-1
327,7,1952,-1
328,662,1638,1
329,799,1947,1
330,303,854,1
331,219,651,1
332,201,606,1
333,667,1622,-1
334,380,489,-1
335,49,1268,-1
336,343,1769,-1
337,520,1359,1
338,157,585,-1
339,701,1645,1
340,21,74,1
341,504,1825,-1
342,451,1204,1
343,294,833,1
344,597,1514,1
345,803,1967,1
346,756,1862,1
347,780,1127,-1
348,540,96,-1
349,472,1244,1
350,116,341,1
351,343,1622,-1
352,560,1447,1
353,632,564,-1
354,272,1744,-1
355,732,884,-1
356,637,427,-1
357,353,1556,-1
358,752,977,-1
359,5,10,1
360,460,767,-1
361,127,274,-1
362,449,1203,1
363,318,903,1
364,775,809,-1
365,99,29,-1
366,712,907,-1
367,169,528,1
368,674,1705,1
369,252,1894,-1
370,575,1460,1
371,656,1413,-1
372,583,977,-1
373,799,1944,1
374,700,1777,1
375,653,1618,1
376,690,738,-1
377,671,1703,1
378,838,299,-1
379,464,1115,-1
380,467,1058,-1
381,419,108,-1
382,632,1777,-1
383,551,884,-1
384,687,1745,1
385,231,682,1
386,543,1894,-1
387,686,1740,1
388,770,128,1
389,475,1272,1
390,726,1799,1
391,632,1055,-1
392,89,246,1
393,499,1295,-1
394,287,1268,-1
395,504,1829,-1
396,320,918,1
397,149,425,1
398,407,1115,1
399,632,2032,-1
400,166,106,-1
401,504,738,-1
402,521,1058,-1
403,218,632,1
404,694,221,-1
405,563,1450,1
406,153,480,1
407,240,1114,-1
408,767,1561,1
409,272,66,-1
410,548,1435,1
411,781,1917,1
412,831,2013,1
413,821,2006,1
414,96,275,1
415,838,1005,-1
416,549,323,-1
417,595,2032,-1
418,632,738,-1
419,80,1005,-1
420,785,1921,1
421,157,836,-1
422,773,1992,-1
423,627,1295,-1
424,775,71,-1
425,675,1706,1
426,359,1027,1
427,659,1515,-1
428,614,1744,-1
429,744,30,-1
430,33,96,-1
431,694,167,-1
432,370,1040,1
433,343,987,1
434,67,186,1
435,838,221,-1
436,78,219,1
437,632,907,-1
438,240,1562,-1
439,265,948,-1
440,150,446,1
441,667,818,-1
442,466,907,-1
443,428,1138,1
444,470,197,1
445,579,1482,1
446,682,562,-1
447,451,1190,1
448,647,1694,-1
449,342,967,1
450,632,627,-1
451,265,1622,-1
452,1,6,1
453,799,1951,1
454,632,1804,-1
455,707,221,-1
456,599,323,-1
457,838,1941,-1
458,732,1988,-1
459,705,1713,-1
460,412,1121,1
461,667,1378,-1
462,38,96,1
463,543,2032,-1
464,806,1596,1
465,748,1845,1
466,264,562,-1
467,332,959,1
468,549,604,-1
469,613,1602,-1
470,481,1285,1
471,632,1527,-1
472,402,1107,1
473,265,1572,-1
474,775,1244,-1
475,756,1867,1
476,632,1713,-1
477,840,1670,-1
478,200,597,1
479,195,574,1
480,191,563,1
481,17,30,-1
482,667,117,-1
483,294,840,1
484,614,1378,-1
485,374,1046,1
486,784,1912,-1
487,407,1378,-1
488,651,1631,1
489,632,1105,-1
490,543,1992,-1
491,326,927,1
492,38,1005,-1
493,632,451,-1
494,353,458,-1
495,104,286,1
496,157,945,-1
497,727,836,-1
498,415,360,1
499,199,607,1
500,607,560,-1
501,427,1137,1
502,714,1804,-1
503,778,29,-1
504,732,478,-1
505,353,1754,-1
506,470,1225,1
507,670,1701,1
508,572,1246,-1
509,489,1294,1
510,226,664,1
511,756,1870,1
512,732,961,-1
513,519,1367,1
514,69,96,-1
515,96,273,1
516,583,1769,-1
517,338,1115,-1
518,780,1916,1
519,787,216,-1
520,100,1114,-1
521,621,1916,-1
522,265,714,-1
523,521,562,-1
524,407,163,-1
525,259,750,1
526,166,1383,-1
527,353,990,-1
528,727,597,-1
529,232,683,1
530,632,1121,-1
531,491,1297,1
532,219,649,1
533,11,863,-1
534,615,318,-1
535,623,1585,1
536,799,1957,1
537,637,1894,-1
538,108,295,1
539,238,709,1
540,666,1643,1
541,265,1769,-1
542,79,204,1
543,813,1985,1
544,732,201,-1
545,651,1613,1
546,666,1661,1
547,276,771,1
548,705,318,-1
549,95,1115,-1
550,602,325,-1
551,707,108,-1
552,670,1687,1
553,247,716,1
554,157,736,-1
555,121,977,-1
556,607,1767,-1
557,780,1130,-1
558,305,856,1
559,315,879,1
560,296,573,1
561,219,643,1
562,517,1005,-1
563,151,30,-1
564,607,1121,-1
565,64,30,-1
566,518,1350,1
567,590,1500,1
568,261,408,-1
569,166,77,-1
570,756,1872,1
571,632,1102,-1
572,536,26,-1
573,551,775,-1
574,716,774,1
575,327,96,-1
576,615,1246,-1
577,226,663,1
578,667,486,-1
579,287,1739,-1
580,469,273,1
581,484,1287,1
582,793,1930,1
583,732,447,-1
584,550,977,-1
585,613,1651,-1
586,104,202,1
587,472,1241,1
588,803,583,-1
589,660,1912,-1
590,353,1640,-1
591,289,804,1
592,606,977,-1
593,599,1268,-1
594,630,1121,-1
595,634,1597,1
596,621,172,-1
597,342,975,1
598,621,1121,-1
599,714,201,-1
600,554,775,1
601,551,1196,-1
602,595,1005,-1
603,97,1769,-1
604,797,1992,-1
605,157,1694,-1
606,607,1788,-1
607,128,1694,-1
608,759,1869,1
609,722,1795,1
610,154,471,1
611,200,581,1
612,754,1493,-1
613,500,1322,1
614,19,44,1
615,272,1591,-1
616,836,2018,1
617,621,422,-1
618,151,457,1
619,658,1295,-1
620,704,1779,1
621,627,1069,-1
622,180,541,1
623,583,318,-1
624,246,707,1
625,669,1680,1
626,667,144,-1
627,834,1378,-1
628,355,1011,1
629,783,1489,1
630,712,1786,1
631,538,977,-1
632,640,96,-1
633,89,250,1
634,116,353,1
635,668,1121,-1
636,355,1010,1
637,600,1527,1
638,666,1655,1
639,666,1647,1
640,561,1448,1
641,176,1295,-1
642,752,1851,1
643,775,1054,-1
644,659,167,-1
645,265,43,-1
646,220,652,1
647,220,634,1
648,653,1617,1
649,511,1334,1
650,49,738,-1
651,376,1057,1
652,272,950,-1
653,659,973,-1
654,79,222,1
655,353,1339,-1
656,7,1268,-1
657,732,108,-1
658,310,137,-1
659,26,65,1
660,150,448,1
661,111,333,1
662,59,168,1
663,121,478,-1
664,226,661,1
665,519,1362,1
666,82,227,1
667,240,96,-1
668,79,210,1
669,353,769,-1
670,272,265,-1
671,273,1769,-1
672,223,907,-1
673,526,1115,-1
674,339,972,1
675,138,390,1
676,34,91,1
677,627,1912,-1
678,158,523,1
679,783,1474,1
680,321,920,1
681,627,987,-1
682,583,201,-1
683,802,1964,1
684,155,470,1
685,659,2032,-1
686,484,1058,-1
687,344,116,1
688,28,66,1
689,109,307,1
690,613,1114,-1
691,109,298,1
692,625,1042,1
693,642,1174,1
694,607,696,-1
695,201,603,1
696,744,1841,1
697,594,1504,1
698,462,1195,1
699,312,870,1
700,190,558,1
701,121,1894,-1
702,445,1164,1
703,414,1295,-1
704,840,1493,-1
705,669,1697,1
706,469,1215,1
707,838,1268,-1
708,632,1995,-1
709,632,722,-1
710,659,1626,-1
711,49,478,-1
712,265,512,-1
713,39,108,1
714,166,1167,-1
715,583,1013,-1
716,809,1998,1
717,696,1760,1
718,632,1012,-1
719,126,369,1
720,719,1378,-1
721,12,31,1
722,109,303,1
723,18,43,1
724,350,1001,1
725,627,1591,1
726,150,452,1
727,780,1587,-1
728,122,365,1
729,632,1814,-1
730,651,1615,1
731,775,26,-1
732,201,598,1
733,638,1196,-1
734,607,1622,-1
735,748,1295,-1
736,109,301,1
737,89,252,1
738,551,977,-1
739,583,71,-1
740,3,18,1
741,389,1073,1
742,613,756,-1
743,39,112,1
744,114,338,1
745,797,886,-1
746,621,583,-1
747,579,1474,1
748,312,886,1
749,467,1769,-1
750,747,1849,1
751,113,1959,-1
752,62,173,1
753,411,1058,-1
754,212,619,1
755,775,1829,-1
756,235,700,1
757,551,1005,-1
758,471,38,1
759,763,1898,1
760,4,20,1
761,632,1740,-1
762,807,2001,1
763,766,1905,1
764,166,318,-1
765,544,1407,1
766,667,1058,-1
767,132,167,-1
768,400,1092,1
769,539,738,-1
770,289,799,1
771,727,71,-1
772,607,1370,-1
773,775,218,-1
774,168,812,-1
775,538,907,-1
776,356,95,-1
777,838,216,-1
778,353,1130,-1
779,2,2,1
780,157,1982,-1
781,803,108,-1
782,632,1268,-1
783,632,1678,-1
784,601,977,-1
785,544,1411,1
786,233,695,1
787,817,907,-1
788,551,738,-1
789,650,1626,1
790,430,597,-1
791,614,512,-1
792,662,512,-1
793,799,1945,1
794,174,533,1
795,787,408,-1
796,88,243,1
797,632,1766,-1
798,172,531,1
799,382,1912,-1
800,637,1005,-1
801,132,977,-1
802,632,1831,-1
803,93,267,1
804,678,1710,1
805,170,1912,-1
806,817,1622,-1
807,157,1992,-1
808,586,1496,1
809,472,37,1
810,609,1567,1
811,836,844,-1
812,147,987,-1
813,632,1094,-1
814,738,1820,1
815,595,1378,-1
816,637,318,-1
817,607,221,-1
818,572,408,-1
819,407,1769,-1
820,343,514,-1
821,803,1268,-1
822,792,329,1
823,654,1623,1
824,670,1696,1
825,775,1056,-1
826,697,1773,1
827,556,1217,1
828,311,885,1
829,637,1250,-1
830,445,1200,1
831,353,1504,-1
832,467,2032,-1
833,363,1031,1
834,632,673,-1
835,317,912,1
836,58,161,1
837,638,1694,-1
838,803,149,-1
839,226,671,1
840,632,964,-1
841,596,1079,1
842,365,1034,1
843,64,96,-1
844,95,30,-1
845,92,264,1
846,89,249,1
847,699,1767,1
848,818,1058,-1
849,632,1834,-1
850,213,622,1
851,607,977,-1
852,289,800,1
853,187,108,-1
854,107,300,1
855,68,185,1
856,763,1895,1
857,535,1397,1
858,53,134,1
859,780,987,-1
860,826,1038,1
861,517,1339,1
862,659,1892,-1
863,186,547,1
864,554,96,-1
865,600,1555,1
866,687,185,1
867,727,562,-1
868,15,34,1
869,667,1669,-1
870,369,1039,1
871,659,454,-1
872,632,1626,-1
873,504,907,-1
874,669,1684,1
875,67,184,1
876,388,1072,1
877,743,1840,1
878,543,512,-1
879,310,29,-1
880,314,891,1
881,294,838,1
882,632,0,-1
883,253,730,1
884,419,907,-1
885,51,863,-1
886,838,1699,-1
887,594,1992,-1
888,157,1996,-1
889,578,863,-1
890,19,76,1
891,765,96,-1
892,775,1996,-1
893,632,1378,-1
894,383,1121,-1
895,662,427,-1
896,310,22,-1
897,653,1633,1
898,317,915,1
899,7,1622,-1
900,315,893,1
901,597,1520,1
902,427,977,-1
903,191,568,1
904,546,1431,1
905,711,1572,-1
906,572,1200,-1
907,168,1378,-1
908,597,1524,1
909,138,395,1
910,521,738,-1
911,647,172,-1
912,109,316,1
913,669,1692,1
914,318,913,1
915,50,129,1
916,290,813,1
917,191,561,1
918,353,895,-1
919,382,1114,-1
920,266,221,-1
921,600,1533,1
922,380,1913,-1
923,78,213,1
924,616,1123,1
925,754,29,-1
926,799,1937,1
927,579,1489,1
928,670,1691,1
929,632,1382,-1
930,836,1749,-1
931,753,1852,1
932,647,1992,-1
933,659,809,-1
934,49,1916,-1
935,620,1351,1
936,705,1268,-1
937,632,1943,-1
938,607,886,-1
939,504,533,-1
940,775,977,-1
941,362,1030,1
942,446,1182,1
943,310,23,-1
944,547,1434,1
945,551,93,-1
946,803,1814,-1
947,159,506,1
948,583,1744,-1
949,707,1781,1
950,157,1604,-1
951,393,792,1
952,518,1345,1
953,588,1498,1
954,698,1763,1
955,396,1079,1
956,400,1096,1
957,79,199,1
958,711,1424,1
959,199,595,1
960,269,760,1
961,146,413,1
962,840,1912,-1
963,525,1385,1
964,110,329,1
965,128,950,-1
966,614,1573,1
967,632,533,-1
968,256,1992,-1
969,39,109,1
970,621,108,-1
971,632,973,-1
972,407,1713,-1
973,803,26,-1
974,407,836,-1
975,353,1602,-1
976,624,907,-1
977,300,850,1
978,156,467,1
979,408,108,-1
980,818,108,-1
981,632,1146,-1
982,647,454,-1
983,579,1478,1
984,525,1386,1
985,789,95,-1
986,512,1331,1
987,514,1295,-1
988,13,32,1
989,480,1281,1
990,840,1582,-1
991,355,1007,1
992,761,1882,1
993,39,110,1
994,572,863,-1
995,632,1793,-1
996,441,1186,1
997,523,1382,1
998,840,1562,-1
999,666,1649,1
1000,162,521,1
1001,147,1602,-1
1002,727,863,-1
1003,630,1005,-1
1004,783,1470,1
1005,11,1713,-1
1006,279,782,1
1007,469,1210,1
1008,694,1744,-1
1009,443,30,-1
1010,551,1804,-1
1011,551,167,-1
1012,839,2031,1
1013,803,907,-1
1014,727,1378,-1
1015,128,1690,-1
1016,665,1641,1
1017,839,2032,1
1018,799,1936,1
1019,223,1622,-1
1020,451,1183,1
1021,104,288,1
1022,293,822,1
1023,839,2028,1
1024,432,1141,1
1025,666,1651,1
1026,780,1295,-1
1027,551,454,-1
1028,650,1612,1
1029,646,30,-1
1030,191,566,1
1031,32,86,1
1032,494,1300,1
1033,711,1622,-1
1034,346,216,-1
1035,216,629,1
1036,274,74,-1
1037,666,1659,1
1038,265,1544,-1
1039,679,1711,1
1040,313,874,1
1041,355,1019,1
1042,583,66,-1
1043,7,907,-1
1044,799,1938,1
1045,607,844,-1
1046,96,274,1
1047,687,179,1
1048,763,1893,1
1049,667,948,-1
1050,601,907,-1
1051,261,130,1
1052,318,899,1
1053,7,863,-1
1054,614,1829,-1
1055,659,1244,-1
1056,527,1388,1
1057,384,1064,1
1058,197,1804,-1
1059,632,238,-1
1060,618,1002,1
1061,49,403,-1
1062,161,507,1
1063,536,1399,1
1064,597,1518,1
1065,727,1713,-1
1066,254,736,1
1067,630,1769,-1
1068,780,1912,-1
1069,353,30,-1
1070,754,95,-1
1071,632,1459,-1
1072,328,942,1
1073,775,890,-1
1074,532,277,1
1075,436,1149,1
1076,159,508,1
1077,343,1572,-1
1078,393,562,-1
1079,150,289,1
1080,466,1378,-1
1081,448,1163,1
1082,775,841,-1
1083,734,1807,1
1084,51,886,-1
1085,799,1941,1
1086,717,1790,1
1087,676,1707,1
1088,727,447,-1
1089,272,1094,-1
1090,632,313,-1
1091,220,645,1
1092,166,438,-1
1093,56,141,1
1094,3,11,1
1095,817,1894,-1
1096,166,1348,-1
1097,171,1413,-1
1098,405,1111,1
1099,602,108,-1
1100,353,1840,-1
1101,551,716,-1
1102,279,779,1
1103,787,2032,-1
1104,735,1808,1
1105,171,530,1
1106,382,1056,1
1107,415,1123,1
1108,10,27,1
1109,49,950,-1
1110,254,328,1
1111,435,1146,1
1112,727,950,-1
1113,775,738,-1
1114,780,1505,-1
1115,336,951,1
1116,628,1218,1
1117,667,1809,-1
1118,685,1739,1
1119,312,866,1
1120,491,1912,-1
1121,632,898,-1
1122,518,1348,1
1123,594,1413,-1
1124,383,1060,1
1125,107,296,1
1126,298,848,1
1127,254,741,1
1128,759,1861,1
1129,7,1546,-1
1130,807,1996,1
1131,478,1278,1
1132,551,1207,-1
1133,100,1438,-1
1134,509,1329,1
1135,551,1992,-1
1136,446,1196,1
1137,632,1250,-1
1138,551,1013,-1
1139,632,323,-1
1140,582,96,-1
1141,515,260,1
1142,288,1005,-1
1143,69,1295,-1
1144,343,403,-1
1145,637,1378,-1
1146,780,1573,-1
1147,344,104,1
1148,220,644,1
1149,632,520,-1
1150,600,1537,1
1151,607,863,-1
1152,659,216,-1
1153,817,977,-1
1154,786,1922,1
1155,416,1124,1
1156,659,1058,-1
1157,535,1398,1
1158,825,96,-1
1159,575,1295,-1
1160,613,992,-1
1161,506,576,1
1162,838,562,-1
1163,777,1914,1
1164,715,1788,1
1165,579,1483,1
1166,447,1176,1
1167,607,1959,-1
1168,551,1491,-1
1169,272,1058,-1
1170,551,1622,-1
1171,632,884,-1
1172,310,1562,-1
1173,94,268,1
1174,662,738,-1
1175,256,172,-1
1176,396,1080,1
1177,239,718,1
1178,627,783,-1
1179,170,1562,-1
1180,610,1391,1
1181,62,160,1
1182,469,1071,1
1183,128,22,1
1184,775,1769,-1
1185,508,1328,1
1186,157,1591,-1
1187,632,43,-1
1188,375,1065,1
1189,558,1445,1
1190,634,1599,1
1191,36,1670,-1
1192,763,1886,1
1193,57,163,1
1194,174,1670,-1
1195,551,1894,-1
1196,600,1531,1
1197,252,108,-1
1198,691,748,1
1199,130,30,-1
1200,686,1727,1
1201,341,964,1
1202,164,512,1
1203,615,1378,-1
1204,780,1781,-1
1205,157,1952,-1
1206,669,1685,1
1207,520,785,1
1208,666,1657,1
1209,763,1885,1
1210,601,738,-1
1211,470,1226,1
1212,732,1699,-1
1213,518,1351,1
1214,128,597,-1
1215,682,907,-1
1216,821,907,-1
1217,838,2020,1
1218,166,948,-1
1219,469,1218,1
1220,803,1622,-1
1221,61,151,1
1222,240,29,-1
1223,287,1378,-1
1224,317,905,1
1225,686,183,1
1226,272,1992,-1
1227,798,1295,-1
1228,775,1578,-1
1229,428,29,-1
1230,36,1114,-1
1231,438,1153,1
1232,595,1894,-1
1233,632,1660,-1
1234,318,904,1
1235,273,562,-1
1236,272,1713,-1
1237,210,620,1
1238,636,1601,1
1239,157,863,-1
1240,551,2041,-1
1241,613,783,-1
1242,189,550,1
1243,632,1952,-1
1244,583,167,-1
1245,343,1713,-1
1246,100,1636,-1
1247,787,1413,-1
1248,289,797,1
1249,99,1115,-1
1250,473,1274,1
1251,790,1929,1
1252,166,583,-1
1253,632,1175,-1
1254,7,1121,-1
1255,121,1246,-1
1256,166,1829,-1
1257,759,1873,1
1258,752,907,-1
1259,623,989,1
1260,659,172,-1
1261,59,153,1
1262,253,729,1
1263,26,68,1
1264,832,372,1
1265,607,427,-1
1266,150,432,1
1267,298,1114,-1
1268,551,1916,-1
1269,280,784,1
1270,583,263,-1
1271,156,482,1
1272,289,805,1
1273,734,1813,1
1274,787,1246,-1
1275,632,1892,-1
1276,632,1838,-1
1277,355,1008,1
1278,551,1383,-1
1279,114,1894,-1
1280,632,1900,-1
1281,740,1709,1
1282,460,1115,-1
1283,392,1853,-1
1284,213,628,1
1285,669,1675,1
1286,330,941,1
1287,714,1992,-1
1288,398,1101,1
1289,632,1252,-1
1290,274,769,1
1291,286,562,-1
1292,659,1024,-1
1293,583,1975,-1
1294,261,1196,-1
1295,121,1211,-1
1296,733,1804,1
1297,658,1635,1
1298,343,1952,-1
1299,339,983,1
1300,504,836,-1
1301,807,1972,1
1302,406,1113,1
1303,685,1746,1
1304,614,1013,-1
1305,518,1344,1
1306,600,1536,1
1307,197,26,-1
1308,149,414,1
1309,730,557,1
1310,748,96,-1
1311,199,596,1
1312,802,1965,1
1313,666,1652,1
1314,38,1378,-1
1315,157,2032,-1
1316,659,408,-1
1317,550,1769,-1
1318,191,554,1
1319,266,756,1
1320,579,1468,1
1321,632,785,-1
1322,24,51,1
1323,310,280,-1
1324,353,1562,-1
1325,390,1074,1
1326,375,1047,1
1327,566,1453,1
1328,423,1133,1
1329,108,324,1
1330,108,304,1
1331,705,96,1
1332,316,427,-1
1333,583,93,-1
1334,472,1235,1
1335,602,1622,-1
1336,739,1836,1
1337,609,1564,1
1338,60,148,1
1339,659,1959,-1
1340,721,1058,-1
1341,453,1170,1
1342,607,2005,-1
1343,632,136,-1
1344,268,758,1
1345,567,1454,1
1346,693,1755,1
1347,550,1058,-1
1348,579,1463,1
1349,450,96,-1
1350,166,11,-1
1351,576,1670,-1
1352,480,1282,1
1353,632,1894,-1
1354,778,95,-1
1355,551,512,-1
1356,11,1769,-1
1357,600,1544,1
1358,504,809,-1
1359,272,1829,-1
1360,840,2041,1
1361,583,1959,-1
1362,227,691,1
1363,820,2005,1
1364,496,1310,1
1365,154,465,1
1366,711,388,-1
1367,667,812,-1
1368,808,1973,1
1369,732,325,-1
1370,578,216,-1
1371,45,125,1
1372,775,823,-1
1373,372,96,-1
1374,265,738,-1
1375,778,96,-1
1376,650,1627,1
1377,418,1126,1
1378,579,1484,1
1379,38,1769,-1
1380,632,905,-1
1381,594,1894,-1
1382,310,1503,-1
1383,274,2032,-1
1384,502,1323,1
1385,407,604,-1
1386,346,1744,-1
1387,78,217,1
1388,278,1493,-1
1389,594,1916,-1
1390,380,1636,-1
1391,686,1732,1
1392,23,55,1
1393,115,339,1
1394,582,24,1
1395,659,1825,-1
1396,838,1829,-1
1397,139,391,1
1398,278,29,-1
1399,604,1912,-1
1400,607,299,-1
1401,632,1922,-1
1402,632,1739,-1
1403,150,435,1
1404,659,1767,-1
1405,58,155,1
1406,775,276,-1
1407,607,1268,-1
1408,637,1992,-1
1409,271,765,1
1410,788,1926,1
1411,583,844,-1
1412,57,174,1
1413,471,1238,1
1414,737,1829,1
1415,105,291,1
1416,595,318,-1
1417,128,1739,-1
1418,732,562,-1
1419,632,945,-1
1420,121,1713,-1
1421,399,1108,1
1422,496,1308,1
1423,803,1996,-1
1424,840,767,-1
1425,340,974,1
1426,89,244,1
1427,838,604,-1
1428,514,1115,-1
1429,632,2033,-1
1430,135,379,1
1431,373,1044,1
1432,763,1890,1
1433,358,1026,1
1434,659,34,-1
1435,145,30,-1
1436,424,1134,1
1437,166,1058,-1
1438,773,1196,-1
1439,143,393,1
1440,129,371,1
1441,110,331,1
1442,279,780,1
1443,122,364,1
1444,131,374,1
1445,702,1622,-1
1446,467,1209,1
1447,376,1069,1
1448,89,257,1
1449,174,95,-1
1450,293,823,1
1451,354,1006,1
1452,241,715,1
1453,168,738,-1
1454,152,1894,-1
1455,763,1899,1
1456,705,907,-1
1457,36,93,1
1458,343,886,-1
1459,667,1207,-1
1460,520,1372,1
1461,433,1144,1
1462,711,1916,-1
1463,702,1769,-1
1464,226,673,1
1465,499,1315,1
1466,712,108,-1
1467,572,1211,-1
1468,470,200,1
1469,659,281,-1
1470,551,1694,-1
1471,161,501,1
1472,109,323,1
1473,711,907,-1
1474,205,611,1
1475,712,562,-1
1476,190,552,1
1477,595,1622,-1
1478,294,821,1
1479,732,1591,-1
1480,701,1642,1
1481,775,1005,-1
1482,579,1480,1
1483,540,1295,-1
1484,624,738,-1
1485,313,889,1
1486,157,1311,-1
1487,705,1769,-1
1488,551,1853,-1
1489,146,399,1
1490,736,1809,1
1491,221,653,1
1492,228,680,1
1493,550,1268,-1
1494,153,463,1
1495,659,274,-1
1496,364,1033,1
1497,243,703,1
1498,647,1894,-1
1499,807,1992,1
1500,632,64,-1
1501,440,1165,1
1502,771,1005,-1
1503,682,977,-1
1504,415,860,1
1505,471,1240,1
1506,659,1749,-1
1507,163,503,1
1508,732,172,-1
1509,189,274,-1
1510,128,533,-1
1511,524,1191,1
1512,128,403,-1
1513,480,1284,1
1514,780,1221,-1
1515,673,1704,1
1516,839,2029,1
1517,287,1992,-1
1518,464,1205,1
1519,697,1770,1
1520,237,688,1
1521,111,334,1
1522,697,1762,1
1523,160,500,1
1524,238,708,1
1525,343,950,-1
1526,814,1115,-1
1527,135,419,1
1528,504,1058,-1
1529,437,1152,1
1530,709,1784,1
1531,632,1547,-1
1532,666,1642,1
1533,632,1158,-1
1534,147,96,-1
1535,738,1825,1
1536,200,584,1
1537,690,1753,1
1538,688,1733,1
1539,572,108,-1
1540,357,1025,1
1541,607,71,-1
1542,632,1941,-1
1543,637,1058,-1
1544,7,1941,-1
1545,605,1560,1
1546,387,1071,1
1547,124,318,-1
1548,255,562,-1
1549,184,545,1
1550,839,2039,1
1551,662,454,-1
1552,233,721,1
1553,161,494,1
1554,425,1135,1
1555,607,716,-1
1556,343,533,-1
1557,549,977,-1
1558,632,975,-1
1559,128,325,-1
1560,780,22,-1
1561,316,486,-1
1562,116,349,1
1563,632,809,-1
1564,775,318,-1
1565,594,886,-1
1566,166,1546,-1
1567,495,1301,1
1568,458,1188,1
1569,760,1875,1
1570,77,193,1
1571,29,87,1
1572,7,1383,-1
1573,150,456,1
1574,263,30,-1
1575,632,981,-1
1576,316,323,-1
1577,724,1797,1
1578,662,1544,-1
1579,58,144,1
1580,705,1005,-1
1581,466,1208,1
1582,632,1129,-1
1583,294,837,1
1584,121,907,-1
1585,150,450,1
1586,170,529,1
1587,839,2037,1
1588,775,907,-1
1589,670,1686,1
1590,471,1248,1
1591,89,248,1
1592,355,1013,1
1593,578,1992,-1
1594,552,977,-1
1595,666,1650,1
1596,89,245,1
1597,174,1130,-1
1598,632,668,-1
1599,520,1377,1
1600,767,1268,-1
1601,69,181,1
1602,293,845,1
1603,53,135,1
1604,60,162,1
1605,606,1058,-1
1606,803,201,-1
1607,285,108,-1
1608,551,1544,-1
1609,632,1410,-1
1610,166,716,-1
1611,128,447,-1
1612,272,1894,-1
1613,613,1582,-1
1614,411,907,-1
1615,759,1871,1
1616,208,614,1
1617,340,970,1
1618,520,1368,1
1619,697,1768,1
1620,8,23,1
1621,799,1940,1
1622,727,1268,-1
1623,157,973,-1
1624,694,1756,1
1625,670,1679,1
1626,472,1253,1
1627,113,318,-1
1628,659,313,-1
1629,437,1150,1
1630,546,1432,1
1631,780,280,-1
1632,743,738,-1
1633,632,2030,-1
1634,537,1400,1
1635,6,14,1
1636,465,1493,-1
1637,317,897,1
1638,380,1114,-1
1639,613,755,-1
1640,7,1058,-1
1641,669,1700,1
1642,803,1196,-1
1643,632,1598,-1
1644,646,1295,-1
1645,23,54,1
1646,254,734,1
1647,341,965,1
1648,544,1412,1
1649,240,1115,-1
1650,353,2017,-1
1651,555,1443,1
1652,57,142,1
1653,340,979,1
1654,356,1913,-1
1655,757,1878,1
1656,293,842,1
1657,600,1538,1
1658,839,2033,1
1659,294,839,1
1660,577,1462,1
1661,808,1990,1
1662,166,975,-1
1663,659,91,-1
1664,741,30,-1
1665,356,1114,-1
1666,355,1016,1
1667,705,863,-1
1668,632,954,-1
1669,757,1863,1
1670,799,1948,1
1671,157,738,-1
1672,174,1913,-1
1673,775,948,-1
1674,638,1916,-1
1675,775,312,-1
1676,189,1005,-1
1677,764,1903,1
1678,98,216,-1
1679,157,1158,-1
1680,817,1058,-1
1681,254,331,1
1682,797,1934,1
1683,389,422,-1
1684,667,1247,-1
1685,39,115,1
1686,632,1249,-1
1687,611,1570,1
1688,752,562,-1
1689,343,738,-1
1690,429,1139,1
1691,312,888,1
1692,155,481,1
1693,613,2018,-1
1694,632,732,-1
1695,291,814,1
1696,627,1582,-1
1697,185,546,1
1698,351,1002,1
1699,775,412,-1
1700,471,1246,1
1701,84,232,1
1702,551,1713,-1
1703,815,1993,1
1704,203,623,1
1705,638,1246,-1
1706,403,96,-1
1707,583,1348,-1
1708,272,2041,-1
1709,309,562,-1
1710,469,276,1
1711,136,405,1
1712,229,681,1
1713,808,1991,1
1714,85,236,1
1715,803,886,-1
1716,150,447,1
1717,599,1526,1
1718,78,209,1
1719,170,1115,-1
1720,430,562,-1
1721,544,1410,1
1722,229,725,1
1723,346,738,-1
1724,730,558,1
1725,11,325,-1
1726,632,1100,-1
1727,719,1792,1
1728,316,895,1
1729,519,1363,1
1730,732,783,1
1731,162,522,1
1732,667,89,-1
1733,659,562,-1
1734,121,447,-1
1735,542,1404,1
1736,315,876,1
1737,773,1910,1
1738,154,473,1
1739,597,1507,1
1740,803,1941,-1
1741,314,877,1
1742,803,512,-1
1743,472,1247,1
1744,667,93,-1
1745,750,1847,1
1746,395,1078,1
1747,632,823,-1
1748,352,1003,1
1749,778,1915,1
1750,152,1622,-1
1751,369,1058,1
1752,659,669,-1
1753,272,43,-1
1754,531,1393,1
1755,597,1515,1
1756,11,1916,-1
1757,368,1038,1
1758,551,583,-1
1759,183,544,1
1760,271,766,1
1761,655,1634,1
1762,201,602,1
1763,572,1694,-1
1764,473,1271,1
1765,550,438,-1
1766,108,294,1
1767,551,320,-1
1768,178,539,1
1769,226,666,1
1770,446,1194,1
1771,659,977,-1
1772,727,987,1
1773,287,1690,-1
1774,632,89,-1
1775,607,1058,-1
1776,493,1299,1
1777,620,1348,1
1778,142,418,1
1779,632,218,-1
1780,173,1013,-1
1781,818,1622,-1
1782,101,283,1
1783,361,1115,-1
1784,134,1115,-1
1785,550,1437,1
1786,380,1562,-1
1787,632,1769,-1
1788,343,2032,-1
1789,15,35,1
1790,39,116,1
1791,226,669,1
1792,593,1503,1
1793,512,1332,1
1794,407,514,-1
1795,809,2002,1
1796,39,100,1
1797,294,829,1
1798,727,1058,-1
1799,667,1413,-1
1800,727,1546,-1
1801,495,1302,1
1802,356,1602,-1
1803,662,604,-1
1804,39,98,1
1805,541,1403,1
1806,607,1200,-1
1807,659,736,-1
1808,155,483,1
1809,471,1233,1
1810,583,1749,-1
1811,143,401,1
1812,632,1825,-1
1813,219,633,1
1814,336,940,1
1815,217,29,-1
1816,579,1481,1
1817,38,108,-1
1818,637,53,-1
1819,91,1438,-1
1820,780,532,-1
1821,400,1094,1
1822,744,1115,-1
1823,289,802,1
1824,451,1202,1
1825,621,1058,-1
1826,126,1378,-1
1827,341,973,1
1828,78,215,1
1829,651,1624,1
1830,482,201,-1
1831,381,1295,-1
1832,228,712,1
1833,110,327,1
1834,59,149,1
1835,632,2038,-1
1836,28,70,1
1837,571,907,-1
1838,353,1472,-1
1839,632,1849,-1
1840,698,1764,1
1841,430,1211,-1
1842,37,94,1
1843,90,262,1
1844,659,1894,-1
1845,254,744,1
1846,170,1069,-1
1847,667,1250,-1
1848,254,740,1
1849,317,898,1
1850,544,1409,1
1851,361,96,-1
1852,39,106,1
1853,132,1058,-1
1854,794,1115,-1
1855,79,223,1
1856,361,1029,1
1857,637,1848,-1
1858,166,562,-1
1859,426,1136,1
1860,621,1699,-1
1861,632,961,-1
1862,640,1604,1
1863,632,735,-1
1864,468,96,-1
1865,274,163,-1
1866,428,1114,-1
1867,664,1640,1
1868,223,977,-1
1869,551,221,-1
1870,120,363,1
1871,430,1694,-1
1872,422,1131,1
1873,472,1251,1
1874,836,977,-1
1875,116,340,1
1876,771,226,1
1877,150,433,1
1878,87,30,-1
1879,235,724,1
1880,121,1690,-1
1881,164,511,1
1882,775,1121,-1
1883,606,562,-1
1884,157,299,-1
1885,835,232,1
1886,543,1413,-1
1887,544,1416,1
1888,780,96,-1
1889,632,1361,-1
1890,141,400,1
1891,121,1167,-1
1892,632,1295,1
1893,298,1295,-1
1894,667,1005,-1
1895,100,96,-1
1896,551,1348,-1
1897,209,615,1
1898,57,166,1
1899,19,59,1
1900,474,1262,1
1901,720,1793,1
1902,625,1588,1
1903,353,711,-1
1904,632,563,-1
1905,803,1058,-1
1906,632,66,-1
1907,595,886,-1
1908,261,1694,-1
1909,632,741,-1
1910,780,1424,-1
1911,687,1738,1
1912,727,478,-1
1913,607,408,-1
1914,632,1200,-1
1915,157,1167,-1
1916,496,1311,1
1917,8,25,1
1918,543,1405,1
1919,619,1580,1
1920,266,323,-1
1921,307,860,1
1922,768,1906,1
1923,637,597,-1
1924,599,1699,-1
1925,632,1534,-1
1926,67,178,1
1927,546,1426,1
1928,810,1986,1
1929,659,1250,-1
1930,152,458,1
1931,572,1894,-1
1932,469,1217,1
1933,382,1913,-1
1934,763,1884,1
1935,504,1690,-1
1936,39,97,1
1937,331,943,1
1938,583,1804,-1
1939,484,562,-1
1940,727,1591,-1
1941,774,1911,1
1942,787,1744,-1
1943,694,163,-1
1944,496,1305,1
1945,670,1694,1
1946,51,1694,-1
1947,753,1115,-1
1948,792,731,1
1949,794,96,-1
1950,173,1413,-1
1951,559,1079,1
1952,632,454,-1
1953,401,1098,1
1954,89,247,1
1955,152,562,-1
1956,158,498,1
1957,469,275,1
1958,637,1024,-1
1959,110,330,1
1960,787,1834,-1
1961,667,977,-1
1962,643,30,-1
1963,440,1155,1
1964,333,934,1
1965,606,738,-1
1966,272,1005,-1
1967,49,161,-1
1968,544,1420,1
1969,329,938,1
1970,230,714,1
1971,675,1115,-1
1972,456,1184,1
1973,316,1829,-1
1974,16,37,1
1975,254,737,1
1976,551,950,-1
1977,721,1268,-1
1978,515,1338,1
1979,147,1115,-1
1980,325,950,1
1981,63,175,1
1982,807,1984,1
1983,219,639,1
1984,632,1779,-1
1985,621,438,-1
1986,128,311,-1
1987,79,197,1
1988,400,1085,1
1989,637,1121,-1
1990,226,675,1
1991,600,1549,1
1992,49,447,-1
1993,609,1569,1
1994,287,1005,-1
1995,40,117,1
1996,632,978,-1
1997,838,950,-1
1998,572,1383,-1
1999,607,811,-1
2000,139,384,1
2001,519,1374,1
2002,474,1268,1
2003,607,812,-1
2004,667,1249,-1
2005,613,1295,-1
2006,19,57,1
2007,163,515,1
2008,512,819,1
2009,112,336,1
2010,787,1925,1
2011,289,808,1
2012,353,1752,-1
2013,227,679,1
2014,630,1996,-1
2015,239,694,1
2016,607,1894,-1
2017,538,738,-1
2018,157,1488,-1
2019,154,486,1
2020,594,2032,-1
2021,803,1005,-1
2022,407,1121,-1
2023,799,1949,1
2024,157,1268,-1
2025,140,426,1
2026,104,219,1
2027,430,1825,-1
2028,640,1636,-1
2029,825,2010,1
2030,637,844,-1
2031,705,1200,-1
2032,475,1275,1
2033,289,801,1
2034,244,710,1
2035,780,1930,-1
2036,299,1005,-1
2037,705,738,-1
2038,597,1517,1
2039,380,1054,1
2040,133,376,1
2041,434,1145,1
2042,134,378,1
2043,484,977,-1
2044,602,1699,-1
2045,621,1941,-1
2046,769,1908,1
2047,430,1622,-1
2048,632,469,-1
2049,497,1319,1
2050,670,1690,1
2051,667,1313,-1
2052,181,542,1
2053,714,299,-1
2054,578,318,-1
2055,578,167,-1
2056,821,738,-1
2057,726,1800,1
2058,424,29,-1
2059,430,533,-1
2060,799,1958,1
2061,705,1413,-1
2062,667,299,-1
2063,550,1622,-1
2064,579,1464,1
2065,401,1088,1
2066,840,1602,-1
2067,170,489,-1
2068,632,15,-1
2069,705,1622,-1
2070,200,582,1
2071,81,1378,-1
2072,494,738,-1
2073,325,926,1
2074,518,1347,1
2075,261,886,-1
2076,84,233,1
2077,157,886,-1
2078,830,997,1
2079,659,1578,-1
2080,433,1143,1
2081,632,1108,-1
2082,168,1894,-1
2083,602,2032,-1
2084,220,636,1
2085,2,3,1
2086,38,325,-1
2087,672,794,1
2088,711,1728,-1
2089,632,74,-1
2090,110,328,1
2091,108,319,1
2092,787,172,-1
2093,116,350,1
2094,775,74,-1
2095,666,1645,1
2096,473,1260,1
2097,659,74,-1
2098,132,108,-1
2099,476,1267,1
2100,628,1214,1
2101,600,1554,1
2102,729,569,1
2103,632,71,-1
2104,219,641,1
2105,725,1798,1
2106,128,1744,-1
2107,735,1815,1
2108,810,1994,1
2109,287,318,-1
2110,801,738,-1
2111,480,1283,1
2112,294,828,1
2113,223,656,1
2114,632,696,-1
2115,787,167,-1
2116,346,318,-1
2117,621,1581,1
2118,355,1012,1
2119,310,95,-1
2120,789,1295,-1
2121,25,58,1
2122,199,590,1
2123,504,478,-1
2124,226,670,1
2125,102,284,1
2126,535,1395,1
2127,340,968,1
2128,170,96,-1
2129,529,1390,1
2130,603,1558,1
2131,90,261,1
2132,345,988,1
2133,350,1000,1
2134,814,30,-1
2135,39,114,1
2136,150,434,1
2137,98,1246,-1
2138,275,770,1
2139,461,489,-1
2140,157,1546,-1
2141,632,1870,-1
2142,632,1167,-1
2143,147,403,1
2144,278,95,-1
2145,153,466,1
2146,795,1932,1
2147,756,1855,1
2148,29,80,1
2149,171,2032,-1
2150,312,865,1
2151,637,167,-1
2152,654,1619,1
2153,108,320,1
2154,353,934,-1
2155,39,105,1
2156,579,1472,1
2157,157,533,-1
2158,108,313,1
2159,780,992,-1
2160,109,308,1
2161,775,1892,-1
2162,166,323,-1
2163,551,1268,-1
2164,775,1348,-1
2165,353,946,-1
2166,659,1158,-1
2167,22,47,1
2168,600,1543,1
2169,424,1295,-1
2170,632,511,-1
2171,624,1587,1
2172,87,238,1
2173,167,1115,-1
2174,287,795,1
2175,353,137,-1
2176,73,188,1
2177,775,1713,-1
2178,637,1013,-1
2179,289,806,1
2180,430,1121,-1
2181,118,108,-1
2182,406,1112,1
2183,656,530,1
2184,39,107,1
2185,287,886,-1
2186,649,1620,1
2187,669,1674,1
2188,727,514,-1
2189,686,1743,1
2190,150,442,1
2191,51,1744,-1
2192,737,1835,1
2193,811,1598,1
2194,49,1952,-1
2195,274,1058,-1
2196,727,1121,-1
2197,541,1115,-1
2198,519,1365,1
2199,11,318,-1
2200,836,427,-1
2201,773,318,-1
2202,116,344,1
2203,14,33,1
2204,632,691,-1
2205,700,1295,-1
2206,174,1636,-1
2207,511,1330,1
2208,174,783,-1
2209,724,1796,1
2210,355,1021,1
2211,469,653,1
2212,88,240,1
2213,630,562,-1
2214,7,1690,-1
2215,732,836,-1
2216,596,1081,1
2217,775,483,-1
2218,465,1207,1
2219,304,857,1
2220,243,720,1
2221,647,1744,-1
2222,414,1115,-1
2223,469,1211,1
2224,157,905,-1
2225,632,1269,-1
2226,472,1239,1
2227,266,1058,-1
2228,637,172,-1
2229,780,1670,-1
2230,353,497,-1
2231,256,486,-1
2232,729,1802,1
2233,824,2015,1
2234,666,1664,1
2235,602,562,-1
2236,607,478,-1
2237,258,749,1
2238,572,1690,-1
2239,457,1179,1
2240,411,977,-1
2241,583,514,-1
2242,38,1916,-1
2243,775,422,-1
2244,601,994,1
2245,105,289,1
2246,734,1817,1
2247,238,699,1
2248,419,562,-1
2249,494,1268,-1
2250,670,1676,1
2251,150,453,1
2252,341,982,1
2253,546,1433,1
2254,366,1035,1
2255,715,1789,1
2256,607,246,-1
2257,128,977,-1
2258,272,1622,-1
2259,96,272,1
2260,378,1051,1
2261,176,536,1
2262,632,1328,-1
2263,140,408,1
2264,7,1005,-1
2265,685,1722,1
2266,460,1189,1
2267,198,585,1
2268,641,1605,1
2269,78,196,1
2270,318,911,1
2271,615,1992,-1
2272,274,1894,-1
2273,667,809,-1
2274,514,401,1
2275,729,563,1
2276,675,1295,-1
2277,338,96,-1
2278,150,444,1
2279,526,30,-1
2280,107,293,1
2281,149,416,1
2282,259,562,-1
2283,539,907,-1
2284,353,516,-1
2285,32,85,1
2286,809,1981,1
2287,549,907,-1
2288,756,1857,1
2289,30,82,1
2290,597,1521,1
2291,353,1405,-1
2292,450,525,-1
2293,461,1192,1
2294,550,1894,-1
2295,696,1757,1
2296,465,30,-1
2297,659,1488,-1
2298,353,535,-1
2299,540,1402,1
2300,174,1069,-1
2301,266,1894,-1
2302,659,1348,-1
2303,106,292,1
2304,600,1540,1
2305,34,489,-1
2306,301,852,1
2307,353,1206,-1
2308,38,1196,-1
2309,504,886,-1
2310,191,562,1
2311,159,504,1
2312,471,1227,1
2313,633,1595,1
2314,343,161,-1
2315,732,1622,-1
2316,593,863,-1
2317,632,422,-1
2318,763,1888,1
2319,632,713,-1
2320,107,305,1
2321,289,803,1
2322,810,1999,1
2323,335,547,1
2324,723,1343,1
2325,157,325,-1
2326,556,1213,1
2327,128,74,-1
2328,278,775,1
2329,157,1829,-1
2330,422,1132,1
2331,157,263,-1
2332,11,2032,-1
2333,159,497,1
2334,775,905,-1
2335,839,2038,1
2336,166,1622,-1
2337,116,359,1
2338,614,167,-1
2339,249,723,1
2340,821,1058,-1
2341,278,1912,-1
2342,737,1822,1
2343,818,738,-1
2344,535,1396,1
2345,530,1391,1
2346,315,875,1
2347,49,108,-1
2348,544,1408,1
2349,27,61,1
2350,578,1196,-1
2351,508,30,-1
2352,780,1638,-1
2353,659,844,-1
2354,632,1744,-1
2355,503,1324,1
2356,7,738,-1
2357,439,1154,1
2358,269,761,1
2359,107,317,1
2360,469,1216,1
2361,766,1295,-1
2362,306,858,1
2363,11,1005,-1
2364,839,2024,1
2365,757,1856,1
2366,571,977,-1
2367,174,1912,-1
2368,496,1307,1
2369,53,132,1
2370,312,867,1
2371,738,1824,1
2372,349,977,-1
2373,583,1814,-1
2374,166,1975,-1
2375,1,21,1
2376,554,1912,-1
2377,632,1460,-1
2378,659,1203,-1
2379,168,1622,-1
2380,201,591,1
2381,687,1735,1
2382,469,654,1
2383,376,1048,1
2384,256,886,-1
2385,647,1609,1
2386,251,108,-1
2387,766,30,-1
2388,302,853,1
2389,248,717,1
2390,780,767,-1
2391,688,1742,1
2392,551,1769,-1
2393,157,1005,-1
2394,157,1572,-1
2395,203,617,1
2396,651,1630,1
2397,211,618,1
2398,565,1295,-1
2399,93,270,1
2400,473,1257,1
2401,775,1916,-1
2402,22,53,1
2403,583,454,-1
2404,58,156,1
2405,7,325,-1
2406,632,2010,-1
2407,272,1196,-1
2408,714,372,1
2409,602,1894,-1
2410,250,726,1
2411,632,1056,-1
2412,38,74,-1
2413,617,1577,1
2414,9,24,1
2415,321,919,1
2416,469,1222,1
2417,91,263,1
2418,85,1295,-1
2419,732,454,-1
2420,273,977,-1
2421,632,1247,-1
2422,681,1714,1
2423,49,1894,-1
2424,282,786,1
2425,157,1769,-1
2426,187,548,1
2427,683,1716,1
2428,281,789,1
2429,550,26,-1
2430,87,95,-1
2431,415,277,1
2432,128,836,-1
2433,476,1276,1
2434,662,221,-1
2435,657,126,1
2436,442,1171,1
2437,128,408,-1
2438,157,887,-1
2439,748,30,-1
2440,145,1115,-1
2441,83,228,1
2442,7,318,-1
2443,49,1200,-1
2444,699,1765,1
2445,803,1246,-1
2446,140,385,1
2447,632,1514,-1
2448,293,825,1
2449,310,1069,-1
2450,226,665,1
2451,614,1246,-1
2452,572,1952,-1
2453,156,477,1
2454,140,430,1
2455,254,743,1
2456,157,106,-1
2457,732,604,-1
2458,623,1586,1
2459,339,981,1
2460,808,1997,1
2461,613,1424,-1
2462,621,486,-1
2463,647,323,-1
2464,730,1803,1
2465,588,216,-1
2466,254,732,1
2467,168,1992,-1
2468,380,29,-1
2469,107,326,1
2470,732,1378,-1
2471,272,716,-1
2472,780,527,-1
2473,198,583,1
2474,572,562,-1
2475,402,1103,1
2476,260,1992,-1
2477,161,518,1
2478,632,510,-1
2479,579,1477,1
2480,583,172,-1
2481,581,1492,1
2482,805,1983,1
2483,28,79,1
2484,112,335,1
2485,443,1115,-1
2486,39,111,1
2487,158,513,1
2488,647,1829,-1
2489,443,1670,-1
2490,632,1667,-1
2491,257,748,1
2492,113,1413,-1
2493,632,151,-1
2494,809,1980,1
2495,583,738,-1
2496,659,1699,-1
2497,711,1678,-1
2498,353,226,-1
2499,775,1546,-1
2500,661,1637,1
2501,432,1142,1
2502,482,1005,-1
2503,469,278,1
2504,551,1461,-1
2505,769,1473,1
2506,55,140,1
2507,780,1581,-1
2508,707,172,-1
2509,696,1761,1
2510,401,782,1
2511,65,180,1
2512,98,1196,-1
2513,157,281,-1
2514,79,216,1
2515,462,1199,1
2516,614,714,-1
2517,96,278,1
2518,632,1233,-1
2519,705,562,-1
2520,167,526,1
2521,473,1264,1
2522,407,1196,-1
2523,294,826,1
2524,662,108,-1
2525,353,1005,1
2526,127,370,1
2527,166,161,-1
2528,478,1277,1
2529,632,1257,-1
2530,613,987,-1
2531,600,1551,1
2532,418,26,-1
2533,595,1246,-1
2534,274,1268,-1
2535,49,596,-1
2536,543,1005,-1
2537,157,221,-1
2538,607,583,-1
2539,196,575,1
2540,100,1493,-1
2541,49,1058,-1
2542,549,1005,-1
2543,22,72,1
2544,794,1295,-1
2545,703,131,1
2546,554,1438,-1
2547,638,167,-1
2548,10,26,1
2549,155,462,1
2550,104,287,1
2551,60,171,1
2552,550,907,-1
2553,194,573,1
2554,272,274,-1
2555,504,325,-1
2556,252,728,1
2557,166,388,-1
2558,739,1832,1
2559,381,1055,1
2560,712,1622,-1
2561,274,562,-1
2562,624,43,-1
2563,466,562,-1
2564,97,562,-1
2565,166,108,-1
2566,242,722,1
2567,667,167,-1
2568,659,53,-1
2569,57,143,1
2570,583,716,-1
2571,787,1829,-1
2572,600,1552,1
2573,91,1493,-1
2574,508,96,-1
2575,466,325,-1
2576,607,890,-1
2577,518,1349,1
2578,632,311,-1
2579,632,10,-1
2580,624,1622,-1
2581,583,216,-1
2582,775,1013,-1
2583,806,1595,1
2584,273,108,-1
2585,353,411,-1
2586,638,1744,-1
2587,46,126,1
2588,607,1604,-1
2589,552,108,-1
2590,504,161,-1
2591,670,1678,1
2592,707,844,-1
2593,108,309,1
2594,579,1479,1
2595,600,1541,1
2596,540,30,-1
2597,799,1956,1
2598,430,318,-1
2599,128,1829,-1
2600,667,246,-1
2601,520,1369,1
2602,787,1699,-1
2603,528,1389,1
2604,708,1782,1
2605,339,976,1
2606,667,149,-1
2607,632,1620,-1
2608,125,368,1
2609,160,495,1
2610,707,486,-1
2611,128,1546,-1
2612,116,348,1
2613,294,824,1
2614,263,753,1
2615,472,1236,1
2616,701,1656,1
2617,199,586,1
2618,614,1005,-1
2619,28,75,1
2620,430,1268,-1
2621,621,221,-1
2622,662,948,-1
2623,775,560,-1
2624,343,597,-1
2625,652,1616,1
2626,746,1848,1
2627,551,1669,-1
2628,551,533,-1
2629,352,1004,1
2630,705,2032,-1
2631,595,1505,1
2632,380,95,-1
2633,521,907,-1
2634,353,755,-1
2635,569,979,1
2636,355,1017,1
2637,632,514,-1
2638,54,133,1
2639,763,1891,1
2640,583,562,-1
2641,293,830,1
2642,33,1115,-1
2643,603,1557,1
2644,554,1493,-1
2645,273,738,-1
2646,677,1708,1
2647,688,1734,1
2648,775,1196,-1
2649,780,755,-1
2650,551,1975,-1
2651,789,30,-1
2652,632,565,-1
2653,355,1014,1
2654,39,101,1
2655,121,167,-1
2656,576,30,-1
2657,754,1912,-1
2658,306,61,1
2659,166,1056,-1
2660,447,1180,1
2661,181,1912,-1
2662,579,1466,1
2663,704,30,-1
2664,573,1458,1
2665,606,1561,1
2666,241,701,1
2667,81,226,1
2668,471,1231,1
2669,541,1295,-1
2670,607,1834,-1
2671,572,2032,-1
2672,132,1268,-1
2673,607,1544,-1
2674,662,844,-1
2675,638,1829,-1
2676,2,13,1
2677,323,923,1
2678,469,360,1
2679,632,739,-1
2680,235,686,1
2681,252,977,-1
2682,457,1178,1
2683,570,136,1
2684,600,1532,1
2685,474,1255,1
2686,313,869,1
2687,317,901,1
2688,145,396,1
2689,89,253,1
2690,110,332,1
2691,598,1525,1
2692,682,738,-1
2693,632,1059,-1
2694,398,1099,1
2695,782,1918,1
2696,551,1546,-1
2697,649,1451,1
2698,735,1823,1
2699,583,408,-1
2700,166,1814,-1
2701,143,397,1
2702,272,1013,-1
2703,504,1622,-1
2704,474,1263,1
2705,407,1114,1
2706,800,1962,1
2707,289,812,1
2708,152,1058,-1
2709,98,886,-1
2710,688,1747,1
2711,379,1052,1
2712,583,1121,-1
2713,70,182,1
2714,621,216,-1
2715,97,1246,-1
2716,23,50,1
2717,613,489,-1
2718,528,907,-1
2719,697,1774,1
2720,523,1295,-1
2721,549,738,-1
2722,637,1203,-1
2723,755,1854,1
2724,551,1996,-1
2725,551,1834,-1
2726,838,438,-1
2727,214,1295,-1
2728,469,271,1
2729,350,999,1
2730,166,427,-1
2731,144,417,1
2732,546,1428,1
2733,353,1910,-1
2734,54,136,1
2735,353,1573,-1
2736,732,1959,-1
2737,504,977,-1
2738,519,1355,1
2739,828,2012,1
2740,836,1268,-1
2741,344,103,1
2742,293,832,1
2743,165,524,1
2744,787,221,-1
2745,124,71,-1
2746,175,535,1
2747,621,716,-1
2748,801,1894,-1
2749,621,427,-1
2750,317,914,1
2751,310,1636,-1
2752,199,578,1
2753,353,95,-1
2754,577,977,-1
2755,124,367,1
2756,316,1246,-1
2757,667,1941,-1
2758,707,604,-1
2759,211,30,-1
2760,40,120,1
2761,648,1622,1
2762,632,99,-1
2763,607,604,-1
2764,803,1804,-1
2765,272,108,-1
2766,659,1848,-1
2767,727,1825,-1
2768,550,2032,-1
2769,583,323,-1
2770,803,1378,-1
2771,57,152,1
2772,87,1115,-1
2773,776,1299,1
2774,31,83,1
2775,654,1621,1
2776,113,337,1
2777,469,274,1
2778,157,313,-1
2779,487,1292,1
2780,281,787,1
2781,838,884,-1
2782,254,739,1
2783,686,1744,1
2784,157,917,-1
2785,821,562,-1
2786,116,354,1
2787,667,461,-1
2788,637,1602,1
2789,583,583,-1
2790,775,1515,-1
2791,667,889,-1
2792,44,124,1
2793,521,108,-1
2794,632,1873,-1
2795,710,1785,1
2796,702,1778,1
2797,698,1766,1
2798,157,216,-1
2799,669,1689,1
2800,398,1083,1
2801,254,735,1
2802,706,1780,1
2803,504,1268,-1
2804,173,532,1
2805,53,137,1
2806,38,863,-1
2807,334,935,1
2808,579,1486,1
2809,226,668,1
2810,26,60,1
2811,572,1069,1
2812,19,71,1
2813,632,1771,-1
2814,801,1963,1
2815,799,1955,1
2816,753,30,-1
2817,607,486,-1
2818,430,1005,-1
2819,151,1115,-1
2820,756,1860,1
2821,799,1960,1
2822,659,1669,-1
2823,430,447,-1
2824,343,836,-1
2825,705,95,1
2826,356,299,-1
2827,323,924,1
2828,743,1622,-1
2829,501,1321,1
2830,602,977,-1
2831,147,783,-1
2832,607,884,-1
2833,713,1787,1
2834,775,299,-1
2835,607,713,-1
2836,157,1056,-1
2837,444,1159,1
2838,347,992,1
2839,335,954,1
2840,472,1228,1
2841,768,1907,1
2842,277,774,1
2843,606,108,-1
2844,613,1020,-1
2845,174,22,-1
2846,600,1547,1
2847,382,96,-1
2848,24,62,1
2849,157,26,-1
2850,688,1729,1
2851,632,276,-1
2852,490,1296,1
2853,632,1489,-1
2854,780,1208,-1
2855,632,34,-1
2856,737,1830,1
2857,159,491,1
2858,272,1121,-1
2859,558,1292,1
2860,87,29,-1
2861,632,1426,-1
2862,769,1477,1
2863,218,631,1
2864,803,1769,-1
2865,632,672,-1
2866,607,975,-1
2867,838,1749,-1
2868,469,1213,1
2869,659,318,-1
2870,736,1812,1
2871,516,1336,1
2872,565,1115,-1
2873,287,907,-1
2874,154,488,1
2875,632,301,-1
2876,355,1020,1
2877,640,30,-1
2878,537,1005,-1
2879,637,311,-1
2880,450,1167,1
2881,254,329,1
2882,632,712,-1
2883,775,1746,-1
2884,637,1713,-1
2885,754,1853,1
2886,602,1556,1
2887,293,844,1
2888,667,323,-1
2889,24,73,1
2890,727,977,-1
2891,418,318,-1
2892,520,1364,1
2893,353,718,-1
2894,520,1356,1
2895,785,1923,1
2896,823,2016,1
2897,384,30,-1
2898,146,422,1
2899,20,67,1
2900,772,1909,1
2901,429,29,-1
2902,544,1421,1
2903,667,1330,-1
2904,469,1212,1
2905,190,551,1
2906,150,439,1
2907,346,408,-1
2908,315,887,1
2909,494,977,-1
2910,632,662,-1
2911,572,738,-1
2912,594,318,-1
2913,519,1370,1
2914,472,1237,1
2915,758,1858,1
2916,467,886,-1
2917,632,1307,-1
2918,760,1866,1
2919,166,514,-1
2920,572,1591,-1
2921,314,878,1
2922,323,928,1
2923,346,990,1
2924,78,221,1
2925,132,318,-1
2926,11,29,1
2927,613,1574,-1
2928,116,356,1
2929,57,164,1
2930,32,84,1
2931,472,1249,1
2932,808,1988,1
2933,802,1966,1
2934,562,1449,1
2935,450,1636,-1
2936,458,1181,1
2937,270,764,1
2938,824,2014,1
2939,108,314,1
2940,272,1203,-1
2941,137,382,1
2942,799,1935,1
2943,353,96,-1
2944,632,1896,-1
2945,803,1728,-1
2946,763,1887,1
2947,656,1268,-1
2948,455,1174,1
2949,579,1470,1
2950,632,1270,-1
2951,157,1596,-1
2952,579,1488,1
2953,7,1916,-1
2954,738,1827,1
2955,272,2032,-1
2956,471,1252,1
2957,317,907,1
2958,128,1378,-1
2959,116,345,1
2960,615,977,-1
2961,49,408,-1
2962,643,1912,-1
2963,467,562,-1
2964,632,1513,-1
2965,670,1695,1
2966,201,604,1
2967,485,1288,1
2968,144,415,1
2969,168,1005,-1
2970,157,43,-1
2971,119,362,1
2972,839,2035,1
2973,627,1438,-1
2974,695,748,1
2975,799,1939,1
2976,211,1115,-1
2977,583,823,-1
2978,159,514,1
2979,353,1279,-1
2980,667,427,-1
2981,699,1769,1
2982,227,697,1
2983,824,380,1
2984,654,1629,1
2985,328,542,1
2986,644,1607,1
2987,798,110,1
2988,783,1465,1
2989,816,2000,1
2990,157,1250,-1
2991,30,1295,-1
2992,518,1346,1
2993,99,95,-1
2994,810,1978,1
2995,687,1741,1
2996,645,1608,1
2997,666,1662,1
2998,353,1912,-1
2999,519,1375,1
3000,274,907,-1
3001,91,1912,-1
3002,637,408,-1
3003,551,323,-1
3004,32,88,1
3005,791,1326,1
3006,632,236,-1
3007,147,137,-1
3008,294,817,1
3009,280,783,1
3010,49,812,-1
3011,579,1490,1
3012,825,1115,-1
3013,630,1058,-1
3014,780,2017,-1
3015,302,1268,-1
3016,632,1522,-1
3017,809,1975,1
3018,519,1373,1
3019,1,1,1
3020,486,1290,1
3021,747,1844,1
3022,353,853,-1
3023,79,200,1
3024,783,1468,1
3025,621,884,-1
3026,7,447,-1
3027,59,165,1
3028,662,562,-1
3029,836,562,-1
3030,116,357,1
3031,254,332,1
3032,442,1157,1
3033,93,266,1
3034,637,596,-1
3035,734,1814,1
3036,805,1969,1
3037,346,1544,-1
3038,100,30,-1
3039,262,752,1
3040,299,849,1
3041,766,1115,-1
3042,199,121,1
3043,266,1268,-1
3044,207,613,1
3045,549,1436,1
3046,51,71,-1
3047,600,1550,1
3048,508,1295,-1
3049,124,1196,-1
3050,198,589,1
3051,702,562,-1
3052,267,757,1
3053,609,1568,1
3054,667,886,-1
3055,594,1744,-1
3056,667,1788,-1
3057,220,648,1
3058,317,909,1
3059,640,1295,-1
3060,667,583,-1
3061,614,216,-1
3062,597,1509,1
3063,412,1120,1
3064,565,96,-1
3065,564,1451,1
3066,827,2011,1
3067,546,1427,1
3068,469,1214,1
3069,757,1876,1
3070,705,1196,-1
3071,632,1905,-1
3072,308,861,1
3073,417,1125,1
3074,84,230,1
3075,551,1370,-1
3076,632,1332,-1
3077,732,221,-1
3078,414,238,1
3079,286,794,1
3080,311,868,1
3081,632,872,-1
3082,238,690,1
3083,666,1658,1
3084,748,489,-1
3085,47,127,1
3086,469,1223,1
3087,300,851,1
3088,619,1579,1
3089,39,99,1
3090,546,1425,1
3091,546,1429,1
3092,302,1622,-1
3093,756,1868,1
3094,805,1970,1
3095,141,407,1
3096,459,1185,1
3097,615,562,-1
3098,146,428,1
3099,647,1268,-1
3100,551,149,-1
3101,245,706,1
3102,311,883,1
3103,210,616,1
3104,343,108,-1
3105,397,1082,1
3106,632,1403,-1
3107,803,1916,-1
3108,504,274,-1
3109,482,1848,-1
3110,450,1069,-1
3111,197,1121,-1
3112,0,1295,-1
3113,627,96,-1
3114,801,1058,-1
3115,741,1838,1
3116,162,496,1
3117,667,1527,-1
3118,269,763,1
3119,465,1115,-1
3120,265,1894,-1
3121,579,1467,1
3122,157,961,-1
3123,19,77,1
3124,705,74,-1
3125,549,172,-1
3126,632,1031,-1
3127,39,102,1
3128,718,1791,1
3129,339,966,1
3130,230,693,1
3131,51,1992,-1
3132,429,96,-1
3133,667,1992,-1
3134,217,1115,-1
3135,469,860,1
3136,779,860,1
3137,732,714,-1
3138,666,1644,1
3139,254,330,1
3140,11,1200,-1
3141,411,1119,1
3142,629,1592,1
3143,155,469,1
3144,645,1201,1
3145,407,161,-1
3146,223,1058,-1
3147,266,1622,-1
3148,7,836,-1
3149,291,738,-1
3150,780,23,-1
3151,160,492,1
3152,226,676,1
3153,153,475,1
3154,806,1982,1
3155,408,1116,1
3156,621,1713,-1
3157,224,658,1
3158,607,1562,1
3159,554,30,-1
3160,632,1139,-1
3161,666,1648,1
3162,287,26,-1
3163,707,977,-1
3164,583,388,-1
3165,343,1916,-1
3166,684,1720,1
3167,274,1769,-1
3168,190,564,1
3169,789,96,-1
3170,2,5,1
3171,467,1894,-1
3172,732,1250,-1
3173,646,1187,1
3174,226,667,1
3175,99,281,1
3176,49,1591,-1
3177,166,1515,-1
3178,343,478,-1
3179,292,815,1
3180,154,476,1
3181,544,1418,1
3182,324,944,1
3183,583,775,-1
3184,524,1383,1
3185,449,1166,1
3186,435,1148,1
3187,363,1032,1
3188,23,63,1
3189,326,945,1
3190,632,604,-1
3191,839,2021,1
3192,838,1546,-1
3193,51,1829,-1
3194,355,1023,1
3195,833,640,1
3196,721,977,-1
3197,659,738,-1
3198,600,1545,1
3199,632,1097,-1
3200,789,1928,1
3201,465,1912,-1
3202,356,1024,1
3203,637,1952,-1
3204,615,738,-1
3205,39,113,1
3206,196,277,1
3207,621,1622,-1
3208,155,464,1
3209,109,299,1
3210,172,108,-1
3211,650,1632,1
3212,157,696,-1
3213,154,474,1
3214,735,1819,1
3215,504,447,-1
3216,289,811,1
3217,659,1268,-1
3218,281,785,1
3219,353,22,-1
3220,632,955,-1
3221,219,650,1
3222,371,1067,1
3223,769,1481,1
3224,617,1575,1
3225,347,991,1
3226,452,1187,1
3227,332,936,1
3228,153,459,1
3229,101,108,-1
3230,660,1297,1
3231,667,1670,1
3232,49,886,-1
3233,121,716,-1
3234,762,751,1
3235,320,917,1
3236,226,674,1
3237,763,1900,1
3238,659,46,-1
3239,54,139,1
3240,498,1314,1
3241,247,711,1
3242,497,1313,1
3243,671,1702,1
3244,631,1594,1
3245,539,1298,1
3246,838,1694,-1
3247,324,925,1
3248,775,2032,-1
3249,472,1245,1
3250,550,1413,-1
3251,474,1259,1
3252,667,1383,-1
3253,108,318,1
3254,600,1553,1
3255,489,1295,1
3256,775,169,-1
3257,377,96,-1
3258,559,1080,1
3259,659,627,-1
3260,727,1749,-1
3261,97,279,1
3262,632,1488,-1
3263,108,322,1
3264,745,1842,1
3265,49,1690,-1
3266,731,1213,1
3267,632,1442,-1
3268,803,1894,-1
3269,607,325,-1
3270,533,1394,1
3271,583,2041,-1
3272,157,1845,-1
3273,319,916,1
3274,599,1834,-1
3275,583,512,-1
3276,621,201,-1
3277,157,669,-1
3278,551,1438,1
3279,607,950,-1
3280,331,932,1
3281,343,1825,-1
3282,543,1196,-1
3283,632,863,-1
3284,320,922,1
3285,265,1268,-1
3286,330,931,1
3287,775,1913,1
3288,78,211,1
3289,128,514,-1
3290,396,1081,1
3291,732,948,-1
3292,738,1831,1
3293,622,1583,1
3294,274,1916,-1
3295,309,793,1
3296,233,684,1
3297,803,823,-1
3298,814,1989,1
3299,515,261,1
3300,75,190,1
3301,150,441,1
3302,353,1609,-1
3303,21,46,1
3304,589,1499,1
3305,266,427,-1
3306,667,950,-1
3307,146,421,1
3308,310,1198,-1
3309,419,1058,-1
3310,356,1115,-1
3311,803,948,-1
3312,501,1320,1
3313,252,907,-1
3314,839,2034,1
3315,138,402,1
3316,219,635,1
3317,284,792,1
3318,632,388,-1
3319,316,1894,-1
3320,837,2019,1
3321,583,1493,1
3322,107,297,1
3323,147,30,-1
3324,333,949,1
3325,326,937,1
3326,538,1268,-1
3327,663,1639,1
3328,166,1246,-1
3329,343,1196,-1
3330,632,2034,-1
3331,727,1694,-1
3332,293,846,1
3333,680,1713,1
3334,441,1156,1
3335,316,408,-1
3336,581,26,1
3337,458,1201,1
3338,307,360,1
3339,632,909,-1
3340,484,738,-1
3341,572,1769,-1
3342,409,1115,-1
3343,647,1246,-1
3344,570,1456,1
3345,794,1931,1
3346,201,587,1
3347,402,1105,1
3348,38,2032,-1
3349,607,948,-1
3350,669,1688,1
3351,89,256,1
3352,743,562,-1
3353,520,1376,1
3354,817,1769,-1
3355,469,1123,1
3356,763,1894,1
3357,188,549,1
3358,121,1694,-1
3359,707,738,-1
3360,100,95,-1
3361,624,886,-1
3362,289,809,1
3363,539,1268,-1
3364,670,1693,1
3365,486,1289,1
3366,272,1694,-1
3367,696,1758,1
3368,597,1516,1
3369,597,1506,1
3370,265,1167,-1
3371,519,788,1
3372,65,177,1
3373,504,1094,-1
3374,579,1471,1
3375,272,1916,-1
3376,192,571,1
3377,669,1672,1
3378,121,311,-1
3379,326,961,1
3380,342,978,1
3381,779,1210,1
3382,222,655,1
3383,93,265,1
3384,77,194,1
3385,150,455,1
3386,121,1268,-1
3387,293,816,1
3388,667,467,-1
3389,579,1476,1
3390,632,1370,-1
3391,705,1894,-1
3392,157,514,-1
3393,666,1669,1
3394,60,170,1
3395,632,721,-1
3396,353,699,-1
3397,413,1122,1
3398,659,560,-1
3399,507,1327,1
3400,266,907,-1
3401,626,1589,1
3402,727,1834,-1
3403,386,30,-1
3404,279,777,1
3405,808,1987,1
3406,712,738,-1
3407,732,1829,-1
3408,504,108,-1
3409,240,95,-1
3410,144,411,1
3411,35,92,1
3412,200,593,1
3413,688,1731,1
3414,666,1665,1
3415,612,1571,1
3416,583,221,-1
3417,254,742,1
3418,577,738,-1
3419,543,948,-1
3420,666,1663,1
3421,150,449,1
3422,341,980,1
3423,683,1718,1
3424,632,1696,-1
3425,788,1927,1
3426,721,1794,1
3427,836,172,-1
3428,79,198,1
3429,136,409,1
3430,504,1121,-1
3431,545,1423,1
3432,704,96,-1
3433,551,1678,-1
3434,757,1877,1
3435,399,1086,1
3436,775,1982,-1
3437,341,985,1
3438,166,525,1
3439,775,533,-1
3440,765,1295,-1
3441,775,1266,-1
3442,116,343,1
3443,726,1328,1
3444,477,126,1
3445,128,1058,-1
3446,191,555,1
3447,630,809,-1
3448,462,1198,1
3449,214,96,-1
3450,199,594,1
3451,343,325,-1
3452,834,1005,-1
3453,193,572,1
3454,174,1493,-1
3455,632,1891,-1
3456,780,137,-1
3457,86,237,1
3458,659,299,-1
3459,311,872,1
3460,719,1005,-1
3461,670,1699,1
3462,544,1419,1
3463,364,1050,1
3464,163,520,1
3465,154,468,1
3466,220,647,1
3467,78,201,1
3468,632,1694,-1
3469,7,1200,-1
3470,667,847,-1
3471,551,299,-1
3472,496,1309,1
3473,615,1574,1
3474,647,216,-1
3475,504,812,-1
3476,737,1811,1
3477,614,1713,-1
3478,597,1513,1
3479,496,1306,1
3480,838,422,-1
3481,775,2041,-1
3482,162,519,1
3483,482,372,1
3484,728,1801,1
3485,140,412,1
3486,638,130,1
3487,330,958,1
3488,306,64,1
3489,138,383,1
3490,154,472,1
3491,602,26,-1
3492,79,212,1
3493,128,529,-1
3494,583,604,-1
3495,375,1062,1
3496,632,1413,-1
3497,637,1196,-1
3498,349,994,1
3499,265,325,-1
3500,205,621,1
3501,460,29,-1
3502,823,2009,1
3503,583,312,-1
3504,632,601,-1
3505,632,1271,-1
3506,531,1392,1
3507,79,208,1
3508,694,408,-1
3509,220,637,1
3510,157,246,-1
3511,583,1894,-1
3512,380,30,-1
3513,370,1061,1
3514,659,1690,-1
3515,513,395,1
3516,71,183,1
3517,494,108,-1
3518,504,1894,-1
3519,166,1988,-1
3520,518,1153,1
3521,343,1749,-1
3522,727,1094,-1
3523,637,714,-1
3524,655,22,1
3525,217,95,-1
3526,407,1200,-1
3527,72,187,1
3528,775,975,-1
3529,583,108,-1
3530,297,1114,-1
3531,679,1295,-1
3532,817,1268,-1
3533,330,957,1
3534,114,1769,-1
3535,624,1268,-1
3536,353,1394,-1
3537,504,1744,-1
3538,708,30,-1
3539,191,569,1
3540,353,370,-1
3541,154,460,1
3542,419,1491,-1
3543,600,1548,1
3544,666,1668,1
3545,544,1413,1
3546,682,1715,1
3547,150,437,1
3548,310,30,-1
3549,614,948,-1
3550,41,118,1
3551,217,630,1
3552,29,81,1
3553,201,592,1
3554,346,1572,-1
3555,421,1295,-1
3556,775,1200,-1
3557,430,1378,-1
3558,763,1897,1
3559,694,172,-1
3560,637,886,-1
3561,407,1992,-1
3562,670,1698,1
3563,11,74,-1
3564,277,772,1
3565,168,527,1
3566,33,90,1
3567,168,108,-1
3568,799,1942,1
3569,0,0,1
3570,407,221,-1
3571,54,138,1
3572,600,1529,1
3573,763,1892,1
3574,443,1636,-1
3575,49,1005,-1
3576,632,692,-1
3577,49,388,-1
3578,293,843,1
3579,810,1977,1
3580,132,1894,-1
3581,658,30,-1
3582,20,45,1
3583,380,525,-1
3584,839,2030,1
3585,761,1881,1
3586,647,163,-1
3587,686,1749,1
3588,445,1160,1
3589,31,89,1
3590,137,392,1
3591,504,1834,-1
3592,450,1295,-1
3593,701,1649,1
3594,289,807,1
3595,838,2032,-1
3596,148,410,1
3597,140,186,1
3598,7,388,-1
3599,38,95,1
3600,141,386,1
3601,89,255,1
3602,241,698,1
3603,252,1058,-1
3604,786,1924,1
3605,85,96,-1
3606,705,1992,-1
3607,780,1206,-1
3608,365,1045,1
3609,613,1436,-1
3610,667,562,-1
3611,128,812,-1
3612,711,1814,-1
3613,230,692,1
3614,272,714,-1
3615,578,280,1
3616,701,1654,1
3617,554,1115,-1
3618,313,884,1
3619,607,1233,-1
3620,469,277,1
3621,295,360,1
3622,7,977,-1
3623,735,1821,1
3624,632,1848,-1
3625,407,478,-1
3626,613,1572,1
3627,146,398,1
3628,372,1043,1
3629,297,30,-1
3630,632,3,-1
3631,452,1169,1
3632,787,1058,-1
3633,358,136,1
3634,419,1916,-1
3635,709,1783,1
3636,775,716,-1
3637,84,235,1
3638,699,1772,1
3639,551,1189,-1
3640,252,1622,-1
3641,343,1690,-1
3642,632,1334,-1
3643,98,1829,-1
3644,89,251,1
3645,469,1219,1
3646,619,1578,1
3647,632,1093,-1
3648,342,969,1
3649,96,271,1
3650,732,886,-1
3651,738,1834,1
3652,450,489,-1
3653,551,172,-1
3654,157,1515,-1
3655,838,388,-1
3656,473,1254,1
3657,74,189,1
3658,355,1022,1
3659,632,1590,-1
3660,220,638,1
3661,732,890,-1
3662,736,1828,1
3663,78,224,1
3664,659,867,-1
3665,413,30,-1
3666,607,738,-1
3667,637,77,-1
3668,7,438,-1
3669,550,149,-1
3670,583,714,-1
3671,142,404,1
3672,504,716,-1
3673,692,1754,1
3674,394,1077,1
3675,269,759,1
3676,609,1566,1
3677,2,16,1
3678,690,907,-1
3679,787,1694,-1
3680,252,562,-1
3681,79,218,1
3682,157,1788,-1
3683,836,604,-1
3684,353,1417,-1
3685,592,1502,1
3686,632,187,-1
3687,775,562,-1
3688,397,1102,1
3689,66,145,1
3690,23,48,1
3691,735,1826,1
3692,659,1916,-1
3693,613,95,-1
3694,343,1058,-1
3695,583,1694,-1
3696,179,540,1
3697,324,947,1
3698,274,604,-1
3699,157,489,1
3700,109,306,1
3701,667,872,-1
3702,100,29,-1
3703,190,553,1
3704,583,320,-1
3705,650,1611,1
3706,88,239,1
3707,382,1115,-1
3708,732,216,-1
3709,637,2032,-1
3710,465,96,-1
3711,132,375,1
3712,574,1459,1
3713,6,12,1
3714,430,1769,-1
3715,15,39,1
3716,166,1378,-1
3717,48,128,1
3718,632,1551,-1
3719,799,1954,1
3720,597,1510,1
3721,707,1894,-1
3722,643,1606,1
3723,727,1739,-1
3724,153,485,1
3725,839,2023,1
3726,163,510,1
3727,287,108,-1
3728,308,862,1
3729,769,1485,1
3730,836,1894,-1
3731,814,96,-1
3732,553,1441,1
3733,549,1058,-1
3734,173,1378,-1
3735,600,1530,1
3736,264,754,1
3737,68,179,1
3738,686,1725,1
3739,695,747,1
3740,96,277,1
3741,144,394,1
3742,401,1104,1
3743,544,1414,1
3744,482,1804,-1
3745,476,1261,1
3746,666,1654,1
3747,364,1053,1
3748,518,1341,1
3749,607,872,-1
3750,107,311,1
3751,806,1971,1
3752,240,1295,-1
3753,417,1005,-1
3754,150,440,1
3755,727,812,-1
3756,163,516,1
3757,340,984,1
3758,78,202,1
3759,343,1694,-1
3760,407,108,-1
3761,217,30,-1
3762,638,863,-1
3763,79,203,1
3764,273,1894,-1
3765,297,1493,-1
3766,109,321,1
3767,775,1058,-1
3768,420,1128,1
3769,551,216,-1
3770,380,96,-1
3771,683,1717,1
3772,408,738,-1
3773,822,2008,1
3774,343,1094,-1
3775,583,1058,-1
3776,472,1230,1
3777,519,1360,1
3778,621,844,-1
3779,468,363,1
3780,344,98,1
3781,116,351,1
3782,400,1109,1
3783,638,886,-1
3784,130,373,1
3785,234,713,1
3786,129,372,1
3787,7,2032,-1
3788,599,977,-1
3789,632,110,-1
3790,89,254,1
3791,834,2017,1
3792,583,1916,-1
3793,727,66,-1
3794,236,687,1
3795,209,626,1
3796,447,1162,1
3797,666,1656,1
3798,694,427,-1
3799,279,776,1
3800,121,22,1
3801,38,1992,-1
3802,763,1901,1
3803,839,2026,1
3804,518,1342,1
3805,97,977,-1
3806,460,1438,-1
3807,450,29,-1
3808,430,950,-1
3809,799,1946,1
3810,627,1114,-1
3811,742,1839,1
3812,254,327,1
3813,469,1224,1
3814,446,1161,1
3815,87,96,-1
3816,157,1203,-1
3817,98,1744,-1
3818,150,445,1
3819,632,736,-1
3820,614,71,-1
3821,49,977,-1
3822,632,175,-1
3823,557,1444,1
3824,266,977,-1
3825,514,30,-1
3826,339,962,1
3827,274,454,-1
3828,430,22,1
3829,552,562,-1
3830,353,525,-1
3831,471,34,1
3832,220,646,1
3833,632,1619,-1
3834,771,1378,-1
3835,775,961,-1
3836,157,1749,-1
3837,740,1837,1
3838,732,512,-1
3839,168,907,-1
3840,61,157,1
3841,1,15,1
3842,116,352,1
3843,64,176,1
3844,177,537,1
3845,166,1572,-1
3846,803,2032,-1
3847,602,1268,-1
3848,607,1975,-1
3849,479,1279,1
3850,59,145,1
3851,261,1916,-1
3852,407,1413,-1
3853,276,773,1
3854,214,624,1
3855,88,242,1
3856,350,995,1
3857,166,2030,-1
3858,551,1749,-1
3859,302,562,-1
3860,479,274,-1
3861,607,931,-1
3862,667,1591,-1
3863,346,1829,-1
3864,2,17,1
3865,606,1268,-1
3866,278,1438,-1
3867,583,884,-1
3868,613,525,-1
3869,128,1952,-1
3870,348,993,1
3871,544,1417,1
3872,711,108,-1
3873,571,1246,-1
3874,775,1189,-1
3875,121,1622,-1
3876,220,640,1
3877,157,1244,-1
3878,829,1044,1
3879,617,1576,1
3880,732,408,-1
3881,667,579,-1
3882,775,1814,-1
3883,139,427,1
3884,500,1317,1
3885,667,1013,-1
3886,338,30,-1
3887,613,795,-1
3888,667,46,-1
3889,472,1229,1
3890,374,1059,1
3891,578,408,-1
3892,430,812,-1
3893,203,608,1
3894,11,977,-1
3895,146,420,1
3896,138,387,1
3897,49,533,-1
3898,456,1177,1
3899,294,834,1
3900,409,1117,1
3901,77,192,1
3902,632,811,-1
3903,251,562,-1
3904,407,1622,-1
3905,152,108,-1
3906,803,1669,-1
3907,160,509,1
3908,336,952,1
3909,572,1094,-1
3910,157,108,-1
3911,108,325,1
3912,445,1193,1
3913,838,1996,-1
3914,733,1805,1
3915,659,514,-1
3916,758,1874,1
3917,632,77,-1
3918,279,781,1
3919,600,1542,1
3920,454,1172,1
3921,363,1042,1
3922,492,907,-1
3923,166,863,-1
3924,166,1244,-1
3925,382,1295,-1
3926,632,1566,-1
3927,398,1091,1
3928,579,1473,1
3929,118,361,1
3930,632,267,-1
3931,410,1118,1
3932,293,831,1
3933,698,1775,1
3934,57,167,1
3935,311,873,1
3936,496,1312,1
3937,329,930,1
3938,256,1378,-1
3939,607,1713,-1
3940,686,1750,1
3941,171,1894,-1
3942,272,977,-1
3943,230,541,1
3944,797,1246,-1
3945,157,422,-1
3946,659,1054,-1
3947,697,1759,1
3948,648,1610,1
3949,672,738,-1
3950,269,762,1
3951,597,1508,1
3952,87,1295,-1
3953,265,1383,-1
3954,39,104,1
3955,158,490,1
3956,685,1728,1
3957,659,265,-1
3958,311,890,1
3959,215,627,1
3960,667,325,-1
3961,659,1167,-1
3962,350,996,1
3963,49,22,1
3964,812,1979,1
3965,839,2036,1
3966,121,325,-1
3967,428,96,-1
3968,404,1110,1
3969,597,1523,1
3970,61,172,1
3971,272,767,1
3972,613,372,-1
3973,594,1246,-1
3974,607,1996,-1
3975,484,108,-1
3976,819,273,1
3977,511,1333,1
3978,371,1041,1
3979,577,562,-1
3980,691,747,1
3981,773,1005,-1
3982,5,9,1
3983,226,672,1
3984,174,1115,-1
3985,22,52,1
3986,700,96,-1
3987,576,1438,-1
3988,738,180,1
3989,168,1804,-1
3990,637,1093,-1
3991,798,96,-1
3992,621,1749,-1
3993,322,30,-1
3994,174,137,-1
3995,801,1622,-1
3996,637,323,-1
3997,820,2007,1
3998,307,278,1
3999,571,1457,1
4000,318,906,1
4001,738,1818,1
4002,128,1713,-1
4003,385,1066,1
4004,571,1992,-1
4005,202,124,1
4006,52,131,1
4007,469,575,1
4008,659,1694,-1
4009,799,1952,1
4010,545,1422,1
4011,154,478,1
4012,607,163,-1
4013,152,738,-1
4014,678,1709,1
4015,686,1726,1
4016,480,1280,1
4017,583,1699,-1
4018,315,892,1
4019,580,25,1
4020,583,1491,-1
4021,191,556,1
4022,825,1295,-1
4023,659,529,-1
4024,761,1880,1
4025,632,583,-1
4026,694,486,-1
4027,450,1114,-1
4028,475,1256,1
4029,157,2030,-1
4030,254,738,1
4031,84,234,1
4032,607,447,-1
4033,350,998,1
4034,206,612,1
4035,621,738,-1
4036,667,318,-1
4037,166,905,-1
4038,58,150,1
4039,492,1298,1
4040,632,1013,-1
4041,839,2027,1
4042,121,738,-1
4043,583,872,-1
4044,558,1446,1
4045,519,1371,1
4046,116,346,1
4047,150,290,1
4048,689,1752,1
4049,632,1916,-1
4050,469,1133,1
4051,353,1530,-1
4052,519,1361,1
4053,615,1916,-1
4054,353,87,-1
4055,646,96,-1
4056,226,662,1
4057,652,1614,1
4058,544,1415,1
4059,445,1191,1
4060,330,960,1
4061,686,1730,1
4062,670,1673,1
4063,27,64,1
4064,97,1622,-1
4065,76,191,1
4066,60,146,1
4067,734,1810,1
4068,624,2032,-1
4069,472,1234,1
4070,61,154,1
4071,469,993,1
4072,518,1352,1
4073,571,108,-1
4074,551,847,-1
4075,808,1974,1
4076,799,1953,1
4077,632,1572,-1
4078,221,654,1
4079,475,1258,1
4080,190,570,1
4081,203,610,1
4082,510,127,1
4083,613,730,-1
4084,147,333,-1
4085,78,195,1
4086,256,746,1
4087,727,1952,-1
4088,157,1365,-1
4089,349,562,-1
4090,343,66,-1
4091,668,1671,1
4092,838,716,-1
4093,282,788,1
4094,400,1106,1
4095,294,820,1
4096,427,907,-1
4097,226,677,1
4098,272,948,-1
4099,36,1493,-1
4100,466,1058,-1
4101,142,389,1
4102,840,525,-1
4103,157,2005,-1
4104,314,894,1
4105,732,716,-1
4106,528,562,-1
4107,763,1902,1
4108,760,1865,1
4109,600,1546,1
4110,578,886,-1
4111,79,220,1
4112,242,702,1
4113,21,56,1
4114,294,819,1
4115,628,1210,1
4116,166,884,-1
4117,109,310,1
4118,215,625,1
4119,583,422,-1
4120,765,1904,1
4121,272,884,-1
4122,288,796,1
4123,316,1992,-1
4124,353,344,-1
4125,8,28,1
4126,670,1682,1
4127,600,1528,1
4128,224,657,1
4129,694,1694,-1
4130,741,96,-1
4131,168,1916,-1
4132,583,427,-1
4133,581,783,1
4134,667,1196,-1
4135,667,43,-1
4136,51,167,-1
4137,693,1005,-1
4138,549,221,-1
4139,592,1572,-1
4140,632,1265,-1
4141,317,910,1
4142,272,529,-1
4143,157,1739,-1
4144,318,900,1
4145,607,43,-1
4146,116,347,1
4147,632,716,-1
4148,628,654,1
4149,727,1894,-1
4150,157,950,-1
4151,476,1265,1
4152,150,438,1
4153,367,1037,1
4154,780,1069,-1
4155,686,1723,1
4156,697,1771,1
4157,211,96,-1
4158,98,280,1
4159,137,388,1
4160,408,562,-1
4161,344,115,1
4162,543,1622,-1
4163,734,1816,1
4164,327,929,1
4165,632,646,-1
4166,38,809,-1
4167,494,1058,-1
4168,467,1268,-1
4169,135,431,1
4170,763,1883,1
4171,775,1894,-1
4172,400,1093,1
4173,272,34,-1
4174,421,1129,1
4175,166,149,-1
4176,565,1452,1
4177,116,358,1
4178,293,841,1
4179,801,108,-1
4180,4,8,1
4181,318,902,1
4182,244,719,1
4183,597,1512,1
4184,399,1084,1
4185,621,514,-1
4186,150,436,1
4187,789,1115,-1
4188,317,896,1
4189,626,1590,1
4190,428,1912,-1
4191,836,1058,-1
4192,15,40,1
4193,707,512,-1
4194,759,1864,1
4195,399,1090,1
4196,667,738,-1
4197,707,1749,-1
4198,157,89,-1
4199,345,989,1
4200,515,1337,1
4201,51,130,1
4202,279,778,1
4203,690,562,-1
4204,632,1866,-1
4205,576,1461,1
4206,672,108,-1
4207,36,96,-1
4208,353,923,-1
4209,430,646,-1
4210,355,1009,1
4211,400,1095,1
4212,289,798,1
4213,752,1622,-1
4214,157,1200,-1
4215,157,1620,-1
4216,274,172,-1
4217,688,1748,1
4218,632,1266,-1
4219,787,323,-1
4220,234,685,1
4221,404,1295,-1
4222,624,977,-1
4223,551,201,-1
4224,343,318,-1
4225,41,122,1
4226,732,950,-1
4227,273,1058,-1
4228,799,1961,1
4229,11,1413,-1
4230,613,1417,-1
4231,340,963,1
4232,787,604,-1
4233,803,467,-1
4234,79,207,1
4235,341,986,1
4236,585,1495,1
4237,454,1173,1
4238,383,26,-1
4239,469,1220,1
4240,817,738,-1
4241,90,260,1
4242,621,950,-1
4243,584,1494,1
4244,522,1380,1
4245,49,646,-1
4246,223,738,-1
4247,682,1058,-1
4248,803,71,-1
4249,419,1121,-1
4250,600,1539,1
4251,632,841,-1
4252,579,1475,1
4253,725,969,1
4254,507,529,1
4255,817,2003,1
4256,659,1636,1
4257,775,601,-1
4258,716,55,1
4259,116,355,1
4260,263,96,-1
4261,579,1469,1
4262,568,1455,1
4263,632,447,-1
4264,505,1325,1
4265,49,149,-1
4266,472,1243,1
4267,306,859,1
4268,583,1378,-1
4269,632,836,-1
4270,139,424,1
4271,775,1622,-1
4272,461,30,-1
4273,350,997,1
4274,732,299,-1
4275,153,487,1
4276,430,1383,-1
4277,775,1744,-1
4278,838,890,-1
4279,274,1005,-1
4280,504,987,1
4281,621,1378,-1
4282,294,835,1
4283,166,886,-1
4284,443,1912,-1
4285,150,443,1
4286,666,1660,1
4287,543,1246,-1
4288,839,2025,1
4289,632,714,-1
4290,519,790,1
4291,171,1058,-1
4292,580,1491,1
4293,591,1501,1
4294,732,1834,-1
4295,470,204,1
4296,632,493,-1
4297,342,977,1
4298,551,1744,-1
4299,649,1628,1
4300,818,2004,1
4301,407,172,-1
4302,466,2032,-1
4303,7,478,-1
4304,694,1749,-1
4305,316,163,-1
4306,689,1005,-1
4307,437,1151,1
4308,318,908,1
4309,636,1600,1
4310,335,939,1
4311,504,71,-1
4312,579,1485,1
4313,552,1439,1
4314,310,1114,-1
4315,521,1379,1
4316,544,1406,1
4317,659,1572,-1
4318,105,290,1
4319,669,1681,1
4320,227,689,1
4321,513,1115,-1
4322,272,1378,-1
4323,294,836,1
4324,526,1387,1
4325,18,42,1
4326,191,567,1
4327,430,325,-1
4328,337,948,1
4329,419,1127,1
4330,667,855,-1
4331,632,354,-1
4332,151,1295,-1
4333,285,738,-1
4334,310,130,-1
4335,409,30,-1
4336,166,447,-1
4337,84,231,1
4338,107,302,1
4339,182,543,1
4340,650,1625,1
4341,840,1913,-1
4342,782,1919,1
4343,248,1912,-1
4344,647,1058,-1
4345,166,1678,-1
4346,128,1992,-1
4347,89,259,1
4348,821,1894,-1
4349,138,406,1
4350,7,886,-1
4351,647,486,-1
4352,732,977,-1
4353,98,408,-1
4354,838,583,-1
4355,166,1894,-1
4356,89,258,1
4357,379,1070,1
4358,343,274,-1
4359,572,325,-1
4360,15,38,1
4361,311,882,1
4362,587,1497,1
4363,49,1769,-1
4364,155,461,1
4365,632,910,-1
4366,572,1829,-1
4367,686,1736,1
4368,659,43,-1
4369,810,1976,1
4370,353,1127,-1
4371,472,1232,1
4372,7,529,-1
4373,763,1896,1
4374,670,1683,1
4375,551,1167,-1
4376,839,2040,1
4377,662,163,-1
4378,669,1677,1
4379,609,1565,1
4380,400,1087,1
4381,838,163,-1
4382,431,1140,1
4383,775,514,-1
4384,621,318,-1
4385,402,1089,1
4386,198,601,1
4387,168,74,-1
4388,133,377,1
4389,720,1115,-1
4390,667,887,-1
4391,732,1544,-1
4392,621,1975,-1
4393,514,96,-1
4394,392,1076,1
4395,42,121,1
4396,597,1522,1
4397,353,1209,-1
4398,749,1846,1
4399,583,950,-1
4400,599,1769,-1
4401,157,809,-1
4402,615,1268,-1
4403,297,1115,-1
4404,223,2032,-1
4405,266,2032,-1
4406,519,1378,1
4407,150,454,1
4408,312,881,1
4409,198,577,1
4410,168,274,-1
4411,520,1358,1
4412,353,1909,-1
4413,735,1833,1
4414,607,1804,-1
4415,473,1266,1
4416,123,366,1
4417,732,1744,-1
4418,667,1544,-1
4419,518,1340,1
4420,775,880,-1
4421,772,1378,-1
4422,667,1546,-1
4423,624,1992,-1
4424,157,1370,-1
4425,775,108,-1
4426,356,489,-1
4427,178,538,1
4428,472,1250,1
4429,450,30,-1
4430,57,159,1
4431,746,295,1
4432,583,1167,-1
4433,775,1992,-1
4434,534,1090,1
4435,632,1187,-1
4436,662,714,-1
4437,832,371,1
4438,96,276,1
4439,88,241,1
4440,161,517,1
4441,838,408,-1
4442,116,342,1
4443,332,933,1
4444,380,1295,-1
4445,272,1268,-1
4446,600,1534,1
4447,19,49,1
4448,51,1246,-1
4449,466,108,-1
4450,496,1303,1
4451,799,1950,1
4452,506,1326,1
4453,518,1354,1
4454,72,96,-1
4455,659,1056,-1
4456,27,78,1
4457,475,1270,1
4458,43,123,1
4459,11,30,1
4460,711,2032,-1
4461,486,1291,1
4462,168,1268,-1
4463,240,696,1
4464,466,1916,-1
4465,135,380,1
4466,577,907,-1
4467,219,642,1
4468,358,139,1
4469,353,550,-1
4470,225,659,1
4471,226,678,1
4472,356,29,-1
4473,430,716,-1
4474,310,987,-1
4475,707,1916,-1
4476,160,505,1
4477,197,576,1
4478,338,955,1
4479,160,493,1
4480,201,600,1
4481,838,318,-1
