0,711,2032,-1
1,323,923,1
2,5,9,1
3,89,259,1
4,7,1916,-1
5,79,210,1
6,615,1268,-1
7,174,1417,-1
8,382,1056,1
9,168,1378,-1
10,469,1212,1
11,430,562,-1
12,527,1388,1
13,554,775,1
14,636,1601,1
15,620,1351,1
16,170,29,-1
17,240,1295,-1
18,637,408,-1
19,571,907,-1
20,11,1894,-1
21,694,167,-1
22,615,1413,-1
23,546,1431,1
24,838,1121,-1
25,658,1635,1
26,430,1769,-1
27,637,1005,-1
28,384,30,-1
29,320,922,1
30,157,1515,-1
31,667,1249,-1
32,659,973,-1
33,226,664,1
34,504,533,-1
35,806,1971,1
36,836,1572,-1
37,775,1744,-1
38,353,225,-1
39,784,1115,-1
40,794,30,-1
41,36,1115,-1
42,49,1378,-1
43,780,1636,-1
44,29,87,1
45,2,5,1
46,78,221,1
47,518,1352,1
48,453,1170,1
49,201,604,1
50,599,323,-1
51,678,1710,1
52,124,367,1
53,659,533,-1
54,89,252,1
55,504,1546,-1
56,450,1167,1
57,144,415,1
58,353,95,-1
59,549,2032,-1
60,810,1978,1
61,49,977,-1
62,130,373,1
63,272,863,-1
64,110,329,1
65,398,1101,1
66,632,722,-1
67,310,1912,-1
68,759,1859,1
69,504,1622,-1
70,87,30,-1
71,799,1954,1
72,833,640,1
73,667,812,-1
74,466,562,-1
75,419,2032,-1
76,623,1584,1
77,157,1572,-1
78,632,1779,-1
79,7,1713,-1
80,266,1268,-1
81,254,330,1
82,607,1196,-1
83,38,1058,-1
84,261,886,-1
85,344,116,1
86,775,318,-1
87,407,1413,-1
88,615,1572,-1
89,637,1848,-1
90,535,1398,1
91,544,1410,1
92,633,1596,1
93,607,311,-1
94,400,1087,1
95,549,486,-1
96,500,1322,1
97,557,1444,1
98,427,1137,1
99,311,864,1
100,632,692,-1
101,407,1378,-1
102,780,1587,-1
103,35,92,1
104,272,1196,-1
105,637,738,-1
106,291,814,1
107,732,1975,-1
108,7,325,-1
109,579,1476,1
110,235,724,1
111,685,1722,1
112,79,197,1
113,734,1810,1
114,428,1138,1
115,738,1831,1
116,775,1988,-1
117,684,1720,1
118,690,1753,1
119,469,274,1
120,166,454,-1
121,607,408,-1
122,802,1964,1
123,378,1051,1
124,466,1916,-1
125,67,186,1
126,29,80,1
127,794,1931,1
128,838,201,-1
129,559,1080,1
130,11,325,-1
131,89,251,1
132,7,1200,-1
133,595,1005,-1
134,544,1418,1
135,470,1225,1
136,624,738,-1
137,272,716,-1
138,711,1941,-1
139,560,1447,1
140,632,1247,-1
141,630,1058,-1
142,327,96,-1
143,607,975,-1
144,170,1636,-1
145,93,265,1
146,399,1100,1
147,180,541,1
148,157,313,-1
149,190,553,1
150,628,653,1
151,838,1941,-1
152,312,866,1
153,551,167,-1
154,24,69,1
155,275,96,-1
156,504,562,-1
157,597,1517,1
158,342,967,1
159,79,204,1
160,621,1916,-1
161,518,1347,1
162,468,96,-1
163,273,1769,-1
164,157,318,-1
165,199,594,1
166,832,372,1
167,756,1857,1
168,472,1229,1
169,659,486,-1
170,38,1413,-1
171,163,503,1
172,166,2030,-1
173,166,408,-1
174,38,1622,-1
175,59,153,1
176,607,274,-1
177,659,1370,-1
178,783,1465,1
179,7,1894,-1
180,82,227,1
181,666,1652,1
182,550,1437,1
183,597,1506,1
184,363,1036,1
185,20,67,1
186,121,1268,-1
187,104,202,1
188,24,51,1
189,379,1052,1
190,49,1916,-1
191,633,1595,1
192,157,1200,-1
193,471,34,1
194,632,388,-1
195,775,1894,-1
196,732,1058,-1
197,44,124,1
198,518,1353,1
199,657,126,1
200,412,1120,1
201,121,1769,-1
202,253,729,1
203,714,1572,-1
204,632,1013,-1
205,600,1545,1
206,663,1639,1
207,368,1038,1
208,595,1992,-1
209,355,1011,1
210,472,1250,1
211,341,973,1
212,504,1916,-1
213,602,1959,-1
214,518,1349,1
215,632,1383,-1
216,36,96,-1
217,775,1062,-1
218,415,277,1
219,49,562,-1
220,761,1880,1
221,353,137,-1
222,667,716,-1
223,294,833,1
224,701,1642,1
225,607,889,-1
226,411,1119,1
227,339,976,1
228,413,30,-1
229,839,2026,1
230,15,35,1
231,57,163,1
232,166,1694,-1
233,588,167,-1
234,632,478,-1
235,279,778,1
236,343,1829,-1
237,549,844,-1
238,614,512,-1
239,429,30,-1
240,632,999,-1
241,776,1299,1
242,588,216,-1
243,519,1360,1
244,110,331,1
245,694,1756,1
246,667,1728,-1
247,18,42,1
248,345,989,1
249,637,43,-1
250,346,1005,-1
251,796,1933,1
252,504,716,-1
253,561,1448,1
254,727,1572,-1
255,551,1572,-1
256,135,380,1
257,32,88,1
258,514,30,-1
259,203,623,1
260,483,1286,1
261,613,96,-1
262,508,1328,1
263,686,1726,1
264,723,1343,1
265,688,1731,1
266,353,1437,-1
267,734,1813,1
268,176,536,1
269,504,1694,-1
270,108,314,1
271,705,1058,-1
272,775,1005,-1
273,154,478,1
274,504,1739,-1
275,287,1268,-1
276,179,540,1
277,632,1713,-1
278,299,849,1
279,783,1470,1
280,632,1928,-1
281,607,1054,-1
282,157,2032,-1
283,546,1433,1
284,773,318,-1
285,659,1056,-1
286,228,680,1
287,640,1670,-1
288,775,1024,-1
289,755,1854,1
290,430,2032,-1
291,340,968,1
292,466,1058,-1
293,3,4,1
294,659,738,-1
295,486,1289,1
296,140,412,1
297,831,2013,1
298,220,647,1
299,430,1246,-1
300,733,1805,1
301,705,1121,-1
302,511,1330,1
303,201,599,1
304,504,907,-1
305,732,714,-1
306,120,30,-1
307,419,1127,1
308,571,1457,1
309,445,1200,1
310,543,1769,-1
311,228,712,1
312,759,1873,1
313,659,562,-1
314,627,1912,-1
315,632,1769,-1
316,799,1939,1
317,49,2032,-1
318,775,1246,-1
319,138,390,1
320,30,82,1
321,115,339,1
322,110,327,1
323,799,1943,1
324,128,950,-1
325,632,10,-1
326,821,1622,-1
327,11,108,-1
328,79,207,1
329,399,1108,1
330,433,1144,1
331,315,892,1
332,243,720,1
333,477,126,1
334,605,1560,1
335,775,71,-1
336,607,172,-1
337,808,1991,1
338,34,1115,-1
339,108,320,1
340,169,528,1
341,704,1779,1
342,670,1676,1
343,355,1017,1
344,775,1121,-1
345,39,103,1
346,89,257,1
347,821,562,-1
348,599,1526,1
349,632,714,-1
350,157,106,-1
351,402,1103,1
352,49,22,1
353,549,562,-1
354,607,1749,-1
355,416,1124,1
356,632,233,-1
357,343,716,-1
358,139,427,1
359,607,1739,-1
360,551,1413,-1
361,707,562,-1
362,324,944,1
363,637,562,-1
364,536,1399,1
365,430,1200,-1
366,70,182,1
367,252,1894,-1
368,199,579,1
369,58,155,1
370,632,89,-1
371,152,1058,-1
372,108,295,1
373,551,1246,-1
374,543,2032,-1
375,157,809,-1
376,157,108,-1
377,632,258,-1
378,756,1868,1
379,705,1378,-1
380,662,907,-1
381,255,745,1
382,285,793,1
383,600,1552,1
384,272,1829,-1
385,632,53,-1
386,401,1104,1
387,810,1976,1
388,632,427,-1
389,544,1416,1
390,49,886,-1
391,458,1188,1
392,310,489,-1
393,166,388,-1
394,678,1709,1
395,353,525,-1
396,11,738,-1
397,353,1913,-1
398,632,119,-1
399,8,25,1
400,607,1544,-1
401,11,1121,-1
402,711,149,-1
403,666,1649,1
404,667,1829,-1
405,782,1918,1
406,161,501,1
407,721,1794,1
408,182,543,1
409,821,1268,-1
410,632,318,-1
411,554,30,-1
412,294,838,1
413,174,1670,-1
414,659,1572,-1
415,763,1893,1
416,572,562,-1
417,353,367,-1
418,376,1048,1
419,19,59,1
420,637,977,-1
421,775,1378,-1
422,398,1083,1
423,99,95,-1
424,662,1638,1
425,109,312,1
426,93,267,1
427,780,1405,-1
428,272,948,-1
429,775,714,-1
430,166,106,-1
431,398,1099,1
432,732,886,-1
433,727,1825,-1
434,759,1871,1
435,346,512,-1
436,838,1713,-1
437,619,1580,1
438,343,514,-1
439,150,435,1
440,607,1121,-1
441,732,1246,-1
442,607,736,-1
443,597,1524,1
444,756,1867,1
445,487,1292,1
446,354,1006,1
447,430,325,-1
448,839,2036,1
449,27,61,1
450,294,829,1
451,369,1039,1
452,745,1842,1
453,551,512,-1
454,683,1718,1
455,825,1115,-1
456,51,886,-1
457,727,738,-1
458,75,190,1
459,545,1424,1
460,346,948,-1
461,261,130,1
462,128,325,-1
463,343,71,-1
464,583,318,-1
465,730,558,1
466,553,1440,1
467,284,792,1
468,472,1249,1
469,471,1227,1
470,670,1693,1
471,632,447,-1
472,287,1413,-1
473,728,1801,1
474,315,879,1
475,473,1274,1
476,637,1713,-1
477,836,172,-1
478,583,71,-1
479,27,78,1
480,735,1833,1
481,551,1211,-1
482,78,201,1
483,727,907,-1
484,698,1775,1
485,775,886,-1
486,166,427,-1
487,415,278,1
488,632,1105,-1
489,48,128,1
490,546,1430,1
491,634,1597,1
492,469,654,1
493,318,906,1
494,597,1522,1
495,460,1295,-1
496,84,232,1
497,87,238,1
498,333,949,1
499,632,1589,-1
500,828,2012,1
501,675,1706,1
502,546,1425,1
503,544,1417,1
504,200,584,1
505,659,1992,-1
506,350,995,1
507,469,275,1
508,586,1496,1
509,166,1005,-1
510,252,1058,-1
511,407,562,-1
512,266,221,-1
513,272,1203,-1
514,551,1489,-1
515,133,377,1
516,727,1591,-1
517,60,170,1
518,380,1912,-1
519,97,1246,-1
520,614,1246,-1
521,659,313,-1
522,27,64,1
523,159,508,1
524,60,171,1
525,482,1572,-1
526,64,176,1
527,743,1005,-1
528,469,1211,1
529,727,1694,-1
530,324,925,1
531,343,1739,-1
532,772,1909,1
533,272,1591,-1
534,174,987,-1
535,600,1540,1
536,803,1713,-1
537,128,1622,-1
538,504,311,-1
539,209,615,1
540,592,1992,-1
541,579,1469,1
542,57,174,1
543,498,1314,1
544,775,1200,-1
545,775,1829,-1
546,465,30,-1
547,613,1115,-1
548,550,738,-1
549,650,1611,1
550,733,1806,1
551,153,459,1
552,472,1239,1
553,732,26,-1
554,198,577,1
555,572,1992,-1
556,157,669,-1
557,840,30,-1
558,632,977,-1
559,727,1769,-1
560,49,1005,-1
561,642,1174,1
562,261,318,-1
563,504,597,-1
564,632,1895,-1
565,86,1005,-1
566,207,613,1
567,694,1744,-1
568,632,1590,-1
569,630,738,-1
570,572,1894,-1
571,830,997,1
572,607,1694,-1
573,302,853,1
574,324,956,1
575,69,181,1
576,780,767,-1
577,254,332,1
578,136,409,1
579,6,14,1
580,667,1378,-1
581,422,1132,1
582,613,30,-1
583,541,1403,1
584,572,2032,-1
585,659,1767,-1
586,576,96,-1
587,314,871,1
588,504,1591,-1
589,624,886,-1
590,217,630,1
591,520,1359,1
592,632,1834,-1
593,430,22,1
594,397,1082,1
595,632,412,-1
596,472,1237,1
597,621,1713,-1
598,544,1420,1
599,711,1268,-1
600,450,1562,-1
601,496,1306,1
602,607,716,-1
603,607,1378,-1
604,632,533,-1
605,824,380,1
606,415,1123,1
607,50,129,1
608,274,1622,-1
609,451,1183,1
610,15,36,1
611,697,1762,1
612,147,1295,-1
613,469,1218,1
614,519,1378,1
615,679,1711,1
616,39,106,1
617,617,1575,1
618,304,857,1
619,174,1114,-1
620,87,1912,-1
621,158,490,1
622,551,1678,-1
623,430,1268,-1
624,669,1675,1
625,632,643,-1
626,168,1058,-1
627,166,863,-1
628,621,299,-1
629,109,323,1
630,2,2,1
631,302,1378,-1
632,219,642,1
633,89,256,1
634,504,274,-1
635,472,1234,1
636,281,787,1
637,504,977,-1
638,358,1026,1
639,754,1115,-1
640,469,1216,1
641,113,1413,-1
642,353,769,-1
643,685,1751,1
644,206,612,1
645,785,1921,1
646,157,738,-1
647,501,1321,1
648,632,1307,-1
649,141,400,1
650,114,338,1
651,298,96,-1
652,266,1894,-1
653,254,732,1
654,579,1490,1
655,53,137,1
656,98,863,-1
657,254,744,1
658,473,1254,1
659,121,1916,-1
660,380,30,-1
661,519,1374,1
662,227,689,1
663,272,1413,-1
664,7,950,-1
665,607,1894,-1
666,583,1058,-1
667,799,1961,1
668,166,172,-1
669,632,908,-1
670,19,49,1
671,732,478,-1
672,627,30,-1
673,632,1108,-1
674,414,1912,-1
675,727,1744,-1
676,659,1916,-1
677,645,1201,1
678,353,1581,-1
679,544,1406,1
680,405,1111,1
681,551,1728,-1
682,632,857,-1
683,128,1121,-1
684,274,2032,-1
685,727,836,-1
686,109,308,1
687,607,1996,-1
688,504,950,-1
689,536,26,-1
690,551,1769,-1
691,581,1492,1
692,583,1992,-1
693,667,1572,-1
694,840,1670,-1
695,651,1630,1
696,353,755,-1
697,519,1362,1
698,128,1058,-1
699,583,1246,-1
700,613,1114,-1
701,108,322,1
702,155,464,1
703,472,1243,1
704,166,1378,-1
705,96,272,1
706,104,287,1
707,120,96,-1
708,274,977,-1
709,227,679,1
710,300,850,1
711,470,200,1
712,763,1883,1
713,597,1511,1
714,39,111,1
715,504,71,-1
716,126,369,1
717,430,1894,-1
718,632,267,-1
719,632,1250,-1
720,757,1877,1
721,551,1992,-1
722,737,1829,1
723,224,657,1
724,160,505,1
725,757,1876,1
726,159,504,1
727,621,1622,-1
728,130,96,-1
729,765,1904,1
730,778,96,-1
731,353,334,-1
732,581,26,1
733,424,1295,-1
734,632,167,-1
735,154,471,1
736,13,32,1
737,727,533,-1
738,659,945,-1
739,549,172,-1
740,442,1175,1
741,607,738,-1
742,617,1576,1
743,430,738,-1
744,99,281,1
745,414,238,1
746,99,30,-1
747,504,108,-1
748,572,1916,-1
749,632,1829,-1
750,149,423,1
751,769,1485,1
752,653,1617,1
753,154,460,1
754,332,933,1
755,799,1957,1
756,109,307,1
757,166,1769,-1
758,155,470,1
759,61,151,1
760,613,1295,-1
761,143,429,1
762,289,802,1
763,632,1513,-1
764,293,822,1
765,298,30,-1
766,152,1894,-1
767,726,1328,1
768,667,1788,-1
769,607,216,-1
770,8,23,1
771,31,83,1
772,191,562,1
773,838,823,-1
774,598,1525,1
775,150,439,1
776,464,1115,-1
777,779,860,1
778,637,890,-1
779,147,403,1
780,551,2032,-1
781,546,1432,1
782,444,1159,1
783,632,520,-1
784,166,221,-1
785,732,884,-1
786,157,1182,-1
787,279,777,1
788,632,597,-1
789,321,919,1
790,774,1911,1
791,632,624,-1
792,720,1793,1
793,419,977,-1
794,49,738,-1
795,760,1865,1
796,214,30,-1
797,464,1205,1
798,775,74,-1
799,158,498,1
800,732,161,-1
801,632,1061,-1
802,311,880,1
803,583,907,-1
804,493,1299,1
805,326,945,1
806,31,89,1
807,266,562,-1
808,19,77,1
809,714,372,1
810,659,669,-1
811,274,1005,-1
812,469,273,1
813,39,115,1
814,419,907,-1
815,607,1246,-1
816,443,1670,-1
817,296,573,1
818,59,165,1
819,124,1196,-1
820,145,96,-1
821,372,30,-1
822,407,108,-1
823,707,977,-1
824,460,96,-1
825,676,1707,1
826,746,1848,1
827,600,1539,1
828,626,1589,1
829,343,1952,-1
830,632,696,-1
831,353,767,-1
832,392,96,-1
833,118,361,1
834,600,1542,1
835,667,1713,-1
836,689,1005,-1
837,588,1498,1
838,825,2010,1
839,157,562,-1
840,600,1551,1
841,168,1894,-1
842,614,1544,-1
843,632,1667,-1
844,615,108,-1
845,667,1591,-1
846,340,970,1
847,91,1115,-1
848,54,136,1
849,551,977,-1
850,469,1123,1
851,839,2038,1
852,343,2032,-1
853,613,1574,-1
854,727,1690,-1
855,738,1827,1
856,11,1916,-1
857,667,1167,-1
858,352,1003,1
859,353,1640,-1
860,157,977,-1
861,518,1153,1
862,223,738,-1
863,19,44,1
864,111,334,1
865,266,2032,-1
866,268,758,1
867,283,791,1
868,775,274,-1
869,583,2032,-1
870,666,1662,1
871,775,562,-1
872,240,96,-1
873,630,1268,-1
874,735,1821,1
875,318,911,1
876,607,221,-1
877,204,609,1
878,353,1438,-1
879,116,346,1
880,711,1894,-1
881,579,1483,1
882,199,595,1
883,230,714,1
884,543,1622,-1
885,688,1737,1
886,711,977,-1
887,632,627,-1
888,650,1612,1
889,659,274,-1
890,578,886,-1
891,356,1295,-1
892,667,863,-1
893,312,881,1
894,272,533,-1
895,265,562,-1
896,748,1845,1
897,11,562,-1
898,775,421,-1
899,58,147,1
900,149,416,1
901,613,1912,-1
902,430,74,-1
903,353,795,-1
904,169,96,-1
905,443,1115,-1
906,836,221,-1
907,799,1958,1
908,496,1307,1
909,355,1014,1
910,150,440,1
911,293,818,1
912,685,1728,1
913,399,1084,1
914,157,1992,-1
915,446,1182,1
916,838,1814,-1
917,147,95,-1
918,199,586,1
919,686,1730,1
920,599,1749,-1
921,458,1201,1
922,506,576,1
923,136,405,1
924,607,1825,-1
925,272,1713,-1
926,15,40,1
927,761,1881,1
928,168,527,1
929,294,837,1
930,595,1413,-1
931,166,1515,-1
932,328,542,1
933,96,274,1
934,49,514,-1
935,382,1912,-1
936,252,728,1
937,108,315,1
938,429,95,-1
939,632,246,-1
940,607,1699,-1
941,242,722,1
942,107,302,1
943,127,370,1
944,271,766,1
945,775,1916,-1
946,79,218,1
947,651,1631,1
948,154,486,1
949,153,485,1
950,190,565,1
951,794,1115,-1
952,61,172,1
953,794,96,-1
954,666,1643,1
955,727,1058,-1
956,396,1079,1
957,632,312,-1
958,469,277,1
959,780,1930,-1
960,664,1005,-1
961,152,1769,-1
962,537,1400,1
963,592,1246,-1
964,407,2032,-1
965,272,514,-1
966,266,907,-1
967,106,292,1
968,294,834,1
969,607,560,-1
970,150,433,1
971,107,296,1
972,310,96,-1
973,736,1809,1
974,542,1404,1
975,421,1115,-1
976,595,1916,-1
977,588,408,-1
978,549,1894,-1
979,86,237,1
980,780,1574,-1
981,392,30,-1
982,454,1172,1
983,821,2032,-1
984,294,826,1
985,520,1372,1
986,632,288,-1
987,669,1700,1
988,191,561,1
989,2,3,1
990,316,895,1
991,756,1855,1
992,783,1475,1
993,460,1912,-1
994,6,12,1
995,122,364,1
996,33,90,1
997,551,1268,-1
998,632,1233,-1
999,429,1115,-1
1000,195,574,1
1001,414,1115,-1
1002,759,1869,1
1003,732,216,-1
1004,686,1750,1
1005,504,447,-1
1006,732,1622,-1
1007,504,1825,-1
1008,607,809,-1
1009,659,1005,-1
1010,171,1804,-1
1011,546,1429,1
1012,637,1894,-1
1013,836,844,-1
1014,472,1228,1
1015,630,1622,-1
1016,265,1544,-1
1017,157,1005,-1
1018,600,1546,1
1019,272,1246,-1
1020,154,465,1
1021,226,673,1
1022,287,1246,-1
1023,226,663,1
1024,18,43,1
1025,401,1088,1
1026,692,1005,-1
1027,839,2033,1
1028,667,246,-1
1029,659,1378,-1
1030,28,79,1
1031,579,1475,1
1032,447,1176,1
1033,806,1595,1
1034,402,1089,1
1035,289,805,1
1036,293,844,1
1037,510,127,1
1038,330,958,1
1039,265,1622,-1
1040,353,1505,-1
1041,659,91,-1
1042,780,1562,-1
1043,667,201,-1
1044,265,977,-1
1045,732,948,-1
1046,315,893,1
1047,659,1620,-1
1048,716,55,1
1049,166,1669,-1
1050,632,1175,-1
1051,437,1152,1
1052,79,203,1
1053,317,897,1
1054,654,1623,1
1055,84,230,1
1056,775,1250,-1
1057,32,86,1
1058,659,560,-1
1059,613,1438,-1
1060,359,1027,1
1061,136,381,1
1062,581,783,1
1063,278,96,-1
1064,121,950,-1
1065,549,604,-1
1066,632,950,-1
1067,128,1894,-1
1068,504,1268,-1
1069,803,1967,1
1070,839,2037,1
1071,836,1005,-1
1072,632,1749,-1
1073,336,951,1
1074,51,1246,-1
1075,763,1895,1
1076,157,221,-1
1077,219,643,1
1078,632,1430,-1
1079,632,1825,-1
1080,732,1894,-1
1081,121,22,1
1082,549,1622,-1
1083,160,509,1
1084,353,1636,-1
1085,282,790,1
1086,310,987,-1
1087,472,1235,1
1088,223,977,-1
1089,265,1713,-1
1090,155,462,1
1091,442,1171,1
1092,543,1405,1
1093,783,1489,1
1094,430,1005,-1
1095,813,1985,1
1096,518,1340,1
1097,161,518,1
1098,39,112,1
1099,28,70,1
1100,579,1471,1
1101,7,738,-1
1102,49,1200,-1
1103,470,197,1
1104,104,288,1
1105,342,978,1
1106,353,1542,-1
1107,579,1468,1
1108,290,813,1
1109,36,93,1
1110,62,158,1
1111,632,408,-1
1112,807,2001,1
1113,519,1365,1
1114,146,421,1
1115,265,1058,-1
1116,518,1350,1
1117,839,2035,1
1118,274,1268,-1
1119,727,108,-1
1120,72,96,-1
1121,19,71,1
1122,38,562,-1
1123,526,1387,1
1124,632,1997,-1
1125,146,420,1
1126,240,696,1
1127,471,1233,1
1128,659,1200,-1
1129,257,747,1
1130,163,515,1
1131,344,102,1
1132,632,1295,1
1133,667,785,-1
1134,775,512,-1
1135,632,884,-1
1136,266,163,-1
1137,460,1114,-1
1138,198,601,1
1139,549,1268,-1
1140,469,1219,1
1141,837,2019,1
1142,311,883,1
1143,150,289,1
1144,607,74,-1
1145,738,180,1
1146,121,738,-1
1147,587,1497,1
1148,697,1773,1
1149,583,1348,-1
1150,350,998,1
1151,775,880,-1
1152,607,886,-1
1153,436,1149,1
1154,254,739,1
1155,784,1912,-1
1156,157,907,-1
1157,266,108,-1
1158,554,96,-1
1159,157,1848,-1
1160,632,1134,-1
1161,346,990,1
1162,799,1947,1
1163,437,1151,1
1164,121,325,-1
1165,637,108,-1
1166,157,1196,-1
1167,318,913,1
1168,272,408,-1
1169,304,855,1
1170,72,30,-1
1171,549,1436,1
1172,579,1485,1
1173,632,1059,-1
1174,809,1981,1
1175,519,1357,1
1176,412,1121,1
1177,110,332,1
1178,659,1848,-1
1179,387,1071,1
1180,353,344,-1
1181,627,1295,-1
1182,84,233,1
1183,551,1894,-1
1184,799,1936,1
1185,272,767,1
1186,108,309,1
1187,19,57,1
1188,829,1044,1
1189,353,96,-1
1190,797,1934,1
1191,607,1829,-1
1192,191,554,1
1193,600,1549,1
1194,346,318,-1
1195,711,108,-1
1196,470,1226,1
1197,667,855,-1
1198,632,1848,-1
1199,638,318,-1
1200,687,1724,1
1201,666,1660,1
1202,615,977,-1
1203,667,1247,-1
1204,210,620,1
1205,670,1686,1
1206,504,318,-1
1207,627,96,-1
1208,340,979,1
1209,607,258,-1
1210,171,108,-1
1211,219,641,1
1212,78,209,1
1213,803,714,-1
1214,826,1038,1
1215,544,1415,1
1216,540,1402,1
1217,11,30,1
1218,469,1210,1
1219,430,977,-1
1220,775,738,-1
1221,57,167,1
1222,775,809,-1
1223,272,961,-1
1224,666,1651,1
1225,632,1596,-1
1226,558,1446,1
1227,727,977,-1
1228,191,556,1
1229,643,96,-1
1230,806,1596,1
1231,312,888,1
1232,39,113,1
1233,116,347,1
1234,254,743,1
1235,583,1544,-1
1236,266,454,-1
1237,482,1005,-1
1238,323,924,1
1239,821,1894,-1
1240,49,1121,-1
1241,89,254,1
1242,279,776,1
1243,725,1798,1
1244,446,1196,1
1245,76,191,1
1246,735,1826,1
1247,157,1054,-1
1248,343,562,-1
1249,4,8,1
1250,705,977,-1
1251,504,325,-1
1252,667,1941,-1
1253,38,325,-1
1254,293,825,1
1255,407,1115,1
1256,632,948,-1
1257,707,108,-1
1258,480,1282,1
1259,504,738,-1
1260,632,604,-1
1261,327,929,1
1262,572,1200,-1
1263,780,95,-1
1264,583,1622,-1
1265,467,71,-1
1266,419,1894,-1
1267,382,1636,-1
1268,667,1848,-1
1269,599,1959,-1
1270,2,13,1
1271,632,161,-1
1272,218,632,1
1273,107,297,1
1274,632,1187,-1
1275,692,1754,1
1276,614,948,-1
1277,654,1621,1
1278,249,723,1
1279,254,327,1
1280,607,669,-1
1281,343,66,-1
1282,778,30,-1
1283,787,1992,-1
1284,600,1536,1
1285,353,1504,-1
1286,39,99,1
1287,108,318,1
1288,780,2020,-1
1289,550,1058,-1
1290,607,454,-1
1291,353,30,-1
1292,400,1106,1
1293,621,1769,-1
1294,821,1058,-1
1295,838,299,-1
1296,705,1622,-1
1297,476,1267,1
1298,520,1376,1
1299,201,600,1
1300,157,863,-1
1301,272,1622,-1
1302,656,2032,-1
1303,615,1992,-1
1304,775,1489,-1
1305,619,1579,1
1306,780,527,-1
1307,157,1268,-1
1308,551,71,-1
1309,174,1295,-1
1310,602,323,-1
1311,637,1622,-1
1312,558,1445,1
1313,466,1208,1
1314,637,1992,-1
1315,188,549,1
1316,632,811,-1
1317,380,1562,-1
1318,355,1015,1
1319,427,907,-1
1320,777,1914,1
1321,295,360,1
1322,551,1121,-1
1323,238,709,1
1324,630,1894,-1
1325,152,907,-1
1326,609,1566,1
1327,310,767,-1
1328,686,1743,1
1329,58,144,1
1330,662,1916,-1
1331,127,274,-1
1332,732,1829,-1
1333,383,1060,1
1334,780,1670,-1
1335,166,977,-1
1336,752,1851,1
1337,221,653,1
1338,128,716,-1
1339,200,597,1
1340,343,836,-1
1341,301,30,-1
1342,511,1335,1
1343,315,875,1
1344,700,1115,-1
1345,632,1012,-1
1346,669,1689,1
1347,306,858,1
1348,562,1449,1
1349,251,727,1
1350,265,948,-1
1351,833,1115,-1
1352,157,454,-1
1353,380,1636,-1
1354,265,907,-1
1355,346,1544,-1
1356,343,1058,-1
1357,667,1544,-1
1358,160,492,1
1359,166,325,-1
1360,140,408,1
1361,343,977,-1
1362,157,973,-1
1363,219,649,1
1364,727,597,-1
1365,615,1574,1
1366,278,95,-1
1367,632,1489,-1
1368,16,37,1
1369,469,360,1
1370,318,903,1
1371,594,1413,-1
1372,535,1395,1
1373,597,1521,1
1374,691,747,1
1375,152,2032,-1
1376,353,1754,-1
1377,727,71,-1
1378,613,1651,-1
1379,504,596,-1
1380,643,1606,1
1381,274,1916,-1
1382,614,1413,-1
1383,514,96,-1
1384,544,1409,1
1385,711,1424,1
1386,163,502,1
1387,597,1513,1
1388,583,167,-1
1389,431,1140,1
1390,12,31,1
1391,269,763,1
1392,737,1835,1
1393,419,1622,-1
1394,190,570,1
1395,341,985,1
1396,807,1996,1
1397,310,783,-1
1398,780,1504,-1
1399,738,1818,1
1400,578,318,-1
1401,58,169,1
1402,756,1862,1
1403,735,1815,1
1404,269,761,1
1405,607,514,-1
1406,632,1244,-1
1407,22,47,1
1408,166,1622,-1
1409,135,379,1
1410,280,783,1
1411,289,810,1
1412,637,1244,-1
1413,39,108,1
1414,107,311,1
1415,708,1782,1
1416,543,1378,-1
1417,640,1115,-1
1418,400,1085,1
1419,156,482,1
1420,732,325,-1
1421,124,318,-1
1422,471,40,1
1423,630,1413,-1
1424,551,318,-1
1425,597,1508,1
1426,607,323,-1
1427,621,1378,-1
1428,632,218,-1
1429,461,489,-1
1430,670,1691,1
1431,107,326,1
1432,430,1992,-1
1433,622,1583,1
1434,738,1825,1
1435,23,50,1
1436,637,1268,-1
1437,353,1755,-1
1438,11,1622,-1
1439,128,977,-1
1440,11,907,-1
1441,716,774,1
1442,659,736,-1
1443,654,1619,1
1444,775,1196,-1
1445,343,1769,-1
1446,160,500,1
1447,254,329,1
1448,607,106,-1
1449,519,1366,1
1450,727,274,-1
1451,808,1988,1
1452,471,1238,1
1453,715,1788,1
1454,840,1912,-1
1455,211,618,1
1456,621,438,-1
1457,550,2032,-1
1458,637,1744,-1
1459,324,947,1
1460,632,1546,-1
1461,500,1317,1
1462,346,714,-1
1463,430,1121,-1
1464,325,950,1
1465,144,394,1
1466,729,569,1
1467,157,172,-1
1468,486,1290,1
1469,311,872,1
1470,469,653,1
1471,199,121,1
1472,200,588,1
1473,272,1121,-1
1474,198,585,1
1475,79,208,1
1476,144,417,1
1477,57,159,1
1478,632,216,-1
1479,150,454,1
1480,19,76,1
1481,659,427,-1
1482,414,1295,-1
1483,595,408,-1
1484,615,738,-1
1485,579,1488,1
1486,289,808,1
1487,258,749,1
1488,659,454,-1
1489,277,772,1
1490,38,1121,-1
1491,621,2032,-1
1492,168,2032,-1
1493,272,2032,-1
1494,353,2017,-1
1495,172,531,1
1496,688,1742,1
1497,763,1888,1
1498,778,1115,-1
1499,175,535,1
1500,98,280,1
1501,89,247,1
1502,414,96,-1
1503,748,30,-1
1504,398,1091,1
1505,199,590,1
1506,624,2032,-1
1507,632,265,-1
1508,607,844,-1
1509,460,1602,-1
1510,346,1572,-1
1511,137,392,1
1512,49,907,-1
1513,135,431,1
1514,670,1687,1
1515,583,1728,-1
1516,365,1045,1
1517,317,898,1
1518,572,1246,-1
1519,235,686,1
1520,80,225,1
1521,361,30,-1
1522,353,1792,-1
1523,632,1699,-1
1524,200,582,1
1525,696,1757,1
1526,157,323,-1
1527,670,1679,1
1528,343,1690,-1
1529,786,1924,1
1530,698,1764,1
1531,594,167,-1
1532,607,1848,-1
1533,157,1694,-1
1534,128,1916,-1
1535,659,106,-1
1536,7,562,-1
1537,763,1898,1
1538,670,1673,1
1539,472,1251,1
1540,519,1371,1
1541,803,1544,-1
1542,220,644,1
1543,363,1042,1
1544,162,522,1
1545,607,811,-1
1546,353,796,-1
1547,662,562,-1
1548,624,1916,-1
1549,732,977,-1
1550,343,1894,-1
1551,140,186,1
1552,152,458,1
1553,65,177,1
1554,223,1058,-1
1555,729,1802,1
1556,360,1028,1
1557,632,187,-1
1558,551,1814,-1
1559,292,815,1
1560,272,43,-1
1561,269,762,1
1562,694,216,-1
1563,246,707,1
1564,121,562,-1
1565,59,145,1
1566,10,27,1
1567,90,261,1
1568,105,291,1
1569,756,1872,1
1570,799,1951,1
1571,652,1616,1
1572,183,544,1
1573,808,1990,1
1574,494,1300,1
1575,659,1699,-1
1576,229,681,1
1577,729,563,1
1578,606,1561,1
1579,327,30,-1
1580,578,863,-1
1581,704,1295,-1
1582,840,1913,-1
1583,600,1554,1
1584,600,1548,1
1585,572,1546,-1
1586,480,1281,1
1587,164,511,1
1588,667,889,-1
1589,128,2032,-1
1590,746,295,1
1591,157,1769,-1
1592,550,562,-1
1593,317,896,1
1594,780,96,-1
1595,607,1744,-1
1596,78,213,1
1597,138,395,1
1598,579,1487,1
1599,609,1564,1
1600,772,1005,-1
1601,732,596,-1
1602,166,1992,-1
1603,471,1242,1
1604,39,98,1
1605,466,907,-1
1606,522,1380,1
1607,632,1959,-1
1608,666,1642,1
1609,69,96,-1
1610,223,1894,-1
1611,38,95,1
1612,170,1114,-1
1613,257,748,1
1614,632,812,-1
1615,607,2032,-1
1616,627,1115,-1
1617,129,371,1
1618,607,1233,-1
1619,607,403,-1
1620,311,885,1
1621,472,1245,1
1622,41,118,1
1623,310,1198,-1
1624,128,886,-1
1625,654,1629,1
1626,190,552,1
1627,272,167,-1
1628,670,1683,1
1629,279,782,1
1630,91,96,-1
1631,162,519,1
1632,579,1489,1
1633,583,977,-1
1634,87,1114,-1
1635,312,865,1
1636,155,481,1
1637,338,1115,-1
1638,632,323,-1
1639,659,172,-1
1640,105,290,1
1641,807,1984,1
1642,517,318,-1
1643,551,1378,-1
1644,446,1194,1
1645,780,1505,-1
1646,190,558,1
1647,166,216,-1
1648,90,262,1
1649,4,20,1
1650,274,1769,-1
1651,49,74,-1
1652,252,2032,-1
1653,432,1147,1
1654,348,993,1
1655,659,1268,-1
1656,346,1829,-1
1657,687,1735,1
1658,754,96,-1
1659,821,907,-1
1660,128,1200,-1
1661,185,546,1
1662,666,1668,1
1663,711,438,-1
1664,252,1769,-1
1665,298,1115,-1
1666,310,1967,-1
1667,350,1001,1
1668,62,173,1
1669,139,384,1
1670,632,454,-1
1671,116,356,1
1672,624,1058,-1
1673,632,931,-1
1674,669,1680,1
1675,87,29,-1
1676,351,1002,1
1677,803,1121,-1
1678,632,955,-1
1679,822,2008,1
1680,627,1417,-1
1681,464,30,-1
1682,443,1158,1
1683,99,29,-1
1684,473,1264,1
1685,116,359,1
1686,695,748,1
1687,335,954,1
1688,197,576,1
1689,469,1215,1
1690,244,704,1
1691,551,1196,-1
1692,504,161,-1
1693,245,705,1
1694,419,562,-1
1695,614,714,-1
1696,397,1102,1
1697,624,1769,-1
1698,357,1025,1
1699,504,66,-1
1700,404,1110,1
1701,763,1886,1
1702,531,1392,1
1703,226,675,1
1704,780,22,-1
1705,159,497,1
1706,583,1493,1
1707,790,1929,1
1708,202,124,1
1709,609,1568,1
1710,579,1467,1
1711,57,142,1
1712,780,769,-1
1713,310,130,-1
1714,350,1000,1
1715,121,1058,-1
1716,53,135,1
1717,396,1080,1
1718,134,378,1
1719,401,782,1
1720,656,530,1
1721,233,684,1
1722,836,454,-1
1723,319,916,1
1724,68,185,1
1725,685,1739,1
1726,339,981,1
1727,157,1744,-1
1728,252,738,-1
1729,150,438,1
1730,727,478,-1
1731,700,1777,1
1732,696,1761,1
1733,597,1512,1
1734,51,130,1
1735,272,1916,-1
1736,147,1582,-1
1737,289,798,1
1738,415,860,1
1739,768,1907,1
1740,288,1005,-1
1741,840,1295,-1
1742,353,1574,-1
1743,667,1383,-1
1744,428,95,-1
1745,406,1112,1
1746,42,121,1
1747,632,1690,-1
1748,607,447,-1
1749,155,469,1
1750,282,788,1
1751,343,478,-1
1752,166,318,-1
1753,632,1849,-1
1754,226,676,1
1755,799,1948,1
1756,466,325,-1
1757,166,1916,-1
1758,821,1769,-1
1759,763,1885,1
1760,607,1690,-1
1761,584,1494,1
1762,7,716,-1
1763,201,587,1
1764,396,1081,1
1765,463,1197,1
1766,157,489,1
1767,667,216,-1
1768,498,1316,1
1769,108,313,1
1770,711,1622,-1
1771,666,1645,1
1772,17,41,1
1773,441,1156,1
1774,775,325,-1
1775,619,1578,1
1776,572,318,-1
1777,508,96,-1
1778,519,1361,1
1779,836,2018,1
1780,386,96,-1
1781,49,1268,-1
1782,547,1434,1
1783,632,26,-1
1784,711,201,-1
1785,7,2032,-1
1786,592,886,-1
1787,353,22,-1
1788,699,1767,1
1789,550,108,-1
1790,648,1610,1
1791,375,1047,1
1792,632,313,-1
1793,224,658,1
1794,198,583,1
1795,220,645,1
1796,382,1562,-1
1797,645,1608,1
1798,166,886,-1
1799,443,1295,-1
1800,84,229,1
1801,615,907,-1
1802,430,716,-1
1803,669,1697,1
1804,659,167,-1
1805,472,1230,1
1806,775,977,-1
1807,266,738,-1
1808,775,1240,-1
1809,549,163,-1
1810,270,764,1
1811,763,1899,1
1812,545,1422,1
1813,600,1533,1
1814,632,221,-1
1815,838,467,-1
1816,343,1694,-1
1817,261,1246,-1
1818,812,1979,1
1819,445,1193,1
1820,121,716,-1
1821,550,907,-1
1822,335,547,1
1823,98,1246,-1
1824,78,202,1
1825,423,1133,1
1826,104,286,1
1827,460,30,-1
1828,667,872,-1
1829,39,105,1
1830,440,1165,1
1831,705,1916,-1
1832,449,1203,1
1833,47,127,1
1834,748,1115,-1
1835,435,1146,1
1836,147,30,-1
1837,667,276,-1
1838,653,1633,1
1839,632,563,-1
1840,732,512,-1
1841,727,325,-1
1842,632,1678,-1
1843,471,1246,1
1844,310,1206,-1
1845,583,216,-1
1846,496,1303,1
1847,504,403,-1
1848,583,1005,-1
1849,689,274,-1
1850,823,2016,1
1851,21,56,1
1852,613,1417,-1
1853,682,1715,1
1854,272,71,-1
1855,166,167,-1
1856,91,263,1
1857,265,1005,-1
1858,220,652,1
1859,499,1315,1
1860,414,29,-1
1861,775,1941,-1
1862,555,1443,1
1863,778,1114,-1
1864,479,1005,-1
1865,252,977,-1
1866,802,1965,1
1867,632,1740,-1
1868,607,905,-1
1869,462,1199,1
1870,655,22,1
1871,597,1520,1
1872,632,1622,-1
1873,549,108,-1
1874,121,108,-1
1875,807,268,1
1876,615,325,-1
1877,551,323,-1
1878,525,1385,1
1879,519,788,1
1880,312,870,1
1881,667,2032,-1
1882,308,862,1
1883,520,1369,1
1884,694,1694,-1
1885,116,350,1
1886,447,1180,1
1887,512,819,1
1888,780,1967,-1
1889,780,1913,-1
1890,750,1847,1
1891,632,630,-1
1892,685,1746,1
1893,146,398,1
1894,838,149,-1
1895,157,1749,-1
1896,168,1268,-1
1897,707,1622,-1
1898,467,1005,-1
1899,666,1646,1
1900,355,1016,1
1901,703,131,1
1902,732,1572,-1
1903,836,323,-1
1904,159,491,1
1905,201,606,1
1906,585,1495,1
1907,799,1937,1
1908,545,1423,1
1909,504,1952,-1
1910,435,1148,1
1911,667,514,-1
1912,621,823,-1
1913,793,1916,-1
1914,836,1959,-1
1915,400,1109,1
1916,364,1050,1
1917,632,1246,-1
1918,418,26,-1
1919,22,72,1
1920,475,1256,1
1921,79,205,1
1922,583,1713,-1
1923,100,30,-1
1924,165,524,1
1925,89,246,1
1926,607,1413,-1
1927,121,74,-1
1928,614,1005,-1
1929,552,1439,1
1930,112,336,1
1931,667,1678,-1
1932,140,426,1
1933,489,1295,1
1934,635,1598,1
1935,294,820,1
1936,571,562,-1
1937,61,154,1
1938,518,1344,1
1939,563,1450,1
1940,838,1678,-1
1941,430,1058,-1
1942,518,1348,1
1943,223,2032,-1
1944,409,1117,1
1945,301,96,-1
1946,456,1177,1
1947,551,948,-1
1948,637,66,-1
1949,662,108,-1
1950,666,1644,1
1951,318,904,1
1952,699,1765,1
1953,473,1266,1
1954,199,605,1
1955,69,1115,-1
1956,579,1464,1
1957,154,488,1
1958,38,2032,-1
1959,382,96,-1
1960,289,797,1
1961,191,563,1
1962,108,304,1
1963,150,445,1
1964,632,694,-1
1965,631,1594,1
1966,100,29,-1
1967,187,108,-1
1968,162,521,1
1969,254,742,1
1970,646,30,-1
1971,775,108,-1
1972,629,1592,1
1973,637,167,-1
1974,732,299,-1
1975,310,30,-1
1976,637,1952,-1
1977,771,226,1
1978,788,1926,1
1979,353,711,-1
1980,121,907,-1
1981,128,738,-1
1982,632,74,-1
1983,602,1556,1
1984,509,1329,1
1985,338,1912,-1
1986,613,95,-1
1987,457,1178,1
1988,572,1058,-1
1989,551,1005,-1
1990,551,907,-1
1991,312,867,1
1992,469,1224,1
1993,659,1694,-1
1994,237,688,1
1995,579,1473,1
1996,353,1840,-1
1997,150,453,1
1998,157,1892,-1
1999,731,1213,1
2000,418,1126,1
2001,353,1912,-1
2002,632,1894,-1
2003,632,738,-1
2004,475,1272,1
2005,572,886,-1
2006,465,1207,1
2007,549,427,-1
2008,407,1114,1
2009,154,474,1
2010,727,1916,-1
2011,781,1917,1
2012,8,28,1
2013,121,1992,-1
2014,330,941,1
2015,613,987,-1
2016,616,1123,1
2017,825,96,-1
2018,513,395,1
2019,511,1334,1
2020,273,1622,-1
2021,375,1063,1
2022,301,852,1
2023,607,950,-1
2024,698,1147,1
2025,308,861,1
2026,97,279,1
2027,640,96,-1
2028,556,1217,1
2029,310,863,1
2030,200,580,1
2031,307,860,1
2032,157,11,-1
2033,343,1591,-1
2034,659,1491,-1
2035,607,836,-1
2036,68,179,1
2037,313,874,1
2038,551,26,-1
2039,572,977,-1
2040,421,96,-1
2041,343,1916,-1
2042,554,95,-1
2043,632,1121,-1
2044,7,1546,-1
2045,297,30,-1
2046,667,1013,-1
2047,3,18,1
2048,579,1478,1
2049,328,942,1
2050,72,1115,-1
2051,294,840,1
2052,544,1421,1
2053,688,1748,1
2054,381,1055,1
2055,440,1155,1
2056,651,1624,1
2057,99,1115,-1
2058,11,29,1
2059,420,1130,1
2060,684,1721,1
2061,427,977,-1
2062,732,447,-1
2063,632,1053,-1
2064,546,1426,1
2065,141,407,1
2066,433,1143,1
2067,157,74,-1
2068,383,26,-1
2069,421,30,-1
2070,810,1994,1
2071,54,138,1
2072,109,301,1
2073,745,1843,1
2074,238,690,1
2075,667,1413,-1
2076,670,1678,1
2077,365,1034,1
2078,711,907,-1
2079,637,809,-1
2080,434,1145,1
2081,662,1622,-1
2082,189,550,1
2083,161,507,1
2084,597,1510,1
2085,607,1622,-1
2086,656,1894,-1
2087,775,510,-1
2088,670,1690,1
2089,461,96,-1
2090,614,886,-1
2091,625,1042,1
2092,602,1834,-1
2093,272,318,-1
2094,28,66,1
2095,157,533,-1
2096,96,271,1
2097,514,401,1
2098,39,116,1
2099,839,2028,1
2100,773,1910,1
2101,701,1649,1
2102,1,1,1
2103,274,562,-1
2104,7,886,-1
2105,407,1769,-1
2106,341,964,1
2107,293,843,1
2108,732,950,-1
2109,611,1570,1
2110,353,489,-1
2111,667,1121,-1
2112,799,1942,1
2113,600,1528,1
2114,719,1005,-1
2115,572,1268,-1
2116,310,525,-1
2117,595,1378,-1
2118,141,386,1
2119,447,1162,1
2120,659,1769,-1
2121,632,108,-1
2122,150,447,1
2123,59,168,1
2124,91,30,-1
2125,632,514,-1
2126,624,1246,-1
2127,632,1252,-1
2128,775,43,-1
2129,171,1268,-1
2130,667,149,-1
2131,272,1694,-1
2132,667,167,-1
2133,659,325,-1
2134,199,596,1
2135,670,1698,1
2136,108,324,1
2137,429,96,-1
2138,632,583,-1
2139,241,698,1
2140,109,316,1
2141,272,1769,-1
2142,613,489,-1
2143,551,886,-1
2144,289,803,1
2145,58,161,1
2146,632,325,-1
2147,632,1814,-1
2148,274,1058,-1
2149,376,1069,1
2150,632,1992,-1
2151,515,261,1
2152,778,29,-1
2153,343,950,-1
2154,166,2032,-1
2155,624,108,-1
2156,696,1758,1
2157,79,199,1
2158,38,1268,-1
2159,147,29,-1
2160,767,1561,1
2161,361,1029,1
2162,109,310,1
2163,724,1796,1
2164,799,1945,1
2165,79,223,1
2166,630,977,-1
2167,810,1977,1
2168,734,1816,1
2169,583,948,-1
2170,670,1699,1
2171,448,1163,1
2172,89,250,1
2173,314,894,1
2174,272,1894,-1
2175,157,1246,-1
2176,166,907,-1
2177,254,736,1
2178,567,1454,1
2179,769,1908,1
2180,39,101,1
2181,626,1590,1
2182,839,2027,1
2183,784,30,-1
2184,432,1141,1
2185,466,977,-1
2186,659,1348,-1
2187,356,872,-1
2188,49,1622,-1
2189,659,163,-1
2190,659,975,-1
2191,701,1656,1
2192,638,1992,-1
2193,173,532,1
2194,651,1615,1
2195,343,596,-1
2196,780,23,-1
2197,839,2023,1
2198,839,2039,1
2199,240,489,-1
2200,825,30,-1
2201,275,1115,-1
2202,496,1309,1
2203,671,1702,1
2204,125,368,1
2205,819,273,1
2206,175,534,1
2207,579,1486,1
2208,799,1950,1
2209,504,1058,-1
2210,289,812,1
2211,632,886,-1
2212,711,1814,-1
2213,81,226,1
2214,662,1268,-1
2215,395,1005,-1
2216,669,1685,1
2217,655,1634,1
2218,632,1348,-1
2219,648,1622,1
2220,293,830,1
2221,123,366,1
2222,7,1622,-1
2223,607,597,-1
2224,107,305,1
2225,157,560,-1
2226,821,2006,1
2227,551,1804,-1
2228,135,419,1
2229,637,1825,-1
2230,219,639,1
2231,800,1962,1
2232,272,1268,-1
2233,361,96,-1
2234,621,149,-1
2235,659,1266,-1
2236,241,715,1
2237,310,1295,-1
2238,632,423,-1
2239,469,1071,1
2240,637,26,-1
2241,170,489,-1
2242,78,211,1
2243,578,1246,-1
2244,116,342,1
2245,49,1894,-1
2246,166,1058,-1
2247,668,1671,1
2248,343,738,-1
2249,317,905,1
2250,77,193,1
2251,649,1628,1
2252,272,950,-1
2253,138,406,1
2254,147,987,-1
2255,632,1852,-1
2256,51,318,-1
2257,607,1975,-1
2258,116,354,1
2259,166,11,-1
2260,353,992,-1
2261,670,1695,1
2262,600,1547,1
2263,153,480,1
2264,516,1336,1
2265,836,486,-1
2266,840,96,-1
2267,128,1546,-1
2268,407,1121,-1
2269,632,622,-1
2270,287,1894,-1
2271,496,1308,1
2272,419,1005,-1
2273,656,1268,-1
2274,667,53,-1
2275,274,907,-1
2276,600,1550,1
2277,705,1894,-1
2278,245,706,1
2279,157,1620,-1
2280,121,1546,-1
2281,624,1587,1
2282,153,466,1
2283,798,110,1
2284,632,1996,-1
2285,217,1295,-1
2286,272,1005,-1
2287,600,1531,1
2288,443,96,-1
2289,89,248,1
2290,57,164,1
2291,637,2032,-1
2292,549,323,-1
2293,780,1602,-1
2294,588,886,-1
2295,632,451,-1
2296,726,1800,1
2297,501,1320,1
2298,607,1200,-1
2299,807,1972,1
2300,39,109,1
2301,529,1390,1
2302,465,96,-1
2303,507,529,1
2304,128,22,1
2305,353,1909,-1
2306,809,1998,1
2307,613,29,-1
2308,632,872,-1
2309,659,905,-1
2310,338,1295,-1
2311,707,738,-1
2312,666,1663,1
2313,778,1915,1
2314,407,1058,-1
2315,632,1146,-1
2316,53,134,1
2317,409,1115,-1
2318,116,341,1
2319,632,691,-1
2320,57,143,1
2321,630,562,-1
2322,38,1378,-1
2323,390,1074,1
2324,388,1115,-1
2325,637,1829,-1
2326,287,2032,-1
2327,384,96,-1
2328,620,1348,1
2329,632,1200,-1
2330,747,1844,1
2331,779,1210,1
2332,517,1339,1
2333,469,1213,1
2334,466,1268,-1
2335,551,562,-1
2336,152,738,-1
2337,565,1115,-1
2338,694,1378,-1
2339,466,1413,-1
2340,265,1268,-1
2341,149,425,1
2342,710,1785,1
2343,110,328,1
2344,157,167,-1
2345,10,26,1
2346,220,634,1
2347,659,26,-1
2348,607,1348,-1
2349,170,1912,-1
2350,363,1031,1
2351,727,311,-1
2352,809,2002,1
2353,305,856,1
2354,157,1959,-1
2355,170,529,1
2356,392,1115,-1
2357,632,668,-1
2358,590,1500,1
2359,836,163,-1
2360,37,30,-1
2361,802,1966,1
2362,659,1894,-1
2363,233,721,1
2364,227,691,1
2365,711,1713,-1
2366,254,733,1
2367,632,787,-1
2368,775,1982,-1
2369,766,1905,1
2370,343,325,-1
2371,667,1546,-1
2372,627,783,-1
2373,632,867,-1
2374,662,977,-1
2375,632,1189,-1
2376,643,1295,-1
2377,583,323,-1
2378,189,274,-1
2379,58,156,1
2380,607,427,-1
2381,320,917,1
2382,521,1379,1
2383,698,1766,1
2384,101,283,1
2385,108,319,1
2386,636,1600,1
2387,330,931,1
2388,150,449,1
2389,226,668,1
2390,332,959,1
2391,730,557,1
2392,674,1705,1
2393,166,149,-1
2394,548,1435,1
2395,272,907,-1
2396,22,53,1
2397,613,1572,1
2398,659,108,-1
2399,294,836,1
2400,632,34,-1
2401,174,767,-1
2402,288,796,1
2403,732,167,-1
2404,174,489,-1
2405,551,1941,-1
2406,152,977,-1
2407,473,1257,1
2408,632,66,-1
2409,338,30,-1
2410,632,887,-1
2411,166,467,-1
2412,11,1005,-1
2413,607,977,-1
2414,607,604,-1
2415,583,26,-1
2416,565,1452,1
2417,200,593,1
2418,238,699,1
2419,607,1916,-1
2420,613,1206,-1
2421,38,1894,-1
2422,705,325,-1
2423,707,907,-1
2424,637,323,-1
2425,666,1655,1
2426,615,1622,-1
2427,637,1246,-1
2428,478,1278,1
2429,100,96,-1
2430,763,1901,1
2431,519,790,1
2432,700,30,-1
2433,272,562,-1
2434,450,1295,-1
2435,143,401,1
2436,551,738,-1
2437,632,467,-1
2438,427,738,-1
2439,374,1059,1
2440,157,274,-1
2441,273,562,-1
2442,408,1116,1
2443,666,1664,1
2444,670,1696,1
2445,252,1622,-1
2446,63,175,1
2447,430,1713,-1
2448,458,1181,1
2449,388,1072,1
2450,554,29,-1
2451,107,300,1
2452,544,1413,1
2453,272,1744,-1
2454,475,1273,1
2455,638,863,-1
2456,632,1196,-1
2457,632,1268,-1
2458,799,1946,1
2459,157,1767,-1
2460,40,120,1
2461,727,1268,-1
2462,754,1076,-1
2463,333,934,1
2464,468,363,1
2465,570,1456,1
2466,711,467,-1
2467,549,221,-1
2468,627,1636,-1
2469,278,29,-1
2470,452,1187,1
2471,449,1166,1
2472,315,887,1
2473,150,452,1
2474,666,1654,1
2475,356,1913,-1
2476,816,2000,1
2477,732,1200,-1
2478,809,1980,1
2479,579,1470,1
2480,803,948,-1
2481,727,950,-1
2482,266,977,-1
2483,775,1694,-1
2484,88,243,1
2485,266,172,-1
2486,641,1605,1
2487,466,2032,-1
2488,244,710,1
2489,428,1912,-1
2490,69,30,-1
2491,42,119,1
2492,166,438,-1
2493,763,1902,1
2494,335,939,1
2495,471,1252,1
2496,476,1276,1
2497,613,1670,-1
2498,274,108,-1
2499,87,95,-1
2500,265,512,-1
2501,715,1789,1
2502,838,1005,-1
2503,238,708,1
2504,37,1115,-1
2505,621,583,-1
2506,466,108,-1
2507,732,1804,-1
2508,430,1916,-1
2509,607,53,-1
2510,632,1005,-1
2511,326,961,1
2512,108,294,1
2513,278,1115,-1
2514,515,1337,1
2515,203,610,1
2516,471,38,1
2517,632,945,-1
2518,754,1853,1
2519,583,1268,-1
2520,711,583,-1
2521,353,1339,-1
2522,780,1638,-1
2523,157,216,-1
2524,157,1491,-1
2525,144,411,1
2526,157,736,-1
2527,157,604,-1
2528,353,1208,-1
2529,607,478,-1
2530,89,249,1
2531,518,1346,1
2532,597,1507,1
2533,515,260,1
2534,613,783,-1
2535,705,907,-1
2536,91,29,-1
2537,15,34,1
2538,266,1058,-1
2539,429,29,-1
2540,760,1875,1
2541,659,2030,-1
2542,61,157,1
2543,520,1358,1
2544,632,1627,-1
2545,734,1814,1
2546,667,950,-1
2547,740,1837,1
2548,430,907,-1
2549,732,108,-1
2550,156,467,1
2551,343,1825,-1
2552,128,514,-1
2553,96,277,1
2554,445,1164,1
2555,572,738,-1
2556,624,1622,-1
2557,680,1713,1
2558,775,907,-1
2559,473,1271,1
2560,637,884,-1
2561,347,992,1
2562,315,876,1
2563,293,845,1
2564,705,1769,-1
2565,555,1442,1
2566,473,1269,1
2567,392,1076,1
2568,775,1622,-1
2569,214,1295,-1
2570,201,598,1
2571,775,216,-1
2572,769,1477,1
2573,128,1992,-1
2574,757,1863,1
2575,583,1572,-1
2576,650,1632,1
2577,838,1378,-1
2578,613,992,-1
2579,466,1246,-1
2580,632,739,-1
2581,272,886,-1
2582,184,545,1
2583,54,139,1
2584,338,955,1
2585,514,1115,-1
2586,168,71,-1
2587,530,1391,1
2588,579,1474,1
2589,157,975,-1
2590,78,206,1
2591,51,1992,-1
2592,380,1054,1
2593,469,271,1
2594,394,1077,1
2595,607,931,-1
2596,121,1894,-1
2597,780,1206,-1
2598,763,1891,1
2599,254,328,1
2600,480,1284,1
2601,272,108,-1
2602,343,1744,-1
2603,780,1581,-1
2604,621,1121,-1
2605,568,1455,1
2606,780,1114,-1
2607,55,140,1
2608,472,1236,1
2609,775,1769,-1
2610,659,2032,-1
2611,271,765,1
2612,607,201,-1
2613,461,30,-1
2614,116,343,1
2615,621,201,-1
2616,803,1378,-1
2617,39,97,1
2618,504,1829,-1
2619,504,478,-1
2620,628,1218,1
2621,632,1378,-1
2622,234,713,1
2623,152,1622,-1
2624,623,1585,1
2625,553,1441,1
2626,240,1115,-1
2627,343,533,-1
2628,376,1057,1
2629,607,422,-1
2630,496,1304,1
2631,799,1941,1
2632,147,1114,-1
2633,646,1115,-1
2634,664,1640,1
2635,600,1532,1
2636,838,583,-1
2637,607,1769,-1
2638,759,1864,1
2639,488,1293,1
2640,607,948,-1
2641,667,299,-1
2642,743,1840,1
2643,380,96,-1
2644,607,1620,-1
2645,612,1571,1
2646,150,456,1
2647,780,1916,1
2648,735,1823,1
2649,632,1361,-1
2650,443,30,-1
2651,667,1996,-1
2652,346,1413,-1
2653,754,30,-1
2654,722,1005,-1
2655,699,1769,1
2656,600,1544,1
2657,809,1975,1
2658,121,1121,-1
2659,37,94,1
2660,181,542,1
2661,596,1079,1
2662,356,96,-1
2663,339,966,1
2664,353,1573,-1
2665,565,30,-1
2666,353,1417,-1
2667,153,463,1
2668,659,323,-1
2669,60,162,1
2670,71,183,1
2671,252,1268,-1
2672,7,1058,-1
2673,33,96,-1
2674,583,408,-1
2675,310,280,-1
2676,14,33,1
2677,632,1746,-1
2678,632,1956,-1
2679,356,30,-1
2680,256,746,1
2681,753,767,-1
2682,839,2030,1
2683,128,74,-1
2684,343,1268,-1
2685,221,654,1
2686,632,907,-1
2687,340,984,1
2688,702,1778,1
2689,637,1769,-1
2690,667,533,-1
2691,621,1005,-1
2692,219,633,1
2693,508,30,-1
2694,266,427,-1
2695,78,196,1
2696,2,16,1
2697,607,562,-1
2698,614,1573,1
2699,272,1544,-1
2700,191,566,1
2701,384,1064,1
2702,693,1005,-1
2703,753,96,-1
2704,454,1173,1
2705,272,216,-1
2706,138,402,1
2707,741,1838,1
2708,632,564,-1
2709,673,1704,1
2710,594,408,-1
2711,625,1588,1
2712,576,1115,-1
2713,311,890,1
2714,667,887,-1
2715,445,1191,1
2716,520,1364,1
2717,451,1204,1
2718,133,376,1
2719,343,1546,-1
2720,667,1158,-1
2721,469,278,1
2722,226,662,1
2723,727,1952,-1
2724,815,1993,1
2725,89,253,1
2726,405,96,-1
2727,669,1677,1
2728,594,1378,-1
2729,294,819,1
2730,154,472,1
2731,150,450,1
2732,650,1626,1
2733,322,921,1
2734,49,716,-1
2735,343,403,-1
2736,667,71,-1
2737,727,562,-1
2738,544,1412,1
2739,339,962,1
2740,395,1078,1
2741,520,1377,1
2742,507,1327,1
2743,430,950,-1
2744,697,1770,1
2745,543,1894,-1
2746,128,907,-1
2747,174,533,1
2748,621,1581,1
2749,287,1992,-1
2750,799,1955,1
2751,687,1738,1
2752,632,1311,-1
2753,353,1206,-1
2754,632,562,-1
2755,572,1622,-1
2756,775,1848,-1
2757,215,625,1
2758,400,1094,1
2759,293,832,1
2760,45,125,1
2761,705,108,-1
2762,768,1906,1
2763,646,1187,1
2764,276,773,1
2765,575,1460,1
2766,88,239,1
2767,613,1602,-1
2768,613,990,-1
2769,669,1672,1
2770,380,489,-1
2771,152,1005,-1
2772,632,2041,-1
2773,451,1168,1
2774,753,1852,1
2775,300,851,1
2776,662,1769,-1
2777,769,1481,1
2778,793,1930,1
2779,265,755,1
2780,399,1086,1
2781,293,816,1
2782,1,15,1
2783,726,1799,1
2784,233,695,1
2785,318,900,1
2786,157,1058,-1
2787,278,30,-1
2788,599,325,-1
2789,116,348,1
2790,65,180,1
2791,607,26,-1
2792,775,1244,-1
2793,171,2032,-1
2794,659,1054,-1
2795,632,172,-1
2796,37,96,-1
2797,273,977,-1
2798,49,325,-1
2799,150,434,1
2800,474,1255,1
2801,317,909,1
2802,593,1503,1
2803,550,1622,-1
2804,632,438,-1
2805,128,562,-1
2806,628,1214,1
2807,166,1572,-1
2808,613,2018,-1
2809,7,1005,-1
2810,272,512,-1
2811,405,30,-1
2812,279,781,1
2813,294,817,1
2814,171,1894,-1
2815,733,1804,1
2816,519,1355,1
2817,821,977,-1
2818,637,1602,1
2819,609,1567,1
2820,213,628,1
2821,54,133,1
2822,353,1493,-1
2823,265,1894,-1
2824,739,1836,1
2825,391,1075,1
2826,492,1298,1
2827,580,1491,1
2828,414,30,-1
2829,687,1741,1
2830,764,1903,1
2831,549,738,-1
2832,469,1217,1
2833,121,1246,-1
2834,662,738,-1
2835,272,1013,-1
2836,662,2032,-1
2837,314,878,1
2838,666,1648,1
2839,79,200,1
2840,732,201,-1
2841,426,1136,1
2842,594,1992,-1
2843,98,886,-1
2844,294,839,1
2845,407,977,-1
2846,121,886,-1
2847,121,2032,-1
2848,473,1260,1
2849,820,2005,1
2850,128,1713,-1
2851,607,1834,-1
2852,799,1938,1
2853,578,280,1
2854,572,108,-1
2855,289,801,1
2856,470,207,1
2857,632,1739,-1
2858,157,529,-1
2859,349,994,1
2860,78,195,1
2861,775,884,-1
2862,724,1797,1
2863,289,804,1
2864,528,1389,1
2865,385,1066,1
2866,313,889,1
2867,254,735,1
2868,253,730,1
2869,607,299,-1
2870,24,73,1
2871,632,486,-1
2872,475,1258,1
2873,403,1097,1
2874,808,1997,1
2875,472,1241,1
2876,157,1056,-1
2877,279,779,1
2878,476,1261,1
2879,166,71,-1
2880,121,1378,-1
2881,607,872,-1
2882,353,372,-1
2883,309,793,1
2884,79,216,1
2885,342,977,1
2886,150,432,1
2887,155,483,1
2888,166,562,-1
2889,236,687,1
2890,621,467,-1
2891,686,1732,1
2892,419,1058,-1
2893,607,812,-1
2894,632,1975,-1
2895,415,271,1
2896,783,1468,1
2897,632,1024,-1
2898,230,541,1
2899,400,1093,1
2900,142,404,1
2901,430,514,-1
2902,272,977,-1
2903,7,1992,-1
2904,714,1005,-1
2905,67,178,1
2906,686,183,1
2907,254,331,1
2908,163,516,1
2909,549,454,-1
2910,57,166,1
2911,337,953,1
2912,744,1841,1
2913,145,1115,-1
2914,49,950,-1
2915,430,1622,-1
2916,583,108,-1
2917,353,946,-1
2918,607,1952,-1
2919,89,258,1
2920,659,604,-1
2921,589,1499,1
2922,659,1804,-1
2923,651,1613,1
2924,637,1189,-1
2925,281,785,1
2926,166,323,-1
2927,758,1874,1
2928,544,1408,1
2929,600,1553,1
2930,226,660,1
2931,615,1769,-1
2932,307,278,1
2933,138,387,1
2934,727,318,-1
2935,116,353,1
2936,662,1894,-1
2937,597,1515,1
2938,576,30,-1
2939,355,1010,1
2940,571,738,-1
2941,732,907,-1
2942,705,1413,-1
2943,219,635,1
2944,154,476,1
2945,632,1410,-1
2946,709,1783,1
2947,788,1927,1
2948,810,1986,1
2949,254,741,1
2950,130,30,-1
2951,667,438,-1
2952,698,1763,1
2953,551,1438,1
2954,838,388,-1
2955,694,318,-1
2956,517,1005,-1
2957,406,1113,1
2958,279,780,1
2959,637,1916,-1
2960,667,809,-1
2961,583,738,-1
2962,780,532,-1
2963,147,23,-1
2964,22,52,1
2965,632,1197,-1
2966,597,1509,1
2967,535,1396,1
2968,775,1413,-1
2969,627,1670,-1
2970,178,538,1
2971,222,655,1
2972,407,1894,-1
2973,157,1699,-1
2974,373,1044,1
2975,546,1428,1
2976,666,1657,1
2977,697,1759,1
2978,51,863,-1
2979,244,719,1
2980,632,841,-1
2981,775,890,-1
2982,427,1058,-1
2983,617,1577,1
2984,518,1342,1
2985,734,1807,1
2986,355,1021,1
2987,95,269,1
2988,544,1414,1
2989,193,572,1
2990,711,388,-1
2991,166,1894,-1
2992,659,886,-1
2993,705,562,-1
2994,367,1037,1
2995,667,43,-1
2996,753,1295,-1
2997,583,1378,-1
2998,778,95,-1
2999,150,448,1
3000,738,1824,1
3001,838,1728,-1
3002,108,325,1
3003,26,65,1
3004,661,1637,1
3005,157,1266,-1
3006,669,1684,1
3007,392,1853,-1
3008,74,189,1
3009,366,1035,1
3010,310,95,-1
3011,34,1636,-1
3012,460,29,-1
3013,780,1115,-1
3014,667,89,-1
3015,681,1714,1
3016,579,1480,1
3017,78,224,1
3018,732,1244,-1
3019,659,408,-1
3020,551,714,-1
3021,32,85,1
3022,429,1114,-1
3023,659,1058,-1
3024,192,571,1
3025,318,902,1
3026,608,1563,1
3027,289,807,1
3028,700,96,-1
3029,1,19,1
3030,119,362,1
3031,604,1559,1
3032,261,1992,-1
3033,72,1295,-1
3034,632,890,-1
3035,632,72,-1
3036,550,1268,-1
3037,93,266,1
3038,732,716,-1
3039,38,907,-1
3040,370,1040,1
3041,592,1005,-1
3042,46,126,1
3043,519,1373,1
3044,597,1516,1
3045,289,800,1
3046,523,1382,1
3047,627,987,-1
3048,511,1333,1
3049,198,589,1
3050,607,1804,-1
3051,482,372,1
3052,637,1694,-1
3053,274,1894,-1
3054,155,461,1
3055,607,1546,-1
3056,150,290,1
3057,450,1912,-1
3058,471,1248,1
3059,834,1005,-1
3060,159,506,1
3061,775,408,-1
3062,11,1058,-1
3063,469,1222,1
3064,277,774,1
3065,157,26,-1
3066,758,1858,1
3067,649,1620,1
3068,170,30,-1
3069,551,1713,-1
3070,152,1268,-1
3071,303,854,1
3072,504,1894,-1
3073,775,712,-1
3074,450,1115,-1
3075,615,1916,-1
3076,600,1529,1
3077,117,360,1
3078,7,907,-1
3079,341,986,1
3080,157,91,-1
3081,632,299,-1
3082,699,1776,1
3083,732,2032,-1
3084,157,886,-1
3085,96,276,1
3086,247,716,1
3087,475,1270,1
3088,471,1240,1
3089,282,786,1
3090,452,1169,1
3091,632,1770,-1
3092,610,1391,1
3093,583,1814,-1
3094,738,1820,1
3095,7,1121,-1
3096,231,682,1
3097,358,139,1
3098,314,891,1
3099,632,1572,-1
3100,461,1192,1
3101,539,1298,1
3102,667,886,-1
3103,419,108,-1
3104,146,422,1
3105,325,926,1
3106,84,231,1
3107,223,1769,-1
3108,469,1214,1
3109,273,907,-1
3110,632,978,-1
3111,170,96,-1
3112,632,1710,-1
3113,504,863,-1
3114,461,1115,-1
3115,374,1046,1
3116,121,1005,-1
3117,103,285,1
3118,595,1505,1
3119,116,345,1
3120,594,1504,1
3121,603,1558,1
3122,607,71,-1
3123,265,43,-1
3124,139,424,1
3125,711,1678,-1
3126,821,738,-1
3127,350,999,1
3128,637,907,-1
3129,393,792,1
3130,372,96,-1
3131,62,160,1
3132,579,1484,1
3133,7,1769,-1
3134,430,886,-1
3135,372,1043,1
3136,632,163,-1
3137,660,1297,1
3138,265,2032,-1
3139,632,1551,-1
3140,450,96,-1
3141,298,848,1
3142,643,30,-1
3143,483,1005,-1
3144,129,372,1
3145,735,1808,1
3146,607,486,-1
3147,637,1058,-1
3148,480,1283,1
3149,223,1268,-1
3150,838,2020,1
3151,407,907,-1
3152,318,908,1
3153,659,529,-1
3154,824,2014,1
3155,614,1713,-1
3156,166,948,-1
3157,142,418,1
3158,489,1294,1
3159,632,291,-1
3160,38,977,-1
3161,805,1983,1
3162,591,1501,1
3163,667,1268,-1
3164,803,1894,-1
3165,407,738,-1
3166,1,21,1
3167,670,1682,1
3168,350,996,1
3169,150,455,1
3170,732,1988,-1
3171,150,446,1
3172,615,1058,-1
3173,761,1882,1
3174,451,1190,1
3175,310,1636,-1
3176,216,629,1
3177,801,1963,1
3178,219,651,1
3179,275,30,-1
3180,272,1992,-1
3181,544,1407,1
3182,353,1279,-1
3183,624,977,-1
3184,686,1727,1
3185,339,983,1
3186,79,222,1
3187,152,562,-1
3188,632,201,-1
3189,223,656,1
3190,168,1916,-1
3191,163,499,1
3192,161,494,1
3193,836,604,-1
3194,301,1115,-1
3195,632,1413,-1
3196,113,337,1
3197,343,447,-1
3198,667,823,-1
3199,512,1331,1
3200,603,1557,1
3201,572,43,-1
3202,142,389,1
3203,544,1411,1
3204,263,753,1
3205,377,1049,1
3206,38,96,1
3207,632,740,-1
3208,607,714,-1
3209,667,408,-1
3210,250,726,1
3211,24,62,1
3212,128,1378,-1
3213,107,317,1
3214,615,1005,-1
3215,338,96,-1
3216,713,1787,1
3217,147,783,-1
3218,632,169,-1
3219,201,592,1
3220,272,714,-1
3221,549,977,-1
3222,551,1622,-1
3223,164,512,1
3224,272,1572,-1
3225,364,1033,1
3226,497,1319,1
3227,504,1744,-1
3228,340,963,1
3229,632,1158,-1
3230,442,1157,1
3231,632,671,-1
3232,607,2041,-1
3233,520,785,1
3234,459,1185,1
3235,336,940,1
3236,732,738,-1
3237,140,430,1
3238,760,1866,1
3239,775,167,-1
3240,780,1781,-1
3241,600,1530,1
3242,640,1604,1
3243,158,523,1
3244,580,25,1
3245,157,1378,-1
3246,428,1114,-1
3247,157,486,-1
3248,836,1699,-1
3249,310,1115,-1
3250,627,767,-1
3251,727,716,-1
3252,243,703,1
3253,495,1301,1
3254,632,596,-1
3255,21,74,1
3256,727,66,-1
3257,683,1716,1
3258,751,993,1
3259,607,1268,-1
3260,128,1246,-1
3261,371,1041,1
3262,707,1781,1
3263,128,1005,-1
3264,226,674,1
3265,666,1659,1
3266,520,1368,1
3267,356,1024,1
3268,607,1167,-1
3269,803,1916,-1
3270,780,137,-1
3271,340,974,1
3272,524,1383,1
3273,666,1661,1
3274,331,932,1
3275,256,167,-1
3276,574,1459,1
3277,226,667,1
3278,469,1220,1
3279,353,1127,-1
3280,402,1107,1
3281,705,738,-1
3282,736,1828,1
3283,637,1690,-1
3284,667,1992,-1
3285,201,602,1
3286,808,1973,1
3287,346,1694,-1
3288,667,1058,-1
3289,213,622,1
3290,839,2032,1
3291,29,81,1
3292,355,1022,1
3293,441,1186,1
3294,214,96,-1
3295,637,318,-1
3296,632,1952,-1
3297,26,68,1
3298,803,512,-1
3299,121,514,-1
3300,256,318,-1
3301,439,1154,1
3302,462,1195,1
3303,299,1005,-1
3304,289,806,1
3305,437,1150,1
3306,353,1130,-1
3307,79,198,1
3308,818,2004,1
3309,705,1005,-1
3310,306,859,1
3311,496,1311,1
3312,577,1462,1
3313,479,274,-1
3314,56,141,1
3315,254,737,1
3316,261,863,-1
3317,419,1489,-1
3318,705,95,1
3319,23,48,1
3320,607,43,-1
3321,346,1992,-1
3322,345,988,1
3323,7,108,-1
3324,138,383,1
3325,632,2033,-1
3326,215,627,1
3327,476,1265,1
3328,474,1268,1
3329,646,1295,-1
3330,732,514,-1
3331,749,1846,1
3332,722,318,-1
3333,84,235,1
3334,226,672,1
3335,659,977,-1
3336,632,716,-1
3337,618,1002,1
3338,504,1196,-1
3339,58,150,1
3340,407,1622,-1
3341,792,731,1
3342,190,564,1
3343,667,1005,-1
3344,686,1723,1
3345,666,1656,1
3346,353,1394,-1
3347,534,1090,1
3348,409,96,-1
3349,599,1699,-1
3350,7,22,1
3351,823,2009,1
3352,190,560,1
3353,470,204,1
3354,656,1804,-1
3355,624,907,-1
3356,11,1378,-1
3357,691,748,1
3358,445,1160,1
3359,680,1712,1
3360,597,1519,1
3361,632,893,-1
3362,420,1128,1
3363,248,717,1
3364,229,725,1
3365,688,1734,1
3366,665,1641,1
3367,551,1544,-1
3368,544,1419,1
3369,146,399,1
3370,627,1591,1
3371,226,677,1
3372,697,1768,1
3373,203,617,1
3374,474,1263,1
3375,150,436,1
3376,496,1310,1
3377,732,1546,-1
3378,505,1325,1
3379,353,1400,-1
3380,524,1384,1
3381,607,907,-1
3382,667,890,-1
3383,747,1849,1
3384,88,240,1
3385,518,1345,1
3386,478,1277,1
3387,727,863,-1
3388,99,1295,-1
3389,156,484,1
3390,637,1370,-1
3391,353,458,-1
3392,656,108,-1
3393,353,783,-1
3394,711,1058,-1
3395,624,1992,-1
3396,116,355,1
3397,425,1135,1
3398,725,969,1
3399,87,1295,-1
3400,321,920,1
3401,353,1795,-1
3402,67,184,1
3403,672,794,1
3404,644,1607,1
3405,150,442,1
3406,145,396,1
3407,637,71,-1
3408,632,1269,-1
3409,597,1518,1
3410,632,1092,-1
3411,60,146,1
3412,158,513,1
3413,839,2029,1
3414,422,1131,1
3415,252,562,-1
3416,632,1837,-1
3417,667,388,-1
3418,711,823,-1
3419,343,108,-1
3420,26,60,1
3421,311,868,1
3422,219,650,1
3423,775,948,-1
3424,799,1944,1
3425,789,1928,1
3426,353,1582,-1
3427,77,194,1
3428,196,277,1
3429,297,96,-1
3430,429,1912,-1
3431,637,1739,-1
3432,607,1058,-1
3433,7,514,-1
3434,3,11,1
3435,579,1481,1
3436,7,1268,-1
3437,330,960,1
3438,756,1870,1
3439,209,626,1
3440,166,1620,-1
3441,775,1058,-1
3442,803,2032,-1
3443,669,1692,1
3444,353,1295,-1
3445,146,413,1
3446,353,1069,-1
3447,122,365,1
3448,775,1268,-1
3449,667,1196,-1
3450,214,1115,-1
3451,727,596,-1
3452,623,1586,1
3453,223,562,-1
3454,775,1544,-1
3455,419,1769,-1
3456,78,219,1
3457,194,573,1
3458,342,975,1
3459,210,616,1
3460,607,1515,-1
3461,531,1393,1
3462,79,212,1
3463,727,1622,-1
3464,607,1959,-1
3465,203,608,1
3466,265,108,-1
3467,150,437,1
3468,839,2022,1
3469,471,1231,1
3470,836,427,-1
3471,632,1606,-1
3472,615,2032,-1
3473,112,335,1
3474,607,11,-1
3475,302,1005,-1
3476,780,489,-1
3477,803,1246,-1
3478,254,740,1
3479,2,7,1
3480,632,909,-1
3481,350,997,1
3482,602,1749,-1
3483,737,1811,1
3484,780,525,-1
3485,153,487,1
3486,637,1572,-1
3487,783,1474,1
3488,583,512,-1
3489,7,74,-1
3490,727,987,1
3491,80,1005,-1
3492,281,789,1
3493,613,1636,-1
3494,120,363,1
3495,466,738,-1
3496,780,1069,-1
3497,572,1069,1
3498,579,1477,1
3499,150,444,1
3500,353,925,-1
3501,227,697,1
3502,504,514,-1
3503,839,2040,1
3504,630,1593,1
3505,838,438,-1
3506,417,1125,1
3507,659,1749,-1
3508,803,863,-1
3509,15,39,1
3510,217,1115,-1
3511,780,992,-1
3512,659,844,-1
3513,317,914,1
3514,121,977,-1
3515,353,1602,-1
3516,753,1115,-1
3517,632,320,-1
3518,353,1115,-1
3519,782,1919,1
3520,558,1292,1
3521,353,509,-1
3522,100,282,1
3523,169,1115,-1
3524,838,1916,-1
3525,759,1861,1
3526,701,1645,1
3527,344,104,1
3528,266,604,-1
3529,240,30,-1
3530,607,1249,-1
3531,306,64,1
3532,353,1078,-1
3533,667,1744,-1
3534,337,948,1
3535,667,948,-1
3536,820,2007,1
3537,178,539,1
3538,343,597,-1
3539,811,1598,1
3540,727,1196,-1
3541,353,990,-1
3542,624,1894,-1
3543,775,2041,-1
3544,278,775,1
3545,474,1259,1
3546,287,1058,-1
3547,613,1493,-1
3548,147,1912,-1
3549,163,510,1
3550,407,1916,-1
3551,57,152,1
3552,730,1803,1
3553,1,6,1
3554,667,1246,-1
3555,121,1200,-1
3556,504,1572,-1
3557,761,1879,1
3558,669,1681,1
3559,600,1555,1
3560,607,596,-1
3561,632,809,-1
3562,613,767,-1
3563,355,1012,1
3564,344,98,1
3565,696,1760,1
3566,688,1747,1
3567,111,333,1
3568,632,71,-1
3569,297,847,1
3570,159,514,1
3571,39,114,1
3572,353,535,-1
3573,653,1618,1
3574,78,215,1
3575,737,1830,1
3576,518,1341,1
3577,353,1670,-1
3578,419,1121,-1
3579,310,1670,-1
3580,717,1790,1
3581,600,1534,1
3582,656,1058,-1
3583,208,614,1
3584,659,11,-1
3585,732,1005,-1
3586,687,1745,1
3587,306,61,1
3588,607,1767,-1
3589,242,702,1
3590,39,102,1
3591,602,325,-1
3592,632,780,-1
3593,481,1285,1
3594,524,1191,1
3595,659,1959,-1
3596,632,1916,-1
3597,166,512,-1
3598,583,562,-1
3599,595,216,-1
3600,463,1206,1
3601,104,219,1
3602,632,1488,-1
3603,226,670,1
3604,732,318,-1
3605,274,738,-1
3606,353,849,-1
3607,32,84,1
3608,413,1122,1
3609,799,1959,1
3610,147,1115,-1
3611,602,1699,-1
3612,784,96,-1
3613,78,217,1
3614,607,1056,-1
3615,116,352,1
3616,11,977,-1
3617,139,391,1
3618,460,1189,1
3619,732,583,-1
3620,98,1992,-1
3621,666,1647,1
3622,265,1769,-1
3623,572,1769,-1
3624,607,529,-1
3625,121,1713,-1
3626,632,1696,-1
3627,632,1728,-1
3628,375,1065,1
3629,551,961,-1
3630,375,1062,1
3631,667,46,-1
3632,486,1291,1
3633,371,1067,1
3634,840,2041,1
3635,272,1852,-1
3636,607,167,-1
3637,124,1005,-1
3638,838,2032,-1
3639,769,1473,1
3640,632,1623,-1
3641,353,1752,-1
3642,472,1232,1
3643,583,1894,-1
3644,543,1916,-1
3645,722,1795,1
3646,429,1139,1
3647,634,1599,1
3648,356,1115,-1
3649,85,236,1
3650,128,1268,-1
3651,757,1856,1
3652,33,1115,-1
3653,607,961,-1
3654,109,303,1
3655,272,738,-1
3656,607,1562,1
3657,599,1834,-1
3658,353,1562,-1
3659,659,863,-1
3660,632,1491,-1
3661,670,1694,1
3662,732,562,-1
3663,739,1832,1
3664,594,216,-1
3665,353,1502,-1
3666,163,520,1
3667,607,161,-1
3668,380,1115,-1
3669,166,525,1
3670,226,665,1
3671,191,568,1
3672,683,1717,1
3673,504,1769,-1
3674,25,58,1
3675,137,382,1
3676,11,1413,-1
3677,466,1378,-1
3678,20,45,1
3679,174,30,-1
3680,740,1709,1
3681,469,276,1
3682,632,1868,-1
3683,839,2034,1
3684,287,795,1
3685,96,278,1
3686,347,991,1
3687,187,548,1
3688,707,1916,-1
3689,667,318,-1
3690,467,1209,1
3691,170,1562,-1
3692,413,1115,-1
3693,667,1670,1
3694,343,987,1
3695,254,734,1
3696,200,581,1
3697,174,96,-1
3698,430,1378,-1
3699,317,910,1
3700,23,63,1
3701,686,1744,1
3702,532,277,1
3703,583,1211,-1
3704,297,1115,-1
3705,90,260,1
3706,659,1591,-1
3707,551,216,-1
3708,687,185,1
3709,293,842,1
3710,630,2032,-1
3711,269,759,1
3712,538,1401,1
3713,763,1890,1
3714,89,255,1
3715,502,1323,1
3716,637,1250,-1
3717,317,912,1
3718,110,330,1
3719,763,1897,1
3720,456,1184,1
3721,627,1582,-1
3722,342,969,1
3723,667,325,-1
3724,600,1535,1
3725,174,1115,-1
3726,630,108,-1
3727,497,1313,1
3728,116,349,1
3729,799,1949,1
3730,225,659,1
3731,343,274,-1
3732,572,1121,-1
3733,583,1413,-1
3734,384,1115,-1
3735,105,289,1
3736,775,812,-1
3737,624,562,-1
3738,600,1538,1
3739,294,821,1
3740,632,281,-1
3741,705,2032,-1
3742,519,1375,1
3743,157,1894,-1
3744,623,989,1
3745,667,583,-1
3746,519,1370,1
3747,294,835,1
3748,402,1105,1
3749,466,1769,-1
3750,99,96,-1
3751,109,298,1
3752,727,447,-1
3753,659,809,-1
3754,353,29,-1
3755,97,108,-1
3756,400,1096,1
3757,798,1295,-1
3758,504,1690,-1
3759,697,1774,1
3760,205,611,1
3761,667,1250,-1
3762,667,1233,-1
3763,166,163,-1
3764,280,784,1
3765,160,493,1
3766,834,2017,1
3767,583,714,-1
3768,272,1546,-1
3769,116,358,1
3770,632,301,-1
3771,462,1198,1
3772,289,811,1
3773,821,108,-1
3774,805,1995,1
3775,637,886,-1
3776,490,1296,1
3777,607,973,-1
3778,799,1960,1
3779,52,131,1
3780,150,443,1
3781,632,1591,-1
3782,659,1622,-1
3783,637,216,-1
3784,89,244,1
3785,166,1268,-1
3786,362,1030,1
3787,566,1453,1
3788,38,108,-1
3789,686,1749,1
3790,632,863,-1
3791,11,1769,-1
3792,732,1268,-1
3793,666,1650,1
3794,775,1992,-1
3795,774,1912,1
3796,519,1363,1
3797,150,451,1
3798,430,108,-1
3799,632,238,-1
3800,836,1834,-1
3801,570,136,1
3802,667,1894,-1
3803,808,1974,1
3804,232,683,1
3805,719,1792,1
3806,239,718,1
3807,186,547,1
3808,649,1451,1
3809,583,961,-1
3810,339,972,1
3811,72,187,1
3812,355,1019,1
3813,632,109,-1
3814,466,1622,-1
3815,615,1894,-1
3816,157,1804,-1
3817,89,245,1
3818,276,771,1
3819,171,530,1
3820,632,149,-1
3821,571,977,-1
3822,607,512,-1
3823,275,770,1
3824,329,938,1
3825,318,899,1
3826,196,575,1
3827,756,1860,1
3828,666,1653,1
3829,518,1343,1
3830,647,1609,1
3831,230,692,1
3832,646,96,-1
3833,293,827,1
3834,116,340,1
3835,49,1992,-1
3836,732,890,-1
3837,833,30,-1
3838,551,408,-1
3839,369,1058,1
3840,343,311,-1
3841,355,1008,1
3842,174,1912,-1
3843,293,846,1
3844,66,145,1
3845,659,1744,-1
3846,147,96,-1
3847,266,323,-1
3848,223,907,-1
3849,109,306,1
3850,735,1819,1
3851,342,971,1
3852,579,1465,1
3853,695,747,1
3854,707,1058,-1
3855,632,243,-1
3856,839,2021,1
3857,97,886,-1
3858,780,1295,-1
3859,763,1887,1
3860,157,1365,-1
3861,688,1729,1
3862,87,1115,-1
3863,640,30,-1
3864,632,785,-1
3865,727,161,-1
3866,239,694,1
3867,525,1386,1
3868,168,1992,-1
3869,421,1129,1
3870,201,603,1
3871,637,1196,-1
3872,727,1829,-1
3873,632,64,-1
3874,332,936,1
3875,579,1472,1
3876,49,1246,-1
3877,632,1873,-1
3878,265,714,-1
3879,763,1889,1
3880,49,1713,-1
3881,341,965,1
3882,267,757,1
3883,732,1744,-1
3884,424,1134,1
3885,780,29,-1
3886,594,1005,-1
3887,293,831,1
3888,496,1312,1
3889,147,1562,-1
3890,336,952,1
3891,146,428,1
3892,506,1326,1
3893,659,1834,-1
3894,659,221,-1
3895,637,1121,-1
3896,150,441,1
3897,556,1213,1
3898,554,1115,-1
3899,770,128,1
3900,134,1115,-1
3901,23,54,1
3902,100,1115,-1
3903,727,514,-1
3904,226,678,1
3905,107,293,1
3906,583,1489,-1
3907,805,1970,1
3908,632,1694,-1
3909,628,654,1
3910,170,95,-1
3911,121,1622,-1
3912,143,393,1
3913,266,1622,-1
3914,607,1992,-1
3915,363,1032,1
3916,763,1884,1
3917,597,1514,1
3918,667,467,-1
3919,638,1246,-1
3920,254,738,1
3921,632,1544,-1
3922,624,1268,-1
3923,162,496,1
3924,551,108,-1
3925,352,1004,1
3926,450,1670,-1
3927,630,907,-1
3928,34,489,-1
3929,428,29,-1
3930,795,1932,1
3931,697,1771,1
3932,748,96,-1
3933,732,311,-1
3934,659,1515,-1
3935,256,216,-1
3936,518,1354,1
3937,632,980,-1
3938,59,149,1
3939,116,344,1
3940,667,1814,-1
3941,579,1466,1
3942,400,1095,1
3943,632,483,-1
3944,727,1739,-1
3945,615,1378,-1
3946,671,1703,1
3947,718,1791,1
3948,512,1332,1
3949,399,1090,1
3950,353,1004,-1
3951,379,1070,1
3952,464,96,-1
3953,780,30,-1
3954,727,403,-1
3955,613,372,-1
3956,230,693,1
3957,732,1694,-1
3958,53,132,1
3959,289,809,1
3960,382,489,-1
3961,287,1005,-1
3962,707,1894,-1
3963,775,1013,-1
3964,732,1769,-1
3965,572,907,-1
3966,93,270,1
3967,613,525,-1
3968,353,682,-1
3969,38,1005,-1
3970,504,987,1
3971,266,486,-1
3972,732,783,1
3973,218,631,1
3974,737,1822,1
3975,637,325,-1
3976,839,2031,1
3977,632,585,-1
3978,550,1894,-1
3979,711,1572,-1
3980,438,1153,1
3981,583,1678,-1
3982,677,1708,1
3983,344,103,1
3984,734,1817,1
3985,693,1755,1
3986,607,1005,-1
3987,632,823,-1
3988,686,1725,1
3989,7,1378,-1
3990,326,937,1
3991,355,1007,1
3992,667,1916,-1
3993,670,1701,1
3994,465,1115,-1
3995,785,1923,1
3996,667,512,-1
3997,353,2018,-1
3998,583,1769,-1
3999,314,877,1
4000,784,1920,1
4001,353,1209,-1
4002,799,1956,1
4003,596,1081,1
4004,353,2020,-1
4005,518,1351,1
4006,479,1279,1
4007,762,751,1
4008,775,1913,1
4009,689,1752,1
4010,353,1114,-1
4011,508,1115,-1
4012,709,1784,1
4013,687,179,1
4014,579,1479,1
4015,353,1005,1
4016,364,1053,1
4017,11,1268,-1
4018,799,1940,1
4019,732,863,-1
4020,166,738,-1
4021,615,562,-1
4022,706,1780,1
4023,817,2003,1
4024,287,318,-1
4025,732,1591,-1
4026,504,836,-1
4027,446,1161,1
4028,763,1900,1
4029,775,1713,-1
4030,469,575,1
4031,549,907,-1
4032,355,1023,1
4033,520,1356,1
4034,688,1733,1
4035,140,385,1
4036,583,1196,-1
4037,504,2032,-1
4038,157,1916,-1
4039,407,325,-1
4040,264,754,1
4041,289,799,1
4042,36,30,-1
4043,711,1769,-1
4044,191,559,1
4045,88,242,1
4046,326,927,1
4047,413,96,-1
4048,501,1318,1
4049,148,410,1
4050,666,1665,1
4051,40,117,1
4052,799,1935,1
4053,294,824,1
4054,84,234,1
4055,652,1614,1
4056,659,216,-1
4057,607,1713,-1
4058,220,638,1
4059,632,647,-1
4060,154,468,1
4061,806,1982,1
4062,235,700,1
4063,533,1394,1
4064,579,1482,1
4065,666,1667,1
4066,839,2024,1
4067,7,1246,-1
4068,156,479,1
4069,157,1591,-1
4070,472,1244,1
4071,667,1694,-1
4072,659,1829,-1
4073,311,882,1
4074,293,841,1
4075,353,237,-1
4076,311,873,1
4077,469,1133,1
4078,583,886,-1
4079,157,2030,-1
4080,157,1622,-1
4081,632,1831,-1
4082,234,685,1
4083,34,91,1
4084,330,957,1
4085,157,325,-1
4086,624,43,-1
4087,313,869,1
4088,254,731,1
4089,190,557,1
4090,632,55,-1
4091,102,284,1
4092,659,74,-1
4093,226,669,1
4094,659,1892,-1
4095,836,1749,-1
4096,460,1115,-1
4097,5,10,1
4098,763,1894,1
4099,628,1210,1
4100,43,123,1
4101,632,1988,-1
4102,293,823,1
4103,128,1769,-1
4104,265,738,-1
4105,732,1250,-1
4106,639,1603,1
4107,832,371,1
4108,294,828,1
4109,256,408,-1
4110,455,1174,1
4111,34,96,-1
4112,252,907,-1
4113,38,1916,-1
4114,100,95,-1
4115,609,1565,1
4116,130,1115,-1
4117,833,96,-1
4118,96,273,1
4119,157,408,-1
4120,450,30,-1
4121,157,1834,-1
4122,727,1546,-1
4123,109,321,1
4124,382,1115,-1
4125,430,1546,-1
4126,419,1268,-1
4127,343,161,-1
4128,632,1941,-1
4129,466,1894,-1
4130,414,95,-1
4131,808,1987,1
4132,11,2032,-1
4133,220,636,1
4134,191,555,1
4135,157,427,-1
4136,686,1736,1
4137,564,1451,1
4138,160,495,1
4139,226,671,1
4140,803,1058,-1
4141,814,1989,1
4142,711,562,-1
4143,157,1829,-1
4144,549,1058,-1
4145,667,2041,-1
4146,419,738,-1
4147,622,1582,1
4148,632,311,-1
4149,49,108,-1
4150,323,928,1
4151,201,591,1
4152,312,886,1
4153,732,1378,-1
4154,190,551,1
4155,149,414,1
4156,582,24,1
4157,780,1912,-1
4158,199,607,1
4159,269,760,1
4160,732,1544,-1
4161,252,108,-1
4162,583,1941,-1
4163,231,1005,-1
4164,632,844,-1
4165,415,360,1
4166,166,108,-1
4167,594,1916,-1
4168,220,646,1
4169,537,1005,-1
4170,226,661,1
4171,39,100,1
4172,522,1381,1
4173,427,562,-1
4174,839,2025,1
4175,353,1478,-1
4176,343,907,-1
4177,334,946,1
4178,472,1247,1
4179,607,318,-1
4180,49,1058,-1
4181,38,1769,-1
4182,763,1892,1
4183,549,1769,-1
4184,343,1622,-1
4185,457,1179,1
4186,787,1925,1
4187,732,403,-1
4188,632,1093,-1
4189,273,768,1
4190,468,30,-1
4191,632,422,-1
4192,632,403,-1
4193,39,107,1
4194,166,486,-1
4195,382,30,-1
4196,353,1910,-1
4197,241,701,1
4198,272,325,-1
4199,334,935,1
4200,840,1562,-1
4201,414,1114,-1
4202,650,1625,1
4203,310,1114,-1
4204,632,1564,-1
4205,166,1892,-1
4206,78,214,1
4207,495,1302,1
4208,341,980,1
4209,151,457,1
4210,472,37,1
4211,401,1098,1
4212,565,96,-1
4213,835,232,1
4214,632,1744,-1
4215,132,375,1
4216,732,597,-1
4217,320,918,1
4218,131,374,1
4219,355,1018,1
4220,632,1094,-1
4221,174,1636,-1
4222,597,1523,1
4223,732,408,-1
4224,786,1922,1
4225,480,1280,1
4226,247,711,1
4227,550,1769,-1
4228,266,756,1
4229,317,907,1
4230,810,1999,1
4231,34,30,-1
4232,686,1740,1
4233,647,1992,-1
4234,613,1424,-1
4235,409,30,-1
4236,667,1995,-1
4237,572,1005,-1
4238,711,738,-1
4239,157,696,-1
4240,600,1543,1
4241,667,1975,-1
4242,272,1058,-1
4243,262,752,1
4244,173,1916,-1
4245,341,982,1
4246,161,517,1
4247,669,1674,1
4248,632,1099,-1
4249,96,275,1
4250,410,1118,1
4251,519,1367,1
4252,466,1005,-1
4253,153,475,1
4254,407,1005,-1
4255,353,1286,-1
4256,630,1769,-1
4257,98,318,-1
4258,386,1068,1
4259,727,1894,-1
4260,666,1666,1
4261,736,1812,1
4262,791,1326,1
4263,667,1604,-1
4264,7,977,-1
4265,840,1115,-1
4266,632,672,-1
4267,484,1287,1
4268,358,136,1
4269,614,1013,-1
4270,343,1196,-1
4271,73,188,1
4272,572,1378,-1
4273,712,1786,1
4274,157,844,-1
4275,742,1839,1
4276,491,1297,1
4277,607,1266,-1
4278,41,122,1
4279,407,1268,-1
4280,39,110,1
4281,211,1115,-1
4282,711,1728,-1
4283,355,1020,1
4284,386,30,-1
4285,274,769,1
4286,632,836,-1
4287,2,17,1
4288,166,1246,-1
4289,705,1268,-1
4290,632,601,-1
4291,699,1772,1
4292,607,1370,-1
4293,746,1850,1
4294,627,489,-1
4295,763,1896,1
4296,496,1305,1
4297,317,915,1
4298,313,884,1
4299,780,1208,-1
4300,550,977,-1
4301,157,163,-1
4302,15,38,1
4303,576,1461,1
4304,607,2030,-1
4305,694,408,-1
4306,212,619,1
4307,659,318,-1
4308,344,115,1
4309,632,110,-1
4310,607,163,-1
4311,803,886,-1
4312,355,1013,1
4313,469,1223,1
4314,469,1221,1
4315,607,583,-1
4316,621,1894,-1
4317,701,1654,1
4318,223,1622,-1
4319,39,104,1
4320,583,1121,-1
4321,419,43,-1
4322,469,860,1
4323,317,901,1
4324,220,648,1
4325,559,1079,1
4326,475,1275,1
4327,220,640,1
4328,637,529,-1
4329,49,1546,-1
4330,601,994,1
4331,667,714,-1
4332,343,863,-1
4333,485,1288,1
4334,827,2011,1
4335,609,1569,1
4336,286,794,1
4337,533,1005,-1
4338,707,1268,-1
4339,551,1348,-1
4340,789,1295,-1
4341,226,666,1
4342,643,1115,-1
4343,60,148,1
4344,79,220,1
4345,632,2032,-1
4346,757,1878,1
4347,595,167,-1
4348,632,204,-1
4349,167,526,1
4350,592,1502,1
4351,83,228,1
4352,632,917,-1
4353,177,537,1
4354,166,1744,-1
4355,780,987,-1
4356,573,1458,1
4357,460,95,-1
4358,256,1378,-1
4359,600,1541,1
4360,170,1602,-1
4361,705,96,1
4362,535,1397,1
4363,588,1246,-1
4364,88,241,1
4365,683,1719,1
4366,223,108,-1
4367,307,360,1
4368,632,1167,-1
4369,0,0,1
4370,659,1246,-1
4371,343,1572,-1
4372,638,886,-1
4373,773,1005,-1
4374,607,1892,-1
4375,753,30,-1
4376,166,714,-1
4377,792,329,1
4378,805,1969,1
4379,550,1005,-1
4380,329,930,1
4381,310,29,-1
4382,191,569,1
4383,166,1544,-1
4384,596,1080,1
4385,260,751,1
4386,331,943,1
4387,659,1636,1
4388,23,55,1
4389,49,1769,-1
4390,171,1058,-1
4391,583,1804,-1
4392,156,477,1
4393,370,1061,1
4394,143,397,1
4395,632,1669,-1
4396,169,30,-1
4397,87,96,-1
4398,91,95,-1
4399,116,351,1
4400,152,108,-1
4401,472,1253,1
4402,389,1073,1
4403,94,268,1
4404,607,108,-1
4405,346,1744,-1
4406,632,1370,-1
4407,638,130,1
4408,799,1952,1
4409,707,1769,-1
4410,145,30,-1
4411,154,473,1
4412,775,2032,-1
4413,824,2015,1
4414,632,1058,-1
4415,220,637,1
4416,166,1829,-1
4417,799,1953,1
4418,355,1009,1
4419,632,512,-1
4420,343,318,-1
4421,669,1688,1
4422,803,1268,-1
4423,259,750,1
4424,166,1266,-1
4425,515,1338,1
4426,600,1537,1
4427,266,1769,-1
4428,607,1383,-1
4429,659,907,-1
4430,205,621,1
4431,400,1092,1
4432,432,1142,1
4433,467,1196,-1
4434,632,1334,-1
4435,214,624,1
4436,569,979,1
4437,9,24,1
4438,353,853,-1
4439,578,1992,-1
4440,546,1427,1
4441,273,738,-1
4442,466,1992,-1
4443,109,299,1
4444,571,108,-1
4445,28,75,1
4446,137,388,1
4447,600,1527,1
4448,240,1912,-1
4449,157,1192,-1
4450,637,1378,-1
4451,579,1463,1
4452,273,108,-1
4453,427,108,-1
4454,738,1834,1
4455,451,1202,1
4456,157,905,-1
4457,804,1968,1
4458,666,1669,1
4459,191,567,1
4460,287,886,-1
4461,21,46,1
4462,650,1627,1
4463,128,108,-1
4464,807,1992,1
4465,469,993,1
4466,727,2032,-1
4467,474,1262,1
4468,572,1713,-1
4469,637,1413,-1
4470,551,1058,-1
4471,621,388,-1
4472,77,192,1
4473,503,1324,1
4474,170,1115,-1
4475,666,1658,1
4476,199,578,1
4477,116,357,1
4478,92,264,1
4479,38,738,-1
4480,707,2032,-1
4481,662,1058,-1
