0,684,1720,1
1,787,1925,1
2,241,136,-1
3,91,1989,-1
4,628,1210,1
5,122,559,-1
6,262,752,1
7,545,1423,1
8,550,1005,-1
9,786,1922,1
10,779,693,-1
11,377,478,-1
12,593,1163,-1
13,674,1492,-1
14,610,1391,1
15,557,1987,-1
16,348,993,1
17,600,1528,1
18,465,1252,-1
19,783,1468,1
20,177,362,-1
21,374,1046,1
22,317,914,1
23,638,1502,-1
24,693,1755,1
25,396,1079,1
26,577,1462,1
27,798,1848,-1
28,291,814,1
29,406,282,-1
30,72,456,-1
31,578,280,1
32,254,744,1
33,125,1791,-1
34,600,1544,1
35,402,1105,1
36,445,1160,1
37,33,90,1
38,699,1210,-1
39,804,1079,-1
40,666,1643,1
41,557,1444,1
42,577,8,-1
43,124,367,1
44,662,1638,1
45,279,1470,-1
46,523,570,-1
47,623,543,-1
48,347,378,-1
49,588,298,-1
50,294,834,1
51,597,1507,1
52,19,44,1
53,198,104,-1
54,53,135,1
55,591,40,-1
56,450,1167,1
57,546,1430,1
58,473,1271,1
59,56,1231,-1
60,697,1759,1
61,422,958,-1
62,788,793,-1
63,839,2030,1
64,153,245,-1
65,588,1673,-1
66,44,1215,-1
67,306,61,1
68,361,1029,1
69,339,983,1
70,260,25,-1
71,619,277,-1
72,63,1226,-1
73,193,683,-1
74,166,525,1
75,331,932,1
76,660,360,-1
77,274,1290,-1
78,479,1427,-1
79,35,371,-1
80,623,1002,-1
81,319,916,1
82,442,1171,1
83,434,654,-1
84,190,1928,-1
85,442,1759,-1
86,254,332,1
87,486,159,-1
88,839,2035,1
89,728,1548,-1
90,79,220,1
91,787,481,-1
92,691,1132,-1
93,39,102,1
94,143,401,1
95,705,96,1
96,659,1636,1
97,39,98,1
98,593,1433,-1
99,472,374,-1
100,156,477,1
101,185,546,1
102,317,905,1
103,344,115,1
104,165,823,-1
105,423,349,-1
106,263,742,-1
107,806,1596,1
108,555,1443,1
109,552,769,-1
110,108,325,1
111,559,1020,-1
112,728,462,-1
113,53,132,1
114,691,846,-1
115,699,1769,1
116,457,1179,1
117,697,1762,1
118,15,40,1
119,418,682,-1
120,537,1981,-1
121,24,62,1
122,424,1271,-1
123,276,792,-1
124,703,544,-1
125,475,1258,1
126,310,1871,-1
127,200,582,1
128,341,964,1
129,64,1501,-1
130,282,788,1
131,365,1045,1
132,211,280,-1
133,245,54,-1
134,79,198,1
135,62,160,1
136,573,511,-1
137,762,751,1
138,609,1565,1
139,171,393,-1
140,108,320,1
141,2,17,1
142,571,665,-1
143,311,883,1
144,720,1541,-1
145,254,489,-1
146,399,1084,1
147,755,637,-1
148,277,772,1
149,289,1468,-1
150,422,1131,1
151,469,654,1
152,470,955,-1
153,765,183,-1
154,161,220,-1
155,760,1865,1
156,638,130,1
157,421,1559,-1
158,608,1477,-1
159,703,480,-1
160,268,992,-1
161,150,444,1
162,685,960,-1
163,797,1934,1
164,703,128,-1
165,688,1748,1
166,606,1424,-1
167,471,34,1
168,624,1213,-1
169,293,512,-1
170,439,99,-1
171,218,632,1
172,326,937,1
173,34,587,-1
174,820,470,-1
175,634,1599,1
176,376,1069,1
177,13,32,1
178,618,29,-1
179,1,21,1
180,579,1487,1
181,37,94,1
182,652,1616,1
183,144,411,1
184,328,542,1
185,119,362,1
186,288,200,-1
187,810,1976,1
188,190,551,1
189,450,1669,-1
190,84,550,-1
191,288,483,-1
192,766,1242,-1
193,481,1047,-1
194,254,328,1
195,508,1328,1
196,108,295,1
197,153,485,1
198,445,451,-1
199,191,554,1
200,414,178,-1
201,287,640,-1
202,401,1088,1
203,586,897,-1
204,469,360,1
205,551,448,-1
206,145,343,-1
207,368,1038,1
208,600,1550,1
209,236,687,1
210,699,1776,1
211,546,161,-1
212,245,360,-1
213,514,401,1
214,39,99,1
215,496,1304,1
216,12,1334,-1
217,643,1606,1
218,417,903,-1
219,58,1383,-1
220,772,328,-1
221,594,124,-1
222,340,979,1
223,669,1680,1
224,73,188,1
225,830,1954,-1
226,837,1859,-1
227,342,967,1
228,758,1874,1
229,117,360,1
230,636,1600,1
231,436,1149,1
232,268,758,1
233,366,1446,-1
234,614,1404,-1
235,804,1725,-1
236,32,1807,-1
237,786,86,-1
238,721,615,-1
239,243,1851,-1
240,278,1960,-1
241,628,1361,-1
242,346,219,-1
243,157,452,-1
244,107,326,1
245,458,1181,1
246,675,1706,1
247,753,1069,-1
248,593,1748,-1
249,821,676,-1
250,803,87,-1
251,116,355,1
252,78,217,1
253,413,1826,-1
254,168,815,-1
255,546,1433,1
256,13,1087,-1
257,21,1595,-1
258,43,110,-1
259,146,413,1
260,579,1473,1
261,156,329,-1
262,254,739,1
263,646,975,-1
264,407,1021,-1
265,356,1454,-1
266,763,1899,1
267,137,388,1
268,200,597,1
269,612,1571,1
270,8,28,1
271,759,1873,1
272,610,1475,-1
273,405,1886,-1
274,284,216,-1
275,686,1723,1
276,678,1409,-1
277,563,1450,1
278,272,767,1
279,462,499,-1
280,740,1783,-1
281,102,658,-1
282,631,1073,-1
283,323,928,1
284,18,1210,-1
285,43,123,1
286,259,750,1
287,325,402,-1
288,380,1054,1
289,532,876,-1
290,181,1050,-1
291,756,1862,1
292,167,1911,-1
293,115,339,1
294,704,1227,-1
295,39,100,1
296,525,2026,-1
297,756,1872,1
298,763,1898,1
299,524,2033,-1
300,643,71,-1
301,39,108,1
302,514,864,-1
303,160,509,1
304,261,130,1
305,341,965,1
306,512,1332,1
307,495,246,-1
308,551,1068,-1
309,701,1645,1
310,150,448,1
311,76,885,-1
312,511,1333,1
313,666,1657,1
314,110,327,1
315,560,1306,-1
316,418,1126,1
317,827,2011,1
318,397,1102,1
319,33,290,-1
320,794,1931,1
321,50,767,-1
322,734,1554,-1
323,473,1257,1
324,763,1885,1
325,656,894,-1
326,513,441,-1
327,116,345,1
328,420,1228,-1
329,39,115,1
330,694,1180,-1
331,190,564,1
332,544,1418,1
333,792,1692,-1
334,761,1880,1
335,446,747,-1
336,107,297,1
337,375,1063,1
338,518,1351,1
339,572,826,-1
340,640,1758,-1
341,312,886,1
342,609,1566,1
343,580,1723,-1
344,82,806,-1
345,309,113,-1
346,180,792,-1
347,282,1209,-1
348,744,1556,-1
349,707,681,-1
350,145,574,-1
351,749,1846,1
352,799,1943,1
353,614,273,-1
354,2,13,1
355,532,1171,-1
356,518,1345,1
357,824,519,-1
358,305,293,-1
359,132,1327,-1
360,644,1490,-1
361,458,1201,1
362,548,380,-1
363,479,956,-1
364,296,422,-1
365,718,758,-1
366,400,247,-1
367,341,1708,-1
368,84,234,1
369,697,1768,1
370,822,1267,-1
371,330,931,1
372,797,521,-1
373,526,1533,-1
374,247,711,1
375,219,650,1
376,386,411,-1
377,409,1117,1
378,185,22,-1
379,520,1372,1
380,31,1052,-1
381,685,1728,1
382,294,820,1
383,615,254,-1
384,228,1101,-1
385,83,1842,-1
386,355,1008,1
387,334,935,1
388,416,1124,1
389,96,278,1
390,280,784,1
391,77,194,1
392,308,1116,-1
393,738,1831,1
394,219,633,1
395,564,174,-1
396,298,848,1
397,480,1280,1
398,355,1009,1
399,634,889,-1
400,473,1264,1
401,575,1460,1
402,616,280,-1
403,86,1642,-1
404,289,803,1
405,684,1829,-1
406,24,413,-1
407,357,1025,1
408,447,1495,-1
409,744,1025,-1
410,490,783,-1
411,118,1603,-1
412,635,450,-1
413,116,1833,-1
414,785,1923,1
415,196,766,-1
416,683,1716,1
417,529,1390,1
418,654,1623,1
419,600,1542,1
420,515,1168,-1
421,745,1842,1
422,782,1919,1
423,647,1749,-1
424,199,579,1
425,227,737,-1
426,722,1795,1
427,774,1911,1
428,766,904,-1
429,634,717,-1
430,311,868,1
431,629,1847,-1
432,709,1783,1
433,330,958,1
434,649,1628,1
435,311,872,1
436,372,1043,1
437,449,1203,1
438,385,1652,-1
439,817,1297,-1
440,393,330,-1
441,674,1705,1
442,559,1080,1
443,552,1297,-1
444,456,1184,1
445,355,1007,1
446,242,128,-1
447,706,561,-1
448,231,682,1
449,155,372,-1
450,631,747,-1
451,54,1056,-1
452,736,1828,1
453,681,1714,1
454,400,1087,1
455,617,1282,-1
456,312,1552,-1
457,451,1529,-1
458,591,534,-1
459,469,1215,1
460,155,1709,-1
461,239,388,-1
462,121,22,1
463,760,1866,1
464,824,2015,1
465,254,734,1
466,839,2027,1
467,658,1902,-1
468,472,1574,-1
469,709,48,-1
470,39,107,1
471,565,1028,-1
472,400,1106,1
473,830,1595,-1
474,78,214,1
475,549,1781,-1
476,589,202,-1
477,374,1059,1
478,467,503,-1
479,526,1425,-1
480,683,1717,1
481,596,1632,-1
482,430,22,1
483,396,1203,-1
484,548,1406,-1
485,520,1544,-1
486,175,535,1
487,120,547,-1
488,201,599,1
489,703,528,-1
490,67,186,1
491,609,1569,1
492,478,644,-1
493,799,1947,1
494,451,1202,1
495,179,219,-1
496,768,647,-1
497,39,111,1
498,500,1322,1
499,252,1769,-1
500,609,98,-1
501,399,1090,1
502,475,1575,-1
503,600,1546,1
504,385,271,-1
505,314,89,-1
506,474,1262,1
507,214,624,1
508,83,228,1
509,307,1846,-1
510,805,1970,1
511,25,58,1
512,271,765,1
513,360,1105,-1
514,400,1109,1
515,676,1560,-1
516,435,1948,-1
517,96,273,1
518,1,1,1
519,609,414,-1
520,684,1458,-1
521,765,1259,-1
522,79,208,1
523,807,1992,1
524,556,1213,1
525,135,431,1
526,385,1066,1
527,54,588,-1
528,247,716,1
529,754,812,-1
530,760,747,-1
531,74,189,1
532,756,1860,1
533,809,1998,1
534,238,690,1
535,186,1450,-1
536,276,771,1
537,254,327,1
538,335,1731,-1
539,68,1966,-1
540,186,34,-1
541,135,379,1
542,402,1103,1
543,597,1519,1
544,279,1680,-1
545,130,182,-1
546,86,740,-1
547,546,1428,1
548,531,1312,-1
549,518,1350,1
550,595,1322,-1
551,823,1160,-1
552,107,302,1
553,311,864,1
554,431,882,-1
555,580,700,-1
556,190,557,1
557,49,49,-1
558,307,1211,-1
559,168,1459,-1
560,669,1672,1
561,46,126,1
562,715,1274,-1
563,650,1626,1
564,344,104,1
565,648,950,-1
566,665,445,-1
567,358,1026,1
568,226,666,1
569,277,774,1
570,648,1610,1
571,768,616,-1
572,173,638,-1
573,478,1618,-1
574,544,1411,1
575,840,2041,1
576,418,1963,-1
577,104,202,1
578,722,2039,-1
579,455,1074,-1
580,609,1564,1
581,180,1316,-1
582,692,238,-1
583,569,653,-1
584,482,741,-1
585,10,488,-1
586,82,431,-1
587,352,1314,-1
588,470,207,1
589,689,1745,-1
590,342,975,1
591,677,1658,-1
592,214,840,-1
593,763,1887,1
594,163,1820,-1
595,710,787,-1
596,116,341,1
597,444,1107,-1
598,424,305,-1
599,572,1069,1
600,187,548,1
601,446,796,-1
602,599,1598,-1
603,11,476,-1
604,830,1735,-1
605,666,1664,1
606,294,826,1
607,803,1801,-1
608,627,311,-1
609,602,1239,-1
610,555,1169,-1
611,479,1279,1
612,93,266,1
613,196,1814,-1
614,279,779,1
615,597,438,-1
616,780,1043,-1
617,480,352,-1
618,382,166,-1
619,804,1986,-1
620,789,1023,-1
621,496,1861,-1
622,697,1771,1
623,621,360,-1
624,452,1187,1
625,801,546,-1
626,68,179,1
627,581,1640,-1
628,519,1357,1
629,297,1903,-1
630,108,309,1
631,160,492,1
632,150,436,1
633,756,1867,1
634,6,12,1
635,173,1800,-1
636,273,1736,-1
637,527,1388,1
638,475,82,-1
639,839,2028,1
640,497,1123,-1
641,686,1730,1
642,138,255,-1
643,518,1061,-1
644,154,486,1
645,830,24,-1
646,426,52,-1
647,485,1430,-1
648,752,1665,-1
649,226,673,1
650,579,1484,1
651,684,1707,-1
652,73,664,-1
653,318,904,1
654,337,1213,-1
655,70,457,-1
656,461,1192,1
657,466,1338,-1
658,697,804,-1
659,791,2005,-1
660,769,1908,1
661,210,620,1
662,191,568,1
663,302,1174,-1
664,114,180,-1
665,337,41,-1
666,708,1782,1
667,637,1602,1
668,806,1971,1
669,600,1534,1
670,542,1404,1
671,729,569,1
672,675,97,-1
673,425,1109,-1
674,64,1079,-1
675,163,515,1
676,469,1913,-1
677,355,1015,1
678,297,37,-1
679,558,2021,-1
680,547,1434,1
681,781,1917,1
682,411,1547,-1
683,178,1485,-1
684,180,1890,-1
685,811,987,-1
686,105,289,1
687,420,908,-1
688,190,552,1
689,186,547,1
690,671,1702,1
691,554,1326,-1
692,36,93,1
693,225,659,1
694,588,1596,-1
695,219,649,1
696,623,1584,1
697,16,37,1
698,469,276,1
699,180,1122,-1
700,768,1906,1
701,138,387,1
702,293,816,1
703,814,1989,1
704,475,1273,1
705,830,1854,-1
706,220,645,1
707,600,1540,1
708,173,394,-1
709,686,1726,1
710,425,1994,-1
711,68,185,1
712,350,1855,-1
713,153,1584,-1
714,716,1293,-1
715,138,383,1
716,737,1830,1
717,407,911,-1
718,314,894,1
719,519,1363,1
720,89,254,1
721,483,327,-1
722,106,1738,-1
723,1,6,1
724,684,1721,1
725,761,1881,1
726,486,1291,1
727,805,1995,1
728,540,633,-1
729,28,79,1
730,79,222,1
731,176,713,-1
732,201,602,1
733,597,1517,1
734,78,201,1
735,90,986,-1
736,224,577,-1
737,254,741,1
738,661,412,-1
739,1,19,1
740,799,1937,1
741,419,1802,-1
742,799,1940,1
743,579,1478,1
744,704,1779,1
745,546,1844,-1
746,534,23,-1
747,769,1485,1
748,270,764,1
749,109,310,1
750,415,271,1
751,453,1170,1
752,667,276,-1
753,597,1513,1
754,331,168,-1
755,66,1292,-1
756,783,1470,1
757,205,1577,-1
758,315,879,1
759,471,1231,1
760,269,759,1
761,767,1167,-1
762,150,455,1
763,78,526,-1
764,510,127,1
765,544,315,-1
766,786,1320,-1
767,533,121,-1
768,84,229,1
769,783,1489,1
770,408,1116,1
771,546,1653,-1
772,405,1535,-1
773,730,557,1
774,42,119,1
775,515,1337,1
776,579,1477,1
777,752,310,-1
778,735,1833,1
779,37,1304,-1
780,666,1650,1
781,608,1305,-1
782,839,2024,1
783,55,712,-1
784,402,1689,-1
785,322,978,-1
786,581,1839,-1
787,711,1191,-1
788,263,753,1
789,109,321,1
790,547,1727,-1
791,692,55,-1
792,799,1949,1
793,825,1007,-1
794,364,1650,-1
795,79,199,1
796,182,172,-1
797,76,1091,-1
798,257,493,-1
799,351,1671,-1
800,649,1451,1
801,730,558,1
802,136,409,1
803,525,1857,-1
804,496,1326,-1
805,279,776,1
806,380,72,-1
807,146,292,-1
808,687,1741,1
809,350,668,-1
810,686,1750,1
811,720,961,-1
812,111,334,1
813,666,1654,1
814,653,227,-1
815,245,706,1
816,17,1309,-1
817,819,1341,-1
818,563,356,-1
819,229,15,-1
820,656,1058,-1
821,670,1678,1
822,495,1302,1
823,469,1133,1
824,22,707,-1
825,199,594,1
826,752,1851,1
827,312,866,1
828,114,1817,-1
829,836,386,-1
830,109,298,1
831,32,1720,-1
832,480,1283,1
833,508,782,-1
834,522,1380,1
835,658,1768,-1
836,294,837,1
837,116,358,1
838,347,1333,-1
839,400,1085,1
840,332,959,1
841,412,1473,-1
842,159,508,1
843,343,987,1
844,154,472,1
845,671,1703,1
846,56,1102,-1
847,668,360,-1
848,227,697,1
849,127,1975,-1
850,150,433,1
851,719,105,-1
852,197,799,-1
853,805,1969,1
854,286,1103,-1
855,617,43,-1
856,803,1937,-1
857,367,278,-1
858,252,399,-1
859,352,1003,1
860,561,1506,-1
861,59,168,1
862,518,1138,-1
863,285,793,1
864,257,1524,-1
865,330,1591,-1
866,190,218,-1
867,811,898,-1
868,314,739,-1
869,155,481,1
870,309,1835,-1
871,194,1137,-1
872,254,740,1
873,646,629,-1
874,807,934,-1
875,116,347,1
876,67,184,1
877,566,982,-1
878,77,192,1
879,318,913,1
880,275,271,-1
881,445,1191,1
882,143,393,1
883,496,1449,-1
884,57,164,1
885,799,1938,1
886,666,1655,1
887,789,1511,-1
888,317,1296,-1
889,554,1318,-1
890,666,1642,1
891,460,1386,-1
892,765,688,-1
893,546,1429,1
894,496,1312,1
895,820,774,-1
896,808,1973,1
897,560,1687,-1
898,724,1624,-1
899,350,213,-1
900,380,936,-1
901,517,1337,-1
902,760,1875,1
903,615,1574,1
904,80,1518,-1
905,715,1789,1
906,782,1899,-1
907,306,858,1
908,154,478,1
909,191,263,-1
910,93,779,-1
911,326,961,1
912,753,1852,1
913,89,253,1
914,169,771,-1
915,799,1118,-1
916,273,768,1
917,313,874,1
918,162,465,-1
919,597,1514,1
920,326,1662,-1
921,502,1323,1
922,289,809,1
923,284,1106,-1
924,150,447,1
925,470,1154,-1
926,747,162,-1
927,674,186,-1
928,190,565,1
929,198,577,1
930,470,1722,-1
931,451,1190,1
932,350,999,1
933,301,852,1
934,352,755,-1
935,311,882,1
936,519,1374,1
937,137,392,1
938,160,1660,-1
939,830,835,-1
940,728,1801,1
941,441,654,-1
942,583,1040,-1
943,693,135,-1
944,719,1792,1
945,149,414,1
946,642,554,-1
947,153,141,-1
948,290,214,-1
949,439,1062,-1
950,626,949,-1
951,626,261,-1
952,754,1853,1
953,512,1331,1
954,603,1558,1
955,453,201,-1
956,54,133,1
957,471,1092,-1
958,163,516,1
959,729,643,-1
960,817,2003,1
961,13,619,-1
962,350,995,1
963,434,1176,-1
964,107,317,1
965,220,638,1
966,696,1757,1
967,220,652,1
968,79,203,1
969,58,156,1
970,802,1964,1
971,240,696,1
972,479,330,-1
973,418,403,-1
974,245,705,1
975,620,1348,1
976,110,328,1
977,549,1436,1
978,769,1266,-1
979,264,1064,-1
980,666,1653,1
981,200,588,1
982,93,1391,-1
983,823,762,-1
984,600,677,-1
985,621,95,-1
986,30,82,1
987,135,380,1
988,66,1695,-1
989,496,1307,1
990,146,428,1
991,833,1431,-1
992,395,1905,-1
993,210,181,-1
994,422,1132,1
995,600,1541,1
996,579,1464,1
997,519,1371,1
998,157,489,1
999,61,807,-1
1000,591,1608,-1
1001,325,926,1
1002,341,982,1
1003,545,1035,-1
1004,792,329,1
1005,699,1765,1
1006,237,688,1
1007,20,45,1
1008,611,223,-1
1009,815,1993,1
1010,252,96,-1
1011,315,875,1
1012,802,1834,-1
1013,670,1698,1
1014,799,1946,1
1015,556,1205,-1
1016,307,597,-1
1017,524,679,-1
1018,472,1229,1
1019,416,1015,-1
1020,277,1512,-1
1021,621,896,-1
1022,496,1308,1
1023,573,2,-1
1024,414,941,-1
1025,80,1310,-1
1026,412,1120,1
1027,460,1189,1
1028,236,173,-1
1029,111,964,-1
1030,692,954,-1
1031,740,714,-1
1032,599,1610,-1
1033,477,1183,-1
1034,810,506,-1
1035,120,363,1
1036,211,492,-1
1037,627,695,-1
1038,22,423,-1
1039,481,1837,-1
1040,474,1263,1
1041,661,672,-1
1042,39,110,1
1043,157,724,-1
1044,318,902,1
1045,519,1355,1
1046,366,1024,-1
1047,317,909,1
1048,445,1079,-1
1049,17,1157,-1
1050,106,289,-1
1051,405,59,-1
1052,18,1197,-1
1053,676,204,-1
1054,230,692,1
1055,466,1187,-1
1056,797,1216,-1
1057,544,1417,1
1058,528,1060,-1
1059,351,467,-1
1060,133,377,1
1061,811,1340,-1
1062,586,22,-1
1063,718,1791,1
1064,536,1399,1
1065,250,726,1
1066,163,1934,-1
1067,424,1134,1
1068,665,1080,-1
1069,63,1441,-1
1070,548,475,-1
1071,713,432,-1
1072,2,3,1
1073,667,179,-1
1074,104,130,-1
1075,2,7,1
1076,551,1655,-1
1077,839,2037,1
1078,143,397,1
1079,593,1918,-1
1080,23,50,1
1081,427,1901,-1
1082,490,1080,-1
1083,188,549,1
1084,234,713,1
1085,717,1017,-1
1086,228,832,-1
1087,235,1489,-1
1088,255,785,-1
1089,40,973,-1
1090,629,2013,-1
1091,542,1612,-1
1092,688,1731,1
1093,783,751,-1
1094,108,314,1
1095,22,1354,-1
1096,146,420,1
1097,565,1452,1
1098,154,471,1
1099,518,1353,1
1100,177,537,1
1101,90,260,1
1102,530,215,-1
1103,747,1849,1
1104,485,434,-1
1105,221,654,1
1106,60,170,1
1107,688,1733,1
1108,804,761,-1
1109,347,1364,-1
1110,654,1682,-1
1111,229,681,1
1112,669,1697,1
1113,350,1401,-1
1114,750,1847,1
1115,66,711,-1
1116,837,1149,-1
1117,799,1956,1
1118,301,157,-1
1119,404,1096,-1
1120,590,745,-1
1121,269,761,1
1122,391,1029,-1
1123,173,532,1
1124,241,698,1
1125,414,866,-1
1126,705,95,1
1127,552,1993,-1
1128,211,618,1
1129,89,252,1
1130,672,1352,-1
1131,505,1235,-1
1132,614,604,-1
1133,178,1539,-1
1134,602,1775,-1
1135,46,630,-1
1136,318,2019,-1
1137,762,1980,-1
1138,199,578,1
1139,275,770,1
1140,247,1925,-1
1141,630,586,-1
1142,28,75,1
1143,119,1317,-1
1144,609,1567,1
1145,604,1651,-1
1146,698,1775,1
1147,322,1,-1
1148,95,1030,-1
1149,815,1182,-1
1150,388,32,-1
1151,512,573,-1
1152,765,856,-1
1153,320,918,1
1154,701,1649,1
1155,528,1289,-1
1156,414,238,1
1157,735,1909,-1
1158,426,1904,-1
1159,389,458,-1
1160,327,563,-1
1161,744,582,-1
1162,336,940,1
1163,737,1829,1
1164,79,223,1
1165,266,765,-1
1166,47,1356,-1
1167,757,1435,-1
1168,122,1153,-1
1169,786,780,-1
1170,293,825,1
1171,617,1576,1
1172,163,444,-1
1173,354,27,-1
1174,400,1093,1
1175,297,685,-1
1176,825,1080,-1
1177,156,467,1
1178,525,1392,-1
1179,765,1904,1
1180,597,1518,1
1181,413,977,-1
1182,800,1767,-1
1183,181,542,1
1184,370,1661,-1
1185,379,1052,1
1186,518,1342,1
1187,133,376,1
1188,384,1064,1
1189,596,1079,1
1190,290,1229,-1
1191,653,1633,1
1192,509,1022,-1
1193,109,990,-1
1194,586,1145,-1
1195,338,955,1
1196,252,673,-1
1197,155,464,1
1198,397,1082,1
1199,523,1044,-1
1200,31,89,1
1201,293,830,1
1202,107,293,1
1203,161,518,1
1204,150,435,1
1205,22,72,1
1206,399,1100,1
1207,453,628,-1
1208,441,1186,1
1209,342,977,1
1210,467,1884,-1
1211,202,1273,-1
1212,31,83,1
1213,840,1381,-1
1214,505,1325,1
1215,479,957,-1
1216,496,1306,1
1217,774,993,-1
1218,607,1562,1
1219,139,391,1
1220,600,1530,1
1221,445,1200,1
1222,497,661,-1
1223,330,957,1
1224,382,364,-1
1225,153,475,1
1226,664,1244,-1
1227,87,873,-1
1228,575,1770,-1
1229,171,274,-1
1230,606,1561,1
1231,386,1068,1
1232,594,1504,1
1233,501,1071,-1
1234,168,625,-1
1235,820,623,-1
1236,39,104,1
1237,267,335,-1
1238,665,1641,1
1239,649,84,-1
1240,666,1661,1
1241,78,195,1
1242,590,1500,1
1243,535,22,-1
1244,600,1930,-1
1245,289,797,1
1246,191,555,1
1247,600,1535,1
1248,751,1033,-1
1249,86,1218,-1
1250,294,835,1
1251,107,305,1
1252,589,1499,1
1253,544,1407,1
1254,810,1978,1
1255,633,140,-1
1256,12,1210,-1
1257,246,707,1
1258,104,288,1
1259,386,706,-1
1260,172,531,1
1261,628,1218,1
1262,511,1334,1
1263,350,1001,1
1264,355,1012,1
1265,98,337,-1
1266,93,265,1
1267,494,1300,1
1268,226,677,1
1269,26,60,1
1270,3,987,-1
1271,433,1143,1
1272,715,1083,-1
1273,811,187,-1
1274,507,1327,1
1275,3,4,1
1276,249,1053,-1
1277,520,1364,1
1278,497,1319,1
1279,167,526,1
1280,282,1192,-1
1281,812,1979,1
1282,670,1695,1
1283,130,810,-1
1284,193,572,1
1285,77,193,1
1286,469,1214,1
1287,60,171,1
1288,574,35,-1
1289,576,2009,-1
1290,545,585,-1
1291,30,1779,-1
1292,600,1929,-1
1293,317,897,1
1294,227,689,1
1295,340,984,1
1296,228,1795,-1
1297,420,1128,1
1298,650,1625,1
1299,134,258,-1
1300,736,1812,1
1301,217,630,1
1302,807,1984,1
1303,309,1609,-1
1304,763,1902,1
1305,619,1638,-1
1306,445,1193,1
1307,93,1198,-1
1308,140,408,1
1309,639,600,-1
1310,558,1446,1
1311,708,1551,-1
1312,337,953,1
1313,415,277,1
1314,273,1482,-1
1315,613,1678,-1
1316,660,1297,1
1317,801,64,-1
1318,197,576,1
1319,636,1094,-1
1320,284,792,1
1321,366,1035,1
1322,415,860,1
1323,686,1727,1
1324,783,1474,1
1325,520,1368,1
1326,735,1815,1
1327,362,1030,1
1328,150,453,1
1329,422,93,-1
1330,755,1854,1
1331,759,1859,1
1332,103,495,-1
1333,109,301,1
1334,313,884,1
1335,150,432,1
1336,235,700,1
1337,346,1730,-1
1338,495,143,-1
1339,152,715,-1
1340,599,1416,-1
1341,681,1567,-1
1342,274,70,-1
1343,716,55,1
1344,786,1924,1
1345,277,1845,-1
1346,233,721,1
1347,516,1336,1
1348,209,4,-1
1349,369,1039,1
1350,765,1970,-1
1351,600,1788,-1
1352,474,1259,1
1353,568,1097,-1
1354,670,1693,1
1355,528,1065,-1
1356,26,65,1
1357,724,1797,1
1358,579,1486,1
1359,454,1173,1
1360,116,353,1
1361,686,1725,1
1362,37,788,-1
1363,669,1692,1
1364,753,2032,-1
1365,369,1058,1
1366,250,226,-1
1367,156,1542,-1
1368,118,1910,-1
1369,112,1173,-1
1370,138,390,1
1371,469,575,1
1372,276,1543,-1
1373,300,850,1
1374,318,906,1
1375,669,1684,1
1376,398,1644,-1
1377,554,77,-1
1378,103,694,-1
1379,648,1622,1
1380,579,1465,1
1381,562,1449,1
1382,678,1709,1
1383,69,1207,-1
1384,470,197,1
1385,54,136,1
1386,326,945,1
1387,279,777,1
1388,583,542,-1
1389,796,1724,-1
1390,699,1199,-1
1391,518,269,-1
1392,201,604,1
1393,590,1299,-1
1394,712,363,-1
1395,161,507,1
1396,65,1257,-1
1397,460,819,-1
1398,79,218,1
1399,823,1365,-1
1400,29,1908,-1
1401,128,22,1
1402,541,419,-1
1403,79,1004,-1
1404,488,1293,1
1405,141,407,1
1406,228,712,1
1407,799,1935,1
1408,98,280,1
1409,271,1161,-1
1410,709,1765,-1
1411,228,53,-1
1412,763,1888,1
1413,546,1431,1
1414,758,454,-1
1415,353,1005,1
1416,155,462,1
1417,86,1803,-1
1418,641,1605,1
1419,3,11,1
1420,32,1362,-1
1421,715,524,-1
1422,483,1034,-1
1423,307,860,1
1424,140,923,-1
1425,146,334,-1
1426,256,230,-1
1427,225,1754,-1
1428,321,919,1
1429,738,1824,1
1430,278,794,-1
1431,544,1414,1
1432,347,991,1
1433,688,1747,1
1434,115,925,-1
1435,175,534,1
1436,78,221,1
1437,42,1353,-1
1438,507,529,1
1439,260,751,1
1440,839,2026,1
1441,398,599,-1
1442,67,178,1
1443,683,1719,1
1444,45,125,1
1445,248,717,1
1446,199,605,1
1447,567,1454,1
1448,472,1251,1
1449,403,1097,1
1450,700,1777,1
1451,341,117,-1
1452,171,530,1
1453,504,987,1
1454,104,287,1
1455,639,1603,1
1456,767,933,-1
1457,324,947,1
1458,472,569,-1
1459,602,731,-1
1460,163,499,1
1461,459,1185,1
1462,576,1461,1
1463,17,41,1
1464,555,1442,1
1465,675,145,-1
1466,84,230,1
1467,346,491,-1
1468,114,1862,-1
1469,409,1276,-1
1470,654,1619,1
1471,306,64,1
1472,255,116,-1
1473,160,653,-1
1474,303,854,1
1475,110,331,1
1476,501,1318,1
1477,776,368,-1
1478,159,497,1
1479,29,919,-1
1480,634,1919,-1
1481,116,344,1
1482,173,1439,-1
1483,395,1113,-1
1484,310,1308,-1
1485,476,1265,1
1486,303,244,-1
1487,681,22,-1
1488,683,210,-1
1489,467,1209,1
1490,476,1267,1
1491,617,531,-1
1492,112,336,1
1493,750,1763,-1
1494,616,1123,1
1495,574,58,-1
1496,796,237,-1
1497,178,538,1
1498,254,733,1
1499,799,1960,1
1500,782,372,-1
1501,302,575,-1
1502,150,1504,-1
1503,600,1543,1
1504,544,1413,1
1505,600,1048,-1
1506,420,1366,-1
1507,139,427,1
1508,317,898,1
1509,294,836,1
1510,191,563,1
1511,21,522,-1
1512,717,1790,1
1513,342,1120,-1
1514,393,792,1
1515,667,1827,-1
1516,597,1523,1
1517,674,931,-1
1518,350,1000,1
1519,587,824,-1
1520,595,1142,-1
1521,696,1758,1
1522,701,1838,-1
1523,58,150,1
1524,350,997,1
1525,150,451,1
1526,467,286,-1
1527,632,146,-1
1528,116,342,1
1529,112,1712,-1
1530,50,129,1
1531,194,573,1
1532,715,1788,1
1533,695,1263,-1
1534,405,1038,-1
1535,230,693,1
1536,54,572,-1
1537,479,95,-1
1538,769,738,-1
1539,542,1786,-1
1540,497,1313,1
1541,339,981,1
1542,506,1326,1
1543,344,98,1
1544,294,819,1
1545,662,248,-1
1546,777,1914,1
1547,75,190,1
1548,478,563,-1
1549,652,1614,1
1550,579,1463,1
1551,792,731,1
1552,471,1233,1
1553,600,2040,-1
1554,164,512,1
1555,166,1654,-1
1556,387,147,-1
1557,37,1467,-1
1558,625,1588,1
1559,199,590,1
1560,520,1377,1
1561,440,1155,1
1562,518,1348,1
1563,29,87,1
1564,820,1335,-1
1565,639,1342,-1
1566,43,1649,-1
1567,811,1598,1
1568,619,1051,-1
1569,296,1927,-1
1570,226,675,1
1571,617,1575,1
1572,401,1104,1
1573,5,10,1
1574,535,1889,-1
1575,419,874,-1
1576,592,1627,-1
1577,521,913,-1
1578,94,284,-1
1579,427,1158,-1
1580,711,1873,-1
1581,186,1716,-1
1582,329,930,1
1583,650,1632,1
1584,364,622,-1
1585,89,246,1
1586,203,1850,-1
1587,208,430,-1
1588,205,611,1
1589,617,1577,1
1590,570,501,-1
1591,190,560,1
1592,428,1295,-1
1593,585,1557,-1
1594,549,1187,-1
1595,720,1522,-1
1596,523,1598,-1
1597,548,1435,1
1598,44,974,-1
1599,415,1123,1
1600,661,1224,-1
1601,81,226,1
1602,544,1408,1
1603,666,1662,1
1604,499,1412,-1
1605,817,705,-1
1606,349,299,-1
1607,150,441,1
1608,279,782,1
1609,834,2017,1
1610,569,1809,-1
1611,171,1055,-1
1612,252,1417,-1
1613,779,376,-1
1614,636,425,-1
1615,96,979,-1
1616,726,1799,1
1617,343,132,-1
1618,691,18,-1
1619,729,563,1
1620,570,1240,-1
1621,516,794,-1
1622,289,802,1
1623,619,1579,1
1624,665,1471,-1
1625,352,1004,1
1626,404,1110,1
1627,365,1491,-1
1628,614,1600,-1
1629,643,1147,-1
1630,600,1545,1
1631,647,120,-1
1632,250,55,-1
1633,525,1002,-1
1634,198,585,1
1635,579,473,-1
1636,276,1447,-1
1637,337,358,-1
1638,272,1391,-1
1639,269,887,-1
1640,161,494,1
1641,314,871,1
1642,92,124,-1
1643,402,1107,1
1644,375,1065,1
1645,206,409,-1
1646,311,890,1
1647,406,1112,1
1648,755,1131,-1
1649,746,1848,1
1650,189,550,1
1651,725,1794,-1
1652,590,1782,-1
1653,429,1344,-1
1654,46,197,-1
1655,757,1878,1
1656,517,184,-1
1657,156,1704,-1
1658,195,574,1
1659,447,1162,1
1660,666,1666,1
1661,144,415,1
1662,271,226,-1
1663,76,1946,-1
1664,498,1314,1
1665,825,1069,-1
1666,526,1599,-1
1667,809,424,-1
1668,736,1418,-1
1669,244,274,-1
1670,579,1466,1
1671,735,1826,1
1672,119,635,-1
1673,58,1670,-1
1674,80,225,1
1675,79,1133,-1
1676,579,1471,1
1677,668,1671,1
1678,79,204,1
1679,78,219,1
1680,96,271,1
1681,86,365,-1
1682,261,1828,-1
1683,625,1042,1
1684,580,1445,-1
1685,208,338,-1
1686,356,1793,-1
1687,442,1175,1
1688,39,101,1
1689,701,857,-1
1690,154,783,-1
1691,555,1915,-1
1692,189,830,-1
1693,579,1469,1
1694,755,564,-1
1695,355,1010,1
1696,32,86,1
1697,403,111,-1
1698,289,805,1
1699,324,1659,-1
1700,730,1803,1
1701,149,425,1
1702,666,1647,1
1703,600,1529,1
1704,656,439,-1
1705,89,529,-1
1706,711,1424,1
1707,273,477,-1
1708,288,796,1
1709,471,1246,1
1710,488,233,-1
1711,470,1280,-1
1712,701,1656,1
1713,751,993,1
1714,695,747,1
1715,59,145,1
1716,621,12,-1
1717,130,1799,-1
1718,299,849,1
1719,603,1480,-1
1720,556,1217,1
1721,645,944,-1
1722,469,993,1
1723,437,1150,1
1724,561,1945,-1
1725,155,461,1
1726,554,490,-1
1727,181,775,-1
1728,729,1093,-1
1729,78,202,1
1730,264,754,1
1731,666,1651,1
1732,840,781,-1
1733,354,1006,1
1734,685,1751,1
1735,527,1117,-1
1736,443,350,-1
1737,201,591,1
1738,755,1952,-1
1739,569,979,1
1740,544,1412,1
1741,832,371,1
1742,107,300,1
1743,452,1169,1
1744,124,57,-1
1745,333,1513,-1
1746,264,945,-1
1747,743,1564,-1
1748,345,1713,-1
1749,335,547,1
1750,725,1798,1
1751,179,540,1
1752,253,1634,-1
1753,36,820,-1
1754,16,331,-1
1755,79,216,1
1756,256,285,-1
1757,518,1343,1
1758,294,838,1
1759,469,1123,1
1760,677,427,-1
1761,191,567,1
1762,708,2017,-1
1763,37,1072,-1
1764,519,1367,1
1765,355,1016,1
1766,619,1328,-1
1767,150,438,1
1768,131,867,-1
1769,518,1340,1
1770,209,615,1
1771,116,343,1
1772,113,337,1
1773,166,1701,-1
1774,267,757,1
1775,143,429,1
1776,551,1428,-1
1777,158,490,1
1778,73,115,-1
1779,109,299,1
1780,318,899,1
1781,112,228,-1
1782,226,663,1
1783,188,1858,-1
1784,89,258,1
1785,318,900,1
1786,196,277,1
1787,71,649,-1
1788,17,1916,-1
1789,425,231,-1
1790,271,1747,-1
1791,726,118,-1
1792,512,819,1
1793,390,1368,-1
1794,675,891,-1
1795,88,239,1
1796,691,1367,-1
1797,780,1063,-1
1798,437,1151,1
1799,75,205,-1
1800,563,895,-1
1801,551,608,-1
1802,184,1204,-1
1803,263,831,-1
1804,759,1076,-1
1805,582,1222,-1
1806,313,869,1
1807,402,0,-1
1808,506,576,1
1809,769,79,-1
1810,394,1594,-1
1811,19,420,-1
1812,497,67,-1
1813,177,176,-1
1814,154,468,1
1815,358,1184,-1
1816,767,294,-1
1817,111,333,1
1818,72,1233,-1
1819,29,81,1
1820,359,523,-1
1821,283,1156,-1
1822,723,1343,1
1823,589,390,-1
1824,799,1950,1
1825,650,1611,1
1826,130,1414,-1
1827,600,1551,1
1828,597,1506,1
1829,23,54,1
1830,96,1036,-1
1831,53,137,1
1832,744,1466,-1
1833,563,994,-1
1834,278,790,-1
1835,155,102,-1
1836,740,1709,1
1837,754,696,-1
1838,660,680,-1
1839,661,2041,-1
1840,629,1940,-1
1841,741,653,-1
1842,226,669,1
1843,652,472,-1
1844,507,1129,-1
1845,89,248,1
1846,630,1378,-1
1847,469,273,1
1848,148,809,-1
1849,580,875,-1
1850,543,1405,1
1851,784,1456,-1
1852,46,407,-1
1853,711,1147,-1
1854,242,722,1
1855,168,527,1
1856,633,1596,1
1857,810,1977,1
1858,831,1819,-1
1859,347,641,-1
1860,823,126,-1
1861,335,764,-1
1862,63,1452,-1
1863,317,656,-1
1864,478,1277,1
1865,363,1042,1
1866,293,846,1
1867,299,271,-1
1868,254,330,1
1869,130,1939,-1
1870,730,1681,-1
1871,664,137,-1
1872,269,763,1
1873,273,748,-1
1874,661,1637,1
1875,581,1492,1
1876,15,1771,-1
1877,143,1780,-1
1878,299,484,-1
1879,593,1503,1
1880,22,47,1
1881,761,208,-1
1882,821,2006,1
1883,649,728,-1
1884,378,257,-1
1885,809,1656,-1
1886,740,1837,1
1887,747,1844,1
1888,244,1576,-1
1889,699,324,-1
1890,297,100,-1
1891,566,1453,1
1892,544,1416,1
1893,160,500,1
1894,757,1135,-1
1895,532,902,-1
1896,351,652,-1
1897,415,328,-1
1898,404,557,-1
1899,432,1147,1
1900,469,332,-1
1901,224,1897,-1
1902,400,1094,1
1903,455,1174,1
1904,459,721,-1
1905,707,1781,1
1906,435,1148,1
1907,190,570,1
1908,109,312,1
1909,698,1147,1
1910,696,1761,1
1911,683,1031,-1
1912,623,1585,1
1913,310,1186,-1
1914,146,421,1
1915,355,1370,-1
1916,15,34,1
1917,239,694,1
1918,371,1067,1
1919,263,236,-1
1920,122,365,1
1921,154,476,1
1922,528,1582,-1
1923,518,1344,1
1924,202,1877,-1
1925,164,511,1
1926,191,562,1
1927,198,589,1
1928,550,1164,-1
1929,84,231,1
1930,709,1255,-1
1931,647,1609,1
1932,669,1685,1
1933,349,1672,-1
1934,363,1036,1
1935,157,1468,-1
1936,521,1469,-1
1937,831,1371,-1
1938,537,1400,1
1939,375,1047,1
1940,816,2000,1
1941,806,1595,1
1942,370,1061,1
1943,812,229,-1
1944,324,956,1
1945,714,447,-1
1946,199,596,1
1947,203,623,1
1948,523,504,-1
1949,579,1479,1
1950,29,1571,-1
1951,112,1339,-1
1952,161,501,1
1953,196,855,-1
1954,171,1836,-1
1955,483,1286,1
1956,358,139,1
1957,165,524,1
1958,218,631,1
1959,600,1553,1
1960,755,1426,-1
1961,829,757,-1
1962,473,1752,-1
1963,59,153,1
1964,40,120,1
1965,203,608,1
1966,353,429,-1
1967,33,62,-1
1968,412,1358,-1
1969,588,969,-1
1970,508,180,-1
1971,48,128,1
1972,20,1351,-1
1973,472,1232,1
1974,641,1885,-1
1975,773,1181,-1
1976,796,1933,1
1977,669,1677,1
1978,644,1607,1
1979,571,1457,1
1980,786,1348,-1
1981,341,973,1
1982,507,1465,-1
1983,602,1823,-1
1984,793,1930,1
1985,86,1188,-1
1986,306,859,1
1987,75,602,-1
1988,226,676,1
1989,840,1561,-1
1990,738,1825,1
1991,390,92,-1
1992,618,1002,1
1993,476,1276,1
1994,69,1311,-1
1995,628,1214,1
1996,739,1777,-1
1997,581,525,-1
1998,694,1756,1
1999,224,658,1
2000,469,275,1
2001,828,732,-1
2002,346,1876,-1
2003,150,440,1
2004,256,461,-1
2005,581,1601,-1
2006,412,1860,-1
2007,568,1455,1
2008,346,1245,-1
2009,476,418,-1
2010,541,1606,-1
2011,743,1853,-1
2012,29,621,-1
2013,176,640,-1
2014,495,277,-1
2015,799,1953,1
2016,487,1292,1
2017,355,1014,1
2018,64,176,1
2019,274,33,-1
2020,489,417,-1
2021,116,359,1
2022,183,544,1
2023,660,1932,-1
2024,347,1684,-1
2025,545,962,-1
2026,101,283,1
2027,692,275,-1
2028,201,603,1
2029,655,1634,1
2030,34,91,1
2031,600,1537,1
2032,666,1659,1
2033,200,860,-1
2034,157,818,-1
2035,809,566,-1
2036,702,1778,1
2037,732,783,1
2038,33,1143,-1
2039,383,1115,-1
2040,114,529,-1
2041,802,1924,-1
2042,675,1933,-1
2043,97,1521,-1
2044,314,891,1
2045,562,272,-1
2046,600,1554,1
2047,724,251,-1
2048,165,1588,-1
2049,185,1510,-1
2050,366,148,-1
2051,89,256,1
2052,544,1406,1
2053,518,1523,-1
2054,810,993,-1
2055,674,278,-1
2056,328,942,1
2057,472,1237,1
2058,666,1652,1
2059,486,1290,1
2060,523,1382,1
2061,721,1794,1
2062,334,551,-1
2063,405,1090,-1
2064,94,268,1
2065,662,1997,-1
2066,622,1583,1
2067,685,1440,-1
2068,697,1773,1
2069,565,106,-1
2070,669,1689,1
2071,141,400,1
2072,669,1675,1
2073,784,1920,1
2074,824,380,1
2075,216,1151,-1
2076,427,1778,-1
2077,392,395,-1
2078,561,1448,1
2079,612,1269,-1
2080,456,1177,1
2081,44,1388,-1
2082,685,909,-1
2083,382,1056,1
2084,227,679,1
2085,462,1195,1
2086,39,103,1
2087,259,1217,-1
2088,597,1524,1
2089,160,108,-1
2090,226,671,1
2091,634,160,-1
2092,296,1424,-1
2093,669,1014,-1
2094,836,2018,1
2095,820,1798,-1
2096,694,1206,-1
2097,591,1385,-1
2098,79,197,1
2099,533,684,-1
2100,283,1691,-1
2101,652,710,-1
2102,670,1683,1
2103,15,39,1
2104,26,68,1
2105,214,121,-1
2106,226,667,1
2107,425,1112,-1
2108,787,991,-1
2109,118,361,1
2110,243,720,1
2111,757,691,-1
2112,686,1967,-1
2113,326,927,1
2114,103,285,1
2115,302,1978,-1
2116,233,1455,-1
2117,579,1481,1
2118,757,1863,1
2119,763,1896,1
2120,706,1397,-1
2121,142,341,-1
2122,181,1508,-1
2123,236,1125,-1
2124,763,1900,1
2125,203,1013,-1
2126,276,773,1
2127,182,428,-1
2128,110,1247,-1
2129,646,1187,1
2130,375,1062,1
2131,583,1493,1
2132,470,1226,1
2133,794,899,-1
2134,798,1230,-1
2135,826,1054,-1
2136,525,1243,-1
2137,763,1890,1
2138,799,1944,1
2139,126,1943,-1
2140,289,808,1
2141,605,555,-1
2142,501,890,-1
2143,346,1941,-1
2144,581,26,1
2145,799,1220,-1
2146,255,745,1
2147,563,1037,-1
2148,581,783,1
2149,256,443,-1
2150,517,1339,1
2151,219,642,1
2152,808,1991,1
2153,99,281,1
2154,350,154,-1
2155,301,1001,-1
2156,759,1861,1
2157,546,1955,-1
2158,422,1773,-1
2159,519,1361,1
2160,336,952,1
2161,407,1114,1
2162,226,662,1
2163,153,459,1
2164,246,636,-1
2165,80,109,-1
2166,146,422,1
2167,542,1039,-1
2168,570,136,1
2169,398,1091,1
2170,445,1164,1
2171,313,889,1
2172,59,165,1
2173,733,268,-1
2174,342,971,1
2175,423,1133,1
2176,21,56,1
2177,78,206,1
2178,790,1929,1
2179,204,398,-1
2180,471,1238,1
2181,412,1067,-1
2182,142,418,1
2183,233,684,1
2184,469,274,1
2185,87,75,-1
2186,321,730,-1
2187,582,24,1
2188,155,483,1
2189,332,933,1
2190,687,179,1
2191,251,1562,-1
2192,391,1517,-1
2193,477,313,-1
2194,289,1253,-1
2195,670,1696,1
2196,319,1123,-1
2197,457,663,-1
2198,522,1381,1
2199,51,277,-1
2200,204,609,1
2201,672,1741,-1
2202,773,1379,-1
2203,666,1648,1
2204,110,332,1
2205,376,1048,1
2206,139,384,1
2207,235,724,1
2208,451,1579,-1
2209,364,1033,1
2210,317,910,1
2211,685,1739,1
2212,621,1821,-1
2213,341,986,1
2214,89,255,1
2215,474,1268,1
2216,406,1113,1
2217,340,963,1
2218,687,60,-1
2219,341,980,1
2220,275,183,-1
2221,615,1742,-1
2222,161,517,1
2223,52,131,1
2224,15,35,1
2225,150,434,1
2226,27,64,1
2227,759,1864,1
2228,605,1560,1
2229,338,1438,-1
2230,469,1220,1
2231,813,1985,1
2232,209,626,1
2233,153,937,-1
2234,457,1178,1
2235,353,1621,-1
2236,578,1108,-1
2237,454,1172,1
2238,573,1702,-1
2239,354,1399,-1
2240,257,748,1
2241,245,1179,-1
2242,471,1227,1
2243,508,291,-1
2244,387,1071,1
2245,600,1552,1
2246,653,1618,1
2247,469,1218,1
2248,615,469,-1
2249,435,207,-1
2250,49,22,1
2251,279,884,-1
2252,434,38,-1
2253,836,1202,-1
2254,299,408,-1
2255,150,290,1
2256,458,1188,1
2257,350,1620,-1
2258,635,1598,1
2259,772,1866,-1
2260,184,1489,-1
2261,150,450,1
2262,226,668,1
2263,748,1845,1
2264,654,1621,1
2265,543,485,-1
2266,615,200,-1
2267,116,357,1
2268,669,1674,1
2269,609,675,-1
2270,479,1623,-1
2271,79,200,1
2272,317,907,1
2273,322,536,-1
2274,754,2035,-1
2275,182,959,-1
2276,44,124,1
2277,733,1804,1
2278,150,439,1
2279,834,942,-1
2280,388,970,-1
2281,750,892,-1
2282,372,371,-1
2283,674,1059,-1
2284,579,1488,1
2285,318,908,1
2286,519,1365,1
2287,234,383,-1
2288,480,1281,1
2289,432,1142,1
2290,78,215,1
2291,511,1335,1
2292,707,1393,-1
2293,167,1421,-1
2294,304,855,1
2295,756,1857,1
2296,213,1572,-1
2297,343,322,-1
2298,532,277,1
2299,391,1580,-1
2300,249,723,1
2301,682,1715,1
2302,93,270,1
2303,538,1401,1
2304,59,562,-1
2305,260,1679,-1
2306,720,1793,1
2307,220,648,1
2308,519,1362,1
2309,104,286,1
2310,666,1646,1
2311,481,1285,1
2312,106,1566,-1
2313,538,270,-1
2314,183,1808,-1
2315,426,1140,-1
2316,174,1625,-1
2317,78,224,1
2318,254,743,1
2319,160,505,1
2320,691,1408,-1
2321,591,1501,1
2322,313,1936,-1
2323,354,514,-1
2324,66,972,-1
2325,279,780,1
2326,258,749,1
2327,623,1534,-1
2328,745,565,-1
2329,173,1084,-1
2330,485,119,-1
2331,520,1369,1
2332,198,601,1
2333,688,1737,1
2334,786,686,-1
2335,138,395,1
2336,580,858,-1
2337,294,829,1
2338,419,791,-1
2339,642,1174,1
2340,424,1375,-1
2341,169,528,1
2342,613,905,-1
2343,773,689,-1
2344,583,1810,-1
2345,630,1881,-1
2346,793,819,-1
2347,423,1432,-1
2348,191,569,1
2349,228,680,1
2350,596,1080,1
2351,111,1953,-1
2352,403,1133,-1
2353,219,643,1
2354,150,437,1
2355,670,1699,1
2356,37,1812,-1
2357,446,1182,1
2358,178,1874,-1
2359,475,1136,-1
2360,274,1615,-1
2361,200,580,1
2362,579,1475,1
2363,155,469,1
2364,630,1481,-1
2365,777,853,-1
2366,283,1922,-1
2367,687,185,1
2368,150,456,1
2369,253,730,1
2370,433,614,-1
2371,65,180,1
2372,88,240,1
2373,501,1321,1
2374,355,1018,1
2375,234,331,-1
2376,219,641,1
2377,58,147,1
2378,233,695,1
2379,31,598,-1
2380,8,23,1
2381,469,1223,1
2382,729,1802,1
2383,245,19,-1
2384,554,775,1
2385,518,1354,1
2386,315,892,1
2387,82,1256,-1
2388,835,232,1
2389,23,1667,-1
2390,154,460,1
2391,228,1906,-1
2392,383,453,-1
2393,412,1196,-1
2394,535,1395,1
2395,670,993,-1
2396,116,346,1
2397,544,1419,1
2398,469,1212,1
2399,23,48,1
2400,754,1387,-1
2401,238,699,1
2402,520,1359,1
2403,623,1990,-1
2404,86,505,-1
2405,141,770,-1
2406,313,1130,-1
2407,311,873,1
2408,794,466,-1
2409,709,1784,1
2410,183,1804,-1
2411,193,976,-1
2412,262,756,-1
2413,338,1891,-1
2414,31,674,-1
2415,702,2029,-1
2416,599,13,-1
2417,751,1359,-1
2418,11,30,1
2419,715,65,-1
2420,447,1180,1
2421,581,373,-1
2422,720,88,-1
2423,61,172,1
2424,674,2001,-1
2425,294,839,1
2426,767,1104,-1
2427,701,1642,1
2428,664,1568,-1
2429,254,719,-1
2430,13,1947,-1
2431,281,787,1
2432,524,1383,1
2433,745,1843,1
2434,114,2031,-1
2435,29,415,-1
2436,156,484,1
2437,597,1516,1
2438,532,1477,-1
2439,339,972,1
2440,207,76,-1
2441,725,969,1
2442,339,886,-1
2443,324,944,1
2444,472,1239,1
2445,392,843,-1
2446,353,1284,-1
2447,274,576,-1
2448,171,1863,-1
2449,746,1019,-1
2450,344,1733,-1
2451,320,1631,-1
2452,601,994,1
2453,624,1587,1
2454,2,16,1
2455,599,377,-1
2456,355,1023,1
2457,213,628,1
2458,809,1980,1
2459,412,1150,-1
2460,693,1813,-1
2461,431,1140,1
2462,80,1128,-1
2463,784,632,-1
2464,633,1595,1
2465,733,1805,1
2466,701,1654,1
2467,484,1570,-1
2468,565,862,-1
2469,196,575,1
2470,15,36,1
2471,367,1037,1
2472,19,76,1
2473,839,2039,1
2474,340,968,1
2475,212,590,-1
2476,320,127,-1
2477,50,1622,-1
2478,37,397,-1
2479,763,1883,1
2480,511,1330,1
2481,699,1767,1
2482,215,627,1
2483,127,370,1
2484,202,816,-1
2485,809,1981,1
2486,174,979,-1
2487,475,1256,1
2488,496,1311,1
2489,72,187,1
2490,546,1425,1
2491,545,1893,-1
2492,46,655,-1
2493,763,1893,1
2494,116,349,1
2495,187,983,-1
2496,829,1071,-1
2497,700,7,-1
2498,227,814,-1
2499,407,1717,-1
2500,597,1521,1
2501,634,778,-1
2502,768,1949,-1
2503,522,252,-1
2504,784,1041,-1
2505,487,85,-1
2506,632,387,-1
2507,794,1018,-1
2508,524,1384,1
2509,709,1407,-1
2510,632,839,-1
2511,75,126,-1
2512,546,1427,1
2513,809,1975,1
2514,394,1630,-1
2515,112,971,-1
2516,478,969,-1
2517,80,915,-1
2518,389,924,-1
2519,496,1309,1
2520,444,1159,1
2521,582,211,-1
2522,398,498,-1
2523,347,992,1
2524,344,103,1
2525,670,1686,1
2526,593,984,-1
2527,526,613,-1
2528,111,1465,-1
2529,116,793,-1
2530,564,150,-1
2531,534,1090,1
2532,422,320,-1
2533,175,131,-1
2534,188,126,-1
2535,787,1172,-1
2536,470,1225,1
2537,293,832,1
2538,818,436,-1
2539,597,1510,1
2540,661,1776,-1
2541,462,1718,-1
2542,189,1699,-1
2543,210,361,-1
2544,214,2006,-1
2545,54,139,1
2546,579,1489,1
2547,694,606,-1
2548,656,829,-1
2549,626,194,-1
2550,528,1985,-1
2551,289,800,1
2552,788,1251,-1
2553,588,1275,-1
2554,273,355,-1
2555,824,288,-1
2556,401,1098,1
2557,670,1687,1
2558,82,227,1
2559,340,970,1
2560,433,603,-1
2561,494,1032,-1
2562,9,24,1
2563,396,1080,1
2564,801,1963,1
2565,210,616,1
2566,524,1191,1
2567,89,259,1
2568,499,1315,1
2569,823,308,-1
2570,352,179,-1
2571,622,1582,1
2572,4,8,1
2573,592,1502,1
2574,363,1031,1
2575,698,1764,1
2576,608,169,-1
2577,143,1962,-1
2578,630,1593,1
2579,144,394,1
2580,616,1288,-1
2581,739,1832,1
2582,558,1292,1
2583,244,2034,-1
2584,546,754,-1
2585,100,1493,-1
2586,15,38,1
2587,34,51,-1
2588,743,1081,-1
2589,293,844,1
2590,682,1898,-1
2591,823,1249,-1
2592,602,634,-1
2593,518,1352,1
2594,271,197,-1
2595,24,190,-1
2596,29,133,-1
2597,427,1796,-1
2598,79,205,1
2599,554,1066,-1
2600,365,1034,1
2601,397,471,-1
2602,783,1465,1
2603,527,997,-1
2604,224,657,1
2605,293,831,1
2606,600,1547,1
2607,234,685,1
2608,155,1642,-1
2609,105,290,1
2610,134,1856,-1
2611,312,867,1
2612,473,1254,1
2613,181,56,-1
2614,335,954,1
2615,391,1075,1
2616,212,619,1
2617,733,1806,1
2618,79,210,1
2619,518,1728,-1
2620,595,1505,1
2621,277,1950,-1
2622,469,278,1
2623,297,134,-1
2624,78,196,1
2625,508,850,-1
2626,312,759,-1
2627,193,1974,-1
2628,520,1358,1
2629,602,30,-1
2630,159,514,1
2631,137,1895,-1
2632,712,1786,1
2633,259,989,-1
2634,419,1880,-1
2635,167,1185,-1
2636,253,772,-1
2637,86,384,-1
2638,489,879,-1
2639,583,500,-1
2640,65,535,-1
2641,347,2028,-1
2642,302,1843,-1
2643,289,801,1
2644,443,1158,1
2645,338,813,-1
2646,44,203,-1
2647,602,1556,1
2648,140,1531,-1
2649,394,579,-1
2650,388,947,-1
2651,774,1912,1
2652,184,266,-1
2653,116,66,-1
2654,394,687,-1
2655,600,1538,1
2656,564,910,-1
2657,604,861,-1
2658,141,1581,-1
2659,254,329,1
2660,343,145,-1
2661,413,1122,1
2662,411,351,-1
2663,574,325,-1
2664,189,1762,-1
2665,768,1907,1
2666,217,1555,-1
2667,61,157,1
2668,399,1108,1
2669,105,291,1
2670,333,949,1
2671,89,257,1
2672,829,1044,1
2673,655,22,1
2674,122,392,-1
2675,415,278,1
2676,818,73,-1
2677,138,406,1
2678,490,1296,1
2679,213,870,-1
2680,314,877,1
2681,207,287,-1
2682,159,504,1
2683,20,67,1
2684,138,340,-1
2685,224,912,-1
2686,584,1816,-1
2687,640,1604,1
2688,37,116,-1
2689,666,1660,1
2690,298,1090,-1
2691,252,776,-1
2692,112,1743,-1
2693,805,1983,1
2694,105,1646,-1
2695,579,1549,-1
2696,275,1258,-1
2697,503,1324,1
2698,462,1198,1
2699,242,1286,-1
2700,60,148,1
2701,419,1127,1
2702,8,107,-1
2703,435,1146,1
2704,158,1705,-1
2705,308,861,1
2706,315,893,1
2707,669,1688,1
2708,535,1398,1
2709,405,1189,-1
2710,84,2038,-1
2711,687,1738,1
2712,405,277,-1
2713,266,1324,-1
2714,222,655,1
2715,226,660,1
2716,697,1770,1
2717,788,1926,1
2718,600,1539,1
2719,756,1870,1
2720,613,1572,1
2721,839,2032,1
2722,90,262,1
2723,471,1252,1
2724,749,261,-1
2725,199,586,1
2726,147,654,-1
2727,766,1527,-1
2728,152,1343,-1
2729,510,1281,-1
2730,619,1580,1
2731,79,207,1
2732,675,844,-1
2733,494,446,-1
2734,567,9,-1
2735,829,153,-1
2736,395,917,-1
2737,544,1410,1
2738,36,1497,-1
2739,377,1049,1
2740,13,1462,-1
2741,388,1072,1
2742,213,622,1
2743,315,568,-1
2744,708,576,-1
2745,475,74,-1
2746,130,1476,-1
2747,808,1974,1
2748,281,789,1
2749,835,1766,-1
2750,353,1753,-1
2751,24,51,1
2752,636,112,-1
2753,592,295,-1
2754,799,1942,1
2755,271,1201,-1
2756,351,1002,1
2757,803,1811,-1
2758,122,364,1
2759,153,260,-1
2760,170,463,-1
2761,533,1394,1
2762,486,1289,1
2763,545,1424,1
2764,802,1966,1
2765,39,112,1
2766,788,1641,-1
2767,704,81,-1
2768,688,859,-1
2769,585,1495,1
2770,191,566,1
2771,37,1329,-1
2772,788,1402,-1
2773,353,1951,-1
2774,170,1302,-1
2775,57,159,1
2776,462,1199,1
2777,480,1282,1
2778,470,200,1
2779,54,138,1
2780,410,1118,1
2781,16,380,-1
2782,394,1077,1
2783,153,240,-1
2784,294,833,1
2785,427,611,-1
2786,276,1507,-1
2787,307,192,-1
2788,327,1706,-1
2789,425,17,-1
2790,22,53,1
2791,541,1403,1
2792,291,455,-1
2793,628,191,-1
2794,575,130,-1
2795,808,1987,1
2796,818,2004,1
2797,152,782,-1
2798,355,1868,-1
2799,202,124,1
2800,339,966,1
2801,40,620,-1
2802,790,1690,-1
2803,587,1497,1
2804,270,1193,-1
2805,449,1166,1
2806,210,1503,-1
2807,57,166,1
2808,741,1838,1
2809,477,709,-1
2810,170,1294,-1
2811,712,1841,-1
2812,68,1956,-1
2813,602,1824,-1
2814,266,515,-1
2815,695,1078,-1
2816,159,506,1
2817,795,1710,-1
2818,617,459,-1
2819,116,352,1
2820,283,1647,-1
2821,673,1373,-1
2822,385,460,-1
2823,644,718,-1
2824,163,520,1
2825,733,985,-1
2826,19,59,1
2827,322,921,1
2828,298,743,-1
2829,166,921,-1
2830,97,279,1
2831,428,1138,1
2832,597,1522,1
2833,241,532,-1
2834,454,1350,-1
2835,423,1299,-1
2836,11,646,-1
2837,713,1248,-1
2838,711,935,-1
2839,150,443,1
2840,474,1255,1
2841,803,482,-1
2842,469,653,1
2843,469,1221,1
2844,481,558,-1
2845,224,1444,-1
2846,281,785,1
2847,202,1709,-1
2848,552,1439,1
2849,835,309,-1
2850,758,1484,-1
2851,640,1003,-1
2852,19,49,1
2853,579,1470,1
2854,796,289,-1
2855,574,1459,1
2856,104,1434,-1
2857,279,781,1
2858,709,1217,-1
2859,714,1436,-1
2860,471,1240,1
2861,88,1153,-1
2862,144,417,1
2863,465,1892,-1
2864,0,0,1
2865,312,332,-1
2866,826,1398,-1
2867,664,1474,-1
2868,337,948,1
2869,759,1869,1
2870,469,277,1
2871,63,175,1
2872,541,1351,-1
2873,64,926,-1
2874,163,503,1
2875,694,339,-1
2876,469,1224,1
2877,520,1376,1
2878,355,167,-1
2879,670,1682,1
2880,398,1101,1
2881,687,1724,1
2882,722,372,-1
2883,657,142,-1
2884,257,747,1
2885,477,126,1
2886,101,239,-1
2887,133,998,-1
2888,355,1019,1
2889,472,1247,1
2890,63,1374,-1
2891,403,333,-1
2892,4,212,-1
2893,469,1213,1
2894,255,115,-1
2895,96,103,-1
2896,158,523,1
2897,682,1540,-1
2898,586,1616,-1
2899,131,374,1
2900,688,1734,1
2901,830,1636,-1
2902,41,433,-1
2903,662,278,-1
2904,8,1514,-1
2905,586,1472,-1
2906,485,283,-1
2907,114,2004,-1
2908,682,2037,-1
2909,140,412,1
2910,207,613,1
2911,776,1299,1
2912,531,1393,1
2913,356,1024,1
2914,736,1809,1
2915,29,80,1
2916,24,73,1
2917,265,1298,-1
2918,716,359,-1
2919,230,627,-1
2920,463,1206,1
2921,306,811,-1
2922,391,1000,-1
2923,5,692,-1
2924,455,1872,-1
2925,695,748,1
2926,711,22,-1
2927,26,344,-1
2928,686,1732,1
2929,519,790,1
2930,158,498,1
2931,426,1136,1
2932,195,1657,-1
2933,156,479,1
2934,399,1086,1
2935,665,1348,-1
2936,559,1079,1
2937,137,382,1
2938,187,1332,-1
2939,776,1573,-1
2940,833,640,1
2941,470,204,1
2942,307,267,-1
2943,600,1686,-1
2944,293,841,1
2945,310,1867,-1
2946,253,307,-1
2947,616,569,-1
2948,111,90,-1
2949,287,795,1
2950,378,1051,1
2951,780,667,-1
2952,290,391,-1
2953,557,1134,-1
2954,579,1476,1
2955,791,1326,1
2956,684,1938,-1
2957,201,600,1
2958,469,1219,1
2959,200,593,1
2960,629,1865,-1
2961,273,527,-1
2962,839,2023,1
2963,116,348,1
2964,108,319,1
2965,84,1774,-1
2966,306,1261,-1
2967,408,1349,-1
2968,600,1548,1
2969,820,2007,1
2970,772,1909,1
2971,573,1972,-1
2972,509,1329,1
2973,429,1345,-1
2974,623,989,1
2975,626,1590,1
2976,693,660,-1
2977,763,1901,1
2978,203,610,1
2979,261,1991,-1
2980,752,1082,-1
2981,191,1448,-1
2982,670,1701,1
2983,469,1216,1
2984,830,997,1
2985,60,162,1
2986,650,1627,1
2987,761,1882,1
2988,90,1617,-1
2989,153,617,-1
2990,74,5,-1
2991,46,1336,-1
2992,140,186,1
2993,56,141,1
2994,7,22,1
2995,118,11,-1
2996,664,1640,1
2997,339,976,1
2998,216,629,1
2999,182,1190,-1
3000,184,406,-1
3001,475,1272,1
3002,134,378,1
3003,308,862,1
3004,275,1328,-1
3005,364,1050,1
3006,432,1363,-1
3007,162,522,1
3008,568,798,-1
3009,685,1722,1
3010,713,1787,1
3011,590,204,-1
3012,370,1040,1
3013,821,1977,-1
3014,257,440,-1
3015,782,575,-1
3016,710,1785,1
3017,435,517,-1
3018,608,1563,1
3019,480,195,-1
3020,401,729,-1
3021,788,1927,1
3022,807,1996,1
3023,401,782,1
3024,271,766,1
3025,579,1485,1
3026,92,264,1
3027,551,1931,-1
3028,481,1538,-1
3029,193,1611,-1
3030,324,925,1
3031,807,1972,1
3032,96,927,-1
3033,412,1969,-1
3034,692,449,-1
3035,579,1474,1
3036,405,1214,-1
3037,727,987,1
3038,623,1212,-1
3039,810,1986,1
3040,810,1635,-1
3041,673,1410,-1
3042,473,1260,1
3043,679,1711,1
3044,831,2013,1
3045,790,725,-1
3046,571,360,-1
3047,254,737,1
3048,55,1225,-1
3049,496,1305,1
3050,498,1926,-1
3051,598,1589,-1
3052,783,1475,1
3053,102,284,1
3054,791,1734,-1
3055,427,1499,-1
3056,533,1254,-1
3057,407,1115,1
3058,373,1044,1
3059,166,748,-1
3060,544,1421,1
3061,124,1278,-1
3062,53,134,1
3063,373,869,-1
3064,807,2001,1
3065,78,209,1
3066,586,1422,-1
3067,96,272,1
3068,561,1159,-1
3069,32,88,1
3070,206,548,-1
3071,446,1081,-1
3072,108,294,1
3073,105,300,-1
3074,190,558,1
3075,586,1696,-1
3076,107,311,1
3077,152,1123,-1
3078,802,1965,1
3079,158,513,1
3080,756,1855,1
3081,18,1369,-1
3082,682,720,-1
3083,722,1530,-1
3084,281,171,-1
3085,382,502,-1
3086,162,519,1
3087,29,1485,-1
3088,108,304,1
3089,544,1415,1
3090,717,253,-1
3091,495,1301,1
3092,764,372,-1
3093,400,1096,1
3094,442,1157,1
3095,471,1248,1
3096,781,400,-1
3097,398,91,-1
3098,290,813,1
3099,97,734,-1
3100,789,1928,1
3101,614,1573,1
3102,562,773,-1
3103,621,46,-1
3104,17,138,-1
3105,79,1805,-1
3106,744,1841,1
3107,478,1376,-1
3108,615,946,-1
3109,446,370,-1
3110,415,360,1
3111,203,617,1
3112,202,1208,-1
3113,569,989,-1
3114,230,714,1
3115,803,1764,-1
3116,799,1954,1
3117,585,618,-1
3118,688,1729,1
3119,447,1176,1
3120,566,1474,-1
3121,836,1887,-1
3122,631,265,-1
3123,419,918,-1
3124,62,158,1
3125,353,537,-1
3126,738,1820,1
3127,322,1264,-1
3128,785,1921,1
3129,123,366,1
3130,225,716,-1
3131,799,1945,1
3132,558,1445,1
3133,330,1917,-1
3134,231,232,-1
3135,468,96,-1
3136,95,494,-1
3137,570,1456,1
3138,86,237,1
3139,518,1347,1
3140,734,1816,1
3141,155,567,-1
3142,733,206,-1
3143,825,2010,1
3144,199,607,1
3145,115,139,-1
3146,381,1055,1
3147,104,219,1
3148,149,423,1
3149,96,277,1
3150,316,382,-1
3151,320,922,1
3152,10,27,1
3153,512,1587,-1
3154,69,753,-1
3155,444,516,-1
3156,710,1697,-1
3157,600,1549,1
3158,238,709,1
3159,641,1988,-1
3160,330,941,1
3161,438,999,-1
3162,33,496,-1
3163,167,763,-1
3164,496,883,-1
3165,666,1644,1
3166,32,1400,-1
3167,323,923,1
3168,440,1165,1
3169,518,1346,1
3170,135,419,1
3171,167,1973,-1
3172,57,174,1
3173,703,131,1
3174,674,1894,-1
3175,198,583,1
3176,672,2011,-1
3177,146,398,1
3178,156,482,1
3179,183,1729,-1
3180,170,1968,-1
3181,179,1236,-1
3182,289,804,1
3183,495,297,-1
3184,354,595,-1
3185,674,2024,-1
3186,293,827,1
3187,255,540,-1
3188,582,1111,-1
3189,565,541,-1
3190,712,1475,-1
3191,628,654,1
3192,347,1744,-1
3193,666,1658,1
3194,502,1637,-1
3195,64,1346,-1
3196,305,50,-1
3197,779,938,-1
3198,491,1297,1
3199,562,1221,-1
3200,799,1959,1
3201,138,402,1
3202,763,1894,1
3203,47,965,-1
3204,115,1750,-1
3205,45,209,-1
3206,594,877,-1
3207,661,1757,-1
3208,678,1710,1
3209,323,924,1
3210,472,1236,1
3211,448,1163,1
3212,580,149,-1
3213,334,946,1
3214,154,465,1
3215,78,213,1
3216,220,644,1
3217,159,491,1
3218,467,276,-1
3219,579,1483,1
3220,235,44,-1
3221,600,1527,1
3222,759,1871,1
3223,170,529,1
3224,540,1011,-1
3225,400,1092,1
3226,347,777,-1
3227,763,1897,1
3228,629,795,-1
3229,332,936,1
3230,25,669,-1
3231,153,487,1
3232,109,307,1
3233,51,130,1
3234,89,249,1
3235,522,1888,-1
3236,472,1244,1
3237,675,834,-1
3238,586,1234,-1
3239,810,1994,1
3240,219,635,1
3241,200,584,1
3242,312,881,1
3243,557,385,-1
3244,282,790,1
3245,488,1590,-1
3246,313,1127,-1
3247,96,276,1
3248,386,165,-1
3249,11,29,1
3250,707,1488,-1
3251,167,805,-1
3252,645,1608,1
3253,343,156,-1
3254,834,1177,-1
3255,570,45,-1
3256,558,542,-1
3257,300,901,-1
3258,769,1473,1
3259,686,1743,1
3260,60,146,1
3261,220,647,1
3262,24,1303,-1
3263,734,1813,1
3264,592,1195,-1
3265,191,561,1
3266,526,1044,-1
3267,21,46,1
3268,262,1214,-1
3269,220,637,1
3270,689,1752,1
3271,296,573,1
3272,241,1012,-1
3273,310,863,1
3274,472,1250,1
3275,616,1009,-1
3276,748,838,-1
3277,546,1487,-1
3278,289,807,1
3279,615,1664,-1
3280,602,1232,-1
3281,252,1437,-1
3282,600,1555,1
3283,758,1858,1
3284,14,33,1
3285,680,1712,1
3286,515,260,1
3287,110,1463,-1
3288,789,260,-1
3289,355,1022,1
3290,201,587,1
3291,260,797,-1
3292,294,840,1
3293,5,9,1
3294,799,1952,1
3295,133,1382,-1
3296,737,1822,1
3297,274,769,1
3298,599,69,-1
3299,374,509,-1
3300,537,202,-1
3301,310,626,-1
3302,522,953,-1
3303,820,2005,1
3304,294,828,1
3305,463,1197,1
3306,165,1878,-1
3307,27,78,1
3308,795,1739,-1
3309,283,1070,-1
3310,56,164,-1
3311,438,784,-1
3312,773,1910,1
3313,215,1178,-1
3314,84,232,1
3315,694,1144,-1
3316,230,129,-1
3317,2,2,1
3318,602,817,-1
3319,356,329,-1
3320,205,621,1
3321,654,1629,1
3322,528,1389,1
3323,546,1045,-1
3324,477,610,-1
3325,355,1013,1
3326,446,1194,1
3327,515,261,1
3328,318,911,1
3329,142,389,1
3330,94,1832,-1
3331,293,842,1
3332,552,1420,-1
3333,241,701,1
3334,289,306,-1
3335,110,1675,-1
3336,10,1995,-1
3337,222,188,-1
3338,109,306,1
3339,597,1511,1
3340,752,1347,-1
3341,716,774,1
3342,111,698,-1
3343,16,323,-1
3344,330,860,-1
3345,666,1649,1
3346,119,232,-1
3347,451,1183,1
3348,315,26,-1
3349,694,474,-1
3350,254,742,1
3351,669,1681,1
3352,302,1830,-1
3353,489,1294,1
3354,839,2038,1
3355,645,1201,1
3356,623,2025,-1
3357,219,651,1
3358,377,802,-1
3359,407,1792,-1
3360,746,375,-1
3361,501,1320,1
3362,414,122,-1
3363,253,729,1
3364,224,1331,-1
3365,579,860,-1
3366,679,1714,-1
3367,717,583,-1
3368,545,1422,1
3369,488,163,-1
3370,490,749,-1
3371,10,26,1
3372,254,331,1
3373,327,139,-1
3374,341,985,1
3375,583,1907,-1
3376,325,63,-1
3377,517,1520,-1
3378,351,1519,-1
3379,784,103,-1
3380,307,104,-1
3381,329,938,1
3382,586,1496,1
3383,737,1811,1
3384,63,1038,-1
3385,226,670,1
3386,536,486,-1
3387,549,131,-1
3388,293,843,1
3389,616,301,-1
3390,778,1915,1
3391,339,962,1
3392,315,887,1
3393,193,238,-1
3394,80,1732,-1
3395,799,1961,1
3396,71,183,1
3397,658,1635,1
3398,316,895,1
3399,21,74,1
3400,591,127,-1
3401,620,518,-1
3402,597,1512,1
3403,669,1700,1
3404,27,1046,-1
3405,266,241,-1
3406,642,880,-1
3407,251,727,1
3408,479,1760,-1
3409,331,943,1
3410,653,1617,1
3411,88,319,-1
3412,289,799,1
3413,419,1277,-1
3414,395,1078,1
3415,628,653,1
3416,58,155,1
3417,344,553,-1
3418,786,224,-1
3419,289,811,1
3420,482,372,1
3421,292,815,1
3422,425,277,-1
3423,160,493,1
3424,398,1083,1
3425,228,123,-1
3426,724,353,-1
3427,424,872,-1
3428,330,960,1
3429,458,1553,-1
3430,611,996,-1
3431,820,155,-1
3432,761,1879,1
3433,738,1818,1
3434,188,1546,-1
3435,355,1021,1
3436,538,435,-1
3437,475,1275,1
3438,681,1719,-1
3439,269,125,-1
3440,339,1912,-1
3441,720,346,-1
3442,116,351,1
3443,178,1561,-1
3444,130,836,-1
3445,617,296,-1
3446,610,130,-1
3447,244,1451,-1
3448,244,710,1
3449,839,2029,1
3450,738,180,1
3451,709,701,-1
3452,88,242,1
3453,823,2016,1
3454,472,1230,1
3455,244,704,1
3456,141,386,1
3457,649,1620,1
3458,173,1016,-1
3459,124,1201,-1
3460,469,271,1
3461,433,733,-1
3462,535,845,-1
3463,32,85,1
3464,254,732,1
3465,425,1135,1
3466,8,2016,-1
3467,472,1245,1
3468,779,1210,1
3469,358,136,1
3470,311,885,1
3471,674,1148,-1
3472,333,934,1
3473,184,545,1
3474,193,185,-1
3475,367,768,-1
3476,598,185,-1
3477,630,790,-1
3478,428,1944,-1
3479,387,825,-1
3480,756,312,-1
3481,533,871,-1
3482,764,1903,1
3483,39,106,1
3484,746,295,1
3485,140,430,1
3486,667,1670,1
3487,839,2036,1
3488,470,801,-1
3489,824,2014,1
3490,437,198,-1
3491,58,169,1
3492,637,1818,-1
3493,735,1823,1
3494,492,1298,1
3495,799,1936,1
3496,497,1121,-1
3497,609,1568,1
3498,411,1119,1
3499,402,1089,1
3500,763,1891,1
3501,821,1532,-1
3502,763,1892,1
3503,91,114,-1
3504,785,651,-1
3505,289,806,1
3506,214,1010,-1
3507,757,1593,-1
3508,347,2003,-1
3509,100,282,1
3510,701,1694,-1
3511,818,1869,-1
3512,774,416,-1
3513,507,1155,-1
3514,0,1241,-1
3515,281,1971,-1
3516,648,186,-1
3517,795,929,-1
3518,495,678,-1
3519,518,1349,1
3520,360,39,-1
3521,520,785,1
3522,288,278,-1
3523,0,1272,-1
3524,808,1997,1
3525,779,1298,-1
3526,469,1222,1
3527,782,967,-1
3528,743,1840,1
3529,451,1204,1
3530,726,1800,1
3531,803,1967,1
3532,839,2040,1
3533,160,1099,-1
3534,35,1287,-1
3535,468,363,1
3536,23,55,1
3537,154,473,1
3538,18,43,1
3539,327,1721,-1
3540,670,1691,1
3541,560,1447,1
3542,109,316,1
3543,475,1270,1
3544,799,1948,1
3545,242,552,-1
3546,296,828,-1
3547,480,2018,-1
3548,556,235,-1
3549,787,16,-1
3550,659,1711,-1
3551,518,1153,1
3552,194,1295,-1
3553,689,199,-1
3554,10,14,-1
3555,84,235,1
3556,666,1667,1
3557,670,1679,1
3558,340,974,1
3559,103,1914,-1
3560,694,151,-1
3561,201,750,-1
3562,755,1377,-1
3563,371,1041,1
3564,631,1415,-1
3565,793,1126,-1
3566,169,1265,-1
3567,586,262,-1
3568,438,1153,1
3569,107,296,1
3570,175,1442,-1
3571,722,264,-1
3572,317,915,1
3573,483,1380,-1
3574,529,22,-1
3575,469,1211,1
3576,37,1384,-1
3577,324,279,-1
3578,739,1285,-1
3579,677,1355,-1
3580,8,888,-1
3581,150,454,1
3582,2,5,1
3583,294,821,1
3584,687,1735,1
3585,108,322,1
3586,45,1360,-1
3587,681,1645,-1
3588,645,939,-1
3589,50,1654,-1
3590,519,1378,1
3591,312,865,1
3592,838,863,-1
3593,763,1895,1
3594,94,932,-1
3595,230,541,1
3596,136,381,1
3597,119,326,-1
3598,607,842,-1
3599,746,1619,-1
3600,54,1470,-1
3601,755,1057,-1
3602,201,592,1
3603,293,822,1
3604,108,318,1
3605,521,497,-1
3606,686,183,1
3607,293,845,1
3608,667,800,-1
3609,554,1942,-1
3610,54,1740,-1
3611,652,367,-1
3612,147,1663,-1
3613,170,1825,-1
3614,450,318,-1
3615,46,1088,-1
3616,164,357,-1
3617,469,860,1
3618,289,810,1
3619,607,881,-1
3620,698,1766,1
3621,150,446,1
3622,109,303,1
3623,798,110,1
3624,725,64,-1
3625,439,21,-1
3626,763,1884,1
3627,472,1234,1
3628,108,324,1
3629,56,2023,-1
3630,626,1589,1
3631,643,1423,-1
3632,822,2000,-1
3633,665,1473,-1
3634,634,1597,1
3635,559,723,-1
3636,43,366,-1
3637,616,1592,-1
3638,155,470,1
3639,528,1649,-1
3640,420,1130,1
3641,480,1726,-1
3642,387,703,-1
3643,40,117,1
3644,734,1810,1
3645,573,1458,1
3646,308,609,-1
3647,304,857,1
3648,349,994,1
3649,10,1006,-1
3650,151,457,1
3651,240,24,-1
3652,689,1626,-1
3653,315,1357,-1
3654,493,250,-1
3655,412,1121,1
3656,415,822,-1
3657,735,1808,1
3658,437,1152,1
3659,480,1284,1
3660,698,1763,1
3661,734,1814,1
3662,266,756,1
3663,696,404,-1
3664,191,559,1
3665,666,1656,1
3666,204,1585,-1
3667,780,1395,-1
3668,8,25,1
3669,110,860,-1
3670,376,1057,1
3671,469,1210,1
3672,739,1836,1
3673,32,84,1
3674,603,1557,1
3675,520,1200,-1
3676,771,1840,-1
3677,417,437,-1
3678,719,539,-1
3679,588,102,-1
3680,254,738,1
3681,799,1957,1
3682,822,2008,1
3683,163,502,1
3684,799,1939,1
3685,734,193,-1
3686,430,940,-1
3687,239,718,1
3688,839,2021,1
3689,628,1864,-1
3690,162,521,1
3691,603,1494,-1
3692,256,746,1
3693,531,1392,1
3694,111,533,-1
3695,742,1839,1
3696,485,1288,1
3697,720,1920,-1
3698,578,1343,-1
3699,117,1698,-1
3700,610,1700,-1
3701,126,369,1
3702,599,1526,1
3703,473,1405,-1
3704,540,507,-1
3705,747,731,-1
3706,589,607,-1
3707,429,1139,1
3708,631,1594,1
3709,783,61,-1
3710,687,916,-1
3711,763,1889,1
3712,394,468,-1
3713,770,128,1
3714,666,1663,1
3715,85,236,1
3716,47,127,1
3717,116,350,1
3718,57,163,1
3719,544,1420,1
3720,713,1478,-1
3721,323,78,-1
3722,19,1528,-1
3723,692,1754,1
3724,472,1249,1
3725,585,1677,-1
3726,120,1237,-1
3727,468,295,-1
3728,153,463,1
3729,349,760,-1
3730,737,1835,1
3731,527,1683,-1
3732,311,702,-1
3733,757,1877,1
3734,327,1586,-1
3735,799,1951,1
3736,677,1042,-1
3737,39,97,1
3738,677,1708,1
3739,489,851,-1
3740,345,988,1
3741,755,1330,-1
3742,746,1850,1
3743,374,584,-1
3744,606,893,-1
3745,188,2007,-1
3746,150,442,1
3747,180,541,1
3748,476,1261,1
3749,96,274,1
3750,356,25,-1
3751,676,1413,-1
3752,65,177,1
3753,140,426,1
3754,793,401,-1
3755,473,1269,1
3756,547,1923,-1
3757,645,1238,-1
3758,173,1525,-1
3759,418,1219,-1
3760,426,369,-1
3761,580,1491,1
3762,600,1536,1
3763,610,1883,-1
3764,546,1426,1
3765,645,1170,-1
3766,252,728,1
3767,641,1075,-1
3768,295,360,1
3769,663,1639,1
3770,441,1772,-1
3771,154,474,1
3772,530,560,-1
3773,757,1856,1
3774,44,645,-1
3775,424,1998,-1
3776,587,1461,-1
3777,97,242,-1
3778,106,1515,-1
3779,269,760,1
3780,178,539,1
3781,137,648,-1
3782,342,865,-1
3783,731,1213,1
3784,19,77,1
3785,269,762,1
3786,210,746,-1
3787,779,348,-1
3788,669,697,-1
3789,691,748,1
3790,342,978,1
3791,247,748,-1
3792,752,1756,-1
3793,56,395,-1
3794,226,661,1
3795,826,1038,1
3796,226,674,1
3797,302,853,1
3798,150,449,1
3799,248,612,-1
3800,738,1827,1
3801,699,1772,1
3802,469,1071,1
3803,254,735,1
3804,42,121,1
3805,276,1323,-1
3806,235,686,1
3807,608,671,-1
3808,609,1509,-1
3809,614,594,-1
3810,66,827,-1
3811,496,1976,-1
3812,540,1402,1
3813,522,379,-1
3814,519,1360,1
3815,724,1796,1
3816,829,650,-1
3817,839,2033,1
3818,775,1913,1
3819,248,1086,-1
3820,12,31,1
3821,727,848,-1
3822,804,1968,1
3823,651,1624,1
3824,766,1905,1
3825,344,508,-1
3826,24,69,1
3827,482,6,-1
3828,519,788,1
3829,396,1081,1
3830,176,536,1
3831,356,907,-1
3832,605,1313,-1
3833,433,1144,1
3834,797,1849,-1
3835,169,1042,-1
3836,67,951,-1
3837,514,878,-1
3838,553,1441,1
3839,181,110,-1
3840,446,1196,1
3841,112,189,-1
3842,69,928,-1
3843,91,263,1
3844,235,1602,-1
3845,355,1536,-1
3846,813,803,-1
3847,519,1373,1
3848,779,914,-1
3849,733,1270,-1
3850,697,1774,1
3851,317,849,-1
3852,160,495,1
3853,769,83,-1
3854,574,605,-1
3855,112,335,1
3856,404,774,-1
3857,745,1268,-1
3858,441,735,-1
3859,46,557,-1
3860,839,2034,1
3861,279,778,1
3862,318,903,1
3863,553,1440,1
3864,254,731,1
3865,325,950,1
3866,377,1213,-1
3867,532,900,-1
3868,185,1666,-1
3869,27,61,1
3870,666,1645,1
3871,588,1498,1
3872,562,593,-1
3873,744,1983,-1
3874,313,217,-1
3875,513,395,1
3876,45,930,-1
3877,55,140,1
3878,469,1217,1
3879,111,196,-1
3880,579,1467,1
3881,40,1100,-1
3882,76,191,1
3883,220,634,1
3884,126,1262,-1
3885,771,226,1
3886,116,356,1
3887,431,596,-1
3888,619,1578,1
3889,19,57,1
3890,789,327,-1
3891,278,1648,-1
3892,116,354,1
3893,54,854,-1
3894,89,247,1
3895,579,1468,1
3896,726,1550,-1
3897,795,1932,1
3898,799,1110,-1
3899,198,98,-1
3900,782,1918,1
3901,317,896,1
3902,757,1876,1
3903,96,275,1
3904,823,2009,1
3905,471,40,1
3906,707,31,-1
3907,721,659,-1
3908,132,375,1
3909,809,2002,1
3910,424,1516,-1
3911,562,170,-1
3912,519,1366,1
3913,741,1563,-1
3914,500,1317,1
3915,192,727,-1
3916,345,989,1
3917,320,571,-1
3918,677,1715,-1
3919,8,1565,-1
3920,726,1328,1
3921,673,1558,-1
3922,28,66,1
3923,477,981,-1
3924,355,1020,1
3925,712,662,-1
3926,825,1578,-1
3927,651,1613,1
3928,769,1477,1
3929,394,101,-1
3930,417,1372,-1
3931,39,113,1
3932,88,243,1
3933,520,1356,1
3934,344,116,1
3935,193,1496,-1
3936,658,963,-1
3937,336,951,1
3938,782,1419,-1
3939,142,404,1
3940,260,20,-1
3941,359,1027,1
3942,39,116,1
3943,141,1965,-1
3944,346,990,1
3945,431,1583,-1
3946,89,245,1
3947,134,1250,-1
3948,221,653,1
3949,583,1982,-1
3950,156,1784,-1
3951,715,1119,-1
3952,35,92,1
3953,616,1992,-1
3954,39,114,1
3955,496,1303,1
3956,276,61,-1
3957,585,234,-1
3958,675,389,-1
3959,266,980,-1
3960,31,666,-1
3961,41,118,1
3962,735,1819,1
3963,286,1174,-1
3964,808,1990,1
3965,58,161,1
3966,90,261,1
3967,584,783,-1
3968,472,1243,1
3969,89,244,1
3970,564,1607,-1
3971,265,755,1
3972,182,543,1
3973,392,1076,1
3974,490,988,-1
3975,530,1674,-1
3976,192,571,1
3977,294,824,1
3978,519,1375,1
3979,695,1676,-1
3980,219,639,1
3981,397,1394,-1
3982,434,1900,-1
3983,417,1125,1
3984,181,922,-1
3985,537,1751,-1
3986,455,751,-1
3987,500,2002,-1
3988,757,336,-1
3989,548,657,-1
3990,193,1526,-1
3991,193,1996,-1
3992,640,304,-1
3993,489,1295,1
3994,312,870,1
3995,317,901,1
3996,30,2008,-1
3997,226,664,1
3998,6,14,1
3999,636,303,-1
4000,335,939,1
4001,561,1597,-1
4002,379,1070,1
4003,772,1737,-1
4004,87,238,1
4005,619,1605,-1
4006,466,1208,1
4007,602,401,-1
4008,449,670,-1
4009,47,80,-1
4010,714,372,1
4011,226,672,1
4012,57,167,1
4013,373,273,-1
4014,600,1532,1
4015,400,1095,1
4016,744,1797,-1
4017,112,1639,-1
4018,772,1218,-1
4019,596,177,-1
4020,569,1315,-1
4021,686,1744,1
4022,632,1295,1
4023,95,269,1
4024,215,405,-1
4025,525,1386,1
4026,465,1207,1
4027,564,1451,1
4028,79,212,1
4029,594,1787,-1
4030,116,340,1
4031,293,818,1
4032,597,1508,1
4033,819,273,1
4034,673,1704,1
4035,431,808,-1
4036,278,775,1
4037,833,1896,-1
4038,136,405,1
4039,629,1592,1
4040,543,995,-1
4041,447,580,-1
4042,114,338,1
4043,321,920,1
4044,831,545,-1
4045,839,2022,1
4046,651,1631,1
4047,129,371,1
4048,539,1298,1
4049,229,725,1
4050,313,1098,-1
4051,550,1301,-1
4052,41,122,1
4053,22,52,1
4054,3,18,1
4055,471,38,1
4056,802,28,-1
4057,158,207,-1
4058,342,969,1
4059,435,833,-1
4060,498,1316,1
4061,271,920,-1
4062,779,1451,-1
4063,10,1191,-1
4064,489,1146,-1
4065,38,95,1
4066,544,1409,1
4067,261,68,-1
4068,647,952,-1
4069,428,345,-1
4070,598,1525,1
4071,66,145,1
4072,557,906,-1
4073,584,1494,1
4074,243,703,1
4075,483,722,-1
4076,757,1321,-1
4077,70,182,1
4078,152,458,1
4079,255,1870,-1
4080,315,876,1
4081,825,1852,-1
4082,19,71,1
4083,691,948,-1
4084,515,1338,1
4085,696,1760,1
4086,524,1761,-1
4087,715,1628,-1
4088,786,152,-1
4089,496,1310,1
4090,446,1161,1
4091,769,1481,1
4092,579,1490,1
4093,75,592,-1
4094,360,1028,1
4095,551,1438,1
4096,828,2012,1
4097,82,726,-1
4098,220,646,1
4099,23,63,1
4100,676,1707,1
4101,682,1633,-1
4102,54,775,-1
4103,150,445,1
4104,145,396,1
4105,525,1385,1
4106,226,665,1
4107,457,1077,-1
4108,597,1509,1
4109,464,1205,1
4110,735,1821,1
4111,327,1139,-1
4112,772,1498,-1
4113,350,998,1
4114,62,173,1
4115,317,912,1
4116,325,841,-1
4117,693,342,-1
4118,110,330,1
4119,300,851,1
4120,538,601,-1
4121,535,1397,1
4122,106,292,1
4123,8,1921,-1
4124,533,1882,-1
4125,110,1500,-1
4126,72,1429,-1
4127,129,372,1
4128,703,847,-1
4129,119,520,-1
4130,213,1569,-1
4131,832,372,1
4132,806,1982,1
4133,439,354,-1
4134,763,1886,1
4135,312,888,1
4136,507,2010,-1
4137,477,1879,-1
4138,148,94,-1
4139,646,1479,-1
4140,327,929,1
4141,690,1753,1
4142,532,2036,-1
4143,684,1389,-1
4144,657,1656,-1
4145,427,1137,1
4146,130,2030,-1
4147,518,1341,1
4148,700,2020,-1
4149,639,158,-1
4150,766,639,-1
4151,165,1283,-1
4152,636,1601,1
4153,604,1559,1
4154,489,631,-1
4155,240,736,-1
4156,307,278,1
4157,296,1685,-1
4158,575,1875,-1
4159,110,329,1
4160,57,152,1
4161,238,708,1
4162,125,368,1
4163,109,308,1
4164,683,1718,1
4165,597,1515,1
4166,18,42,1
4167,701,290,-1
4168,148,410,1
4169,658,1958,-1
4170,592,1789,-1
4171,227,691,1
4172,244,719,1
4173,320,917,1
4174,90,1300,-1
4175,670,1676,1
4176,344,102,1
4177,311,880,1
4178,620,1351,1
4179,684,541,-1
4180,163,510,1
4181,286,794,1
4182,289,798,1
4183,728,1162,-1
4184,546,1432,1
4185,600,1531,1
4186,265,1246,-1
4187,693,1815,-1
4188,623,1586,1
4189,512,1223,-1
4190,819,1403,-1
4191,176,785,-1
4192,686,1749,1
4193,568,347,-1
4194,130,373,1
4195,263,1443,-1
4196,836,530,-1
4197,299,10,-1
4198,800,1962,1
4199,593,1396,-1
4200,799,1958,1
4201,644,321,-1
4202,670,1673,1
4203,347,1307,-1
4204,170,1604,-1
4205,580,25,1
4206,627,1591,1
4207,426,1596,-1
4208,171,1453,-1
4209,670,1690,1
4210,721,317,-1
4211,620,314,-1
4212,816,1806,-1
4213,579,1482,1
4214,209,302,-1
4215,108,315,1
4216,200,1085,-1
4217,657,126,1
4218,584,591,-1
4219,568,1831,-1
4220,799,1955,1
4221,78,211,1
4222,91,363,-1
4223,280,783,1
4224,605,1755,-1
4225,39,105,1
4226,227,1464,-1
4227,720,556,-1
4228,521,1379,1
4229,750,699,-1
4230,191,556,1
4231,56,2027,-1
4232,301,281,-1
4233,526,1387,1
4234,147,966,-1
4235,207,578,-1
4236,609,259,-1
4237,108,313,1
4238,439,1154,1
4239,212,37,-1
4240,220,640,1
4241,28,70,1
4242,100,410,-1
4243,421,1129,1
4244,364,1053,1
4245,616,997,-1
4246,147,403,1
4247,500,1693,-1
4248,615,1957,-1
4249,308,144,-1
4250,779,860,1
4251,199,121,1
4252,769,752,-1
4253,838,2020,1
4254,719,222,-1
4255,294,817,1
4256,576,1049,-1
4257,206,612,1
4258,597,1520,1
4259,282,786,1
4260,708,852,-1
4261,215,625,1
4262,149,416,1
4263,738,1834,1
4264,138,243,-1
4265,59,149,1
4266,520,573,-1
4267,579,1480,1
4268,208,614,1
4269,783,744,-1
4270,276,136,-1
4271,233,1194,-1
4272,57,142,1
4273,184,329,-1
4274,218,1643,-1
4275,685,1746,1
4276,56,1165,-1
4277,131,1291,-1
4278,256,136,-1
4279,807,268,1
4280,676,530,-1
4281,665,581,-1
4282,96,2022,-1
4283,839,2031,1
4284,201,606,1
4285,472,1253,1
4286,226,678,1
4287,367,47,-1
4288,623,1026,-1
4289,478,1278,1
4290,250,479,-1
4291,432,1141,1
4292,434,1145,1
4293,58,144,1
4294,321,1260,-1
4295,822,1411,-1
4296,656,530,1
4297,46,1460,-1
4298,672,794,1
4299,328,1959,-1
4300,390,1074,1
4301,799,1941,1
4302,172,36,-1
4303,703,1457,-1
4304,491,256,-1
4305,670,1694,1
4306,423,538,-1
4307,715,987,-1
4308,70,1486,-1
4309,554,249,-1
4310,305,856,1
4311,519,1370,1
4312,140,385,1
4313,271,1790,-1
4314,49,42,-1
4315,281,464,-1
4316,456,704,-1
4317,153,466,1
4318,621,1581,1
4319,472,1228,1
4320,780,1916,1
4321,570,789,-1
4322,398,1099,1
4323,767,1561,1
4324,289,812,1
4325,200,581,1
4326,211,1279,-1
4327,39,109,1
4328,297,1481,-1
4329,355,1017,1
4330,472,1241,1
4331,223,656,1
4332,89,251,1
4333,484,442,-1
4334,293,823,1
4335,36,1645,-1
4336,86,1095,-1
4337,121,1114,-1
4338,307,360,1
4339,581,1629,-1
4340,687,1745,1
4341,535,1396,1
4342,826,175,-1
4343,595,487,-1
4344,584,26,-1
4345,125,1785,-1
4346,531,1089,-1
4347,412,558,-1
4348,297,847,1
4349,286,225,-1
4350,266,1545,-1
4351,150,289,1
4352,734,1817,1
4353,232,683,1
4354,651,1615,1
4355,708,1390,-1
4356,283,791,1
4357,498,1008,-1
4358,810,1999,1
4359,162,496,1
4360,220,1027,-1
4361,146,399,1
4362,252,1325,-1
4363,69,181,1
4364,806,1964,-1
4365,688,1742,1
4366,201,598,1
4367,274,426,-1
4368,756,1868,1
4369,712,1614,-1
4370,734,1807,1
4371,4,20,1
4372,837,2019,1
4373,839,2025,1
4374,109,323,1
4375,834,994,-1
4376,282,275,-1
4377,686,1740,1
4378,302,1935,-1
4379,651,1630,1
4380,808,1988,1
4381,194,1124,-1
4382,346,1961,-1
4383,153,480,1
4384,199,595,1
4385,756,943,-1
4386,36,221,-1
4387,650,1612,1
4388,61,151,1
4389,309,793,1
4390,772,1999,-1
4391,651,821,-1
4392,93,267,1
4393,38,96,1
4394,533,1483,-1
4395,676,1537,-1
4396,666,1669,1
4397,579,1472,1
4398,363,1032,1
4399,310,510,-1
4400,242,702,1
4401,421,1688,-1
4402,282,2012,-1
4403,666,1668,1
4404,150,452,1
4405,745,690,-1
4406,666,1665,1
4407,686,1736,1
4408,473,1274,1
4409,451,1168,1
4410,493,1299,1
4411,88,241,1
4412,674,1668,-1
4413,732,549,-1
4414,611,1570,1
4415,536,1505,-1
4416,471,1242,1
4417,220,636,1
4418,689,968,-1
4419,356,396,-1
4420,672,1979,-1
4421,61,154,1
4422,263,1141,-1
4423,761,1166,-1
4424,472,1235,1
4425,405,1111,1
4426,32,786,-1
4427,355,1011,1
4428,600,1533,1
4429,472,37,1
4430,706,1780,1
4431,230,1152,-1
4432,88,1746,-1
4433,172,3,-1
4434,417,868,-1
4435,1,15,1
4436,525,34,-1
4437,221,421,-1
4438,484,1287,1
4439,680,1713,1
4440,354,837,-1
4441,596,1081,1
4442,154,488,1
4443,674,589,-1
4444,699,2015,-1
4445,404,1319,-1
4446,530,1391,1
4447,383,1060,1
4448,174,533,1
4449,17,1703,-1
4450,139,424,1
4451,241,715,1
4452,111,268,-1
4453,576,316,-1
4454,473,1266,1
4455,581,1292,-1
4456,25,624,-1
4457,97,1984,-1
4458,350,996,1
4459,389,1073,1
4460,691,747,1
4461,779,38,-1
4462,550,1437,1
4463,254,736,1
4464,391,788,-1
4465,615,381,-1
4466,190,553,1
4467,585,40,-1
4468,89,250,1
4469,810,273,-1
4470,674,708,-1
4471,214,2014,-1
4472,441,1156,1
4473,110,1175,-1
4474,439,547,-1
4475,183,1822,-1
4476,57,143,1
4477,17,642,-1
4478,292,513,-1
4479,314,878,1
4480,234,1613,-1
4481,84,233,1
